K,fpc,fuzzy_silhouette,silhouette,davies_bouldin,calinski_harabasz,hard_cluster_count,cluster_utilization
2,0.5915668086176682,0.03543860435113637,0.06835872055403967,3.2521026654396845,10.533123311445253,2,1.0
3,0.5628799587265051,0.061033344860209414,0.0886962603078577,2.629108968939233,11.919458691344234,3,1.0
4,0.5965380059348772,0.08619544893399463,0.11011662101329449,2.2893743686508206,12.03187039409358,4,1.0
5,0.6372996407000776,0.1052814464713609,0.123901606808265,1.9529979002897804,12.614915328252039,5,1.0
6,0.6600331601291591,0.11348295139326876,0.13517282713102133,1.903924846677931,12.717839211666721,6,1.0
7,0.6923972944358319,0.13330836402156102,0.14845030022216618,1.710437834351286,13.14696378536282,7,1.0
8,0.7048739993310578,0.13826941035579843,0.1559328721256335,1.580510436323546,12.903203317617992,8,1.0
9,0.7324450708217304,0.14866662944964879,0.1645563724750403,1.499924171734177,13.004853739367832,9,1.0
10,0.7488295048911048,0.1595413038235257,0.17415416935547742,1.41813713203765,12.880981724757909,10,1.0
11,0.7702323530968885,0.169291113244601,0.1831133573087652,1.3828835121474594,12.96272543883327,11,1.0
12,0.7722305955409431,0.1695513631356151,0.18623734107497678,1.3332352438723338,12.795583817225909,12,1.0
13,0.7767466420504946,0.1707959060068578,0.18804935411373586,1.3681254622190975,12.538629829308073,13,1.0
14,0.787988373076889,0.18043236653062478,0.19809403174061052,1.3501999765180361,12.267078566993607,14,1.0
15,0.7907334092139912,0.1826655476746182,0.20058958881430797,1.344340999868551,11.995152816854723,15,1.0
16,0.7954880087090814,0.19267438029566689,0.20761569293437332,1.3574739976018106,11.771137906112719,16,1.0
17,0.8166341535247205,0.19646308797215725,0.2104000790375365,1.2920393036117301,11.710695815549633,17,1.0
18,0.8233375228219684,0.20203915626170768,0.21309107780752445,1.2520757482954012,11.398130886273997,18,1.0
19,0.8268313539565169,0.20785016407115597,0.22450547977675672,1.2512816686343247,11.317602155479289,19,1.0
20,0.8319468687914624,0.21589444295979965,0.2334140449737057,1.2269135143700605,11.11458089296499,20,1.0
21,0.8316381064757616,0.2064794086289899,0.22552515872660517,1.2679773795429752,10.840358199311506,21,1.0
22,0.8508364363989009,0.21766499086352442,0.22916677089530582,1.2090381458047472,10.817033806593923,22,1.0
23,0.8559288330986506,0.23473906154188667,0.2526208344003332,1.153842581795775,10.699885924224832,23,1.0
24,0.8545778433116863,0.2285720632048181,0.24575515285713104,1.2194905395881923,10.411898054978602,24,1.0
25,0.8633324725807572,0.24034634594048174,0.25758939009160714,1.1540025450996705,10.397610018945755,25,1.0
26,0.8754895453267458,0.23934033277409564,0.25335798464631754,1.1760579322279632,10.247284365984262,26,1.0
27,0.8730559207588326,0.23272134218112941,0.24629992841803564,1.202440464863639,10.173676475874492,27,1.0
28,0.8782828774141845,0.22785677606745458,0.2444701296885686,1.162455961512531,10.071459406284696,28,1.0
29,0.889904574916656,0.22821831443118473,0.24192633160680002,1.1116214983846355,10.007353777363907,29,1.0
30,0.8880569144654432,0.2202298051516085,0.23776669358992894,1.14586023899391,9.842750515473165,30,1.0
31,0.895054860440266,0.22059456119734044,0.23278209478818013,1.1509177407058169,9.803055849799442,31,1.0
32,0.9019698673009795,0.23704492651350204,0.2520212649906861,1.1198207965255806,9.72723360241423,32,1.0
33,0.9034218610892126,0.24785630934444827,0.2623197367346597,1.0755766785202738,9.577607896835602,33,1.0
34,0.9087287377524425,0.2341535653072711,0.2551493608316564,1.043987314104857,9.513121310241349,34,1.0
35,0.9101508591134437,0.23002044459353085,0.2482776568739158,1.0634184727643763,9.447911928038753,35,1.0
36,0.9164678646798701,0.19004323814634627,0.19540218903906512,1.0633516041973565,9.30251250246886,36,1.0
37,0.9170678345339884,0.19173219661169066,0.2059516346319591,1.0317308113996644,9.329943949443647,37,1.0
38,0.9282576561189653,0.23872222746883603,0.25565432653024395,1.0274887966956319,9.343840910781173,38,1.0
