threshold,K,cluster,intelligence_id,membership
0.4,33,Cluster_1,MAN_01_00138,0.9785046946926347
0.4,33,Cluster_1,MAN_02_0bce5,0.9983795265355287
0.4,33,Cluster_1,MAN_08_678a7,0.9985071113668343
0.4,33,Cluster_1,MAN_09_678b1,0.9030206620228722
0.4,33,Cluster_1,MAN_12_da3b4,0.9587522922418649
0.4,33,Cluster_2,ENV_16_f8183,0.9929496280644713
0.4,33,Cluster_2,SMA_02_1b70d,0.9952817517255188
0.4,33,Cluster_3,AGR_04_4248c,0.9828703013286278
0.4,33,Cluster_3,AGR_08_8dbee,0.988891813996511
0.4,33,Cluster_3,AGR_09_8dd61,0.9972632048486343
0.4,33,Cluster_4,DIS_10_9a1d5,0.996342086434458
0.4,33,Cluster_4,ENV_08_6c0c3,0.964719726215687
0.4,33,Cluster_4,TRA_02_12fb4,0.8623897668374735
0.4,33,Cluster_5,ENE_01_0ce22,0.9725226123614554
0.4,33,Cluster_5,ENE_05_47c10,0.9992607839283104
0.4,33,Cluster_5,ENE_10_a6418,0.998275468800713
0.4,33,Cluster_5,ENE_13_d269b,0.9938065914510373
0.4,33,Cluster_6,DIS_01_0c5e4,0.9750578452375096
0.4,33,Cluster_6,DIS_03_28e55,0.9997337642567987
0.4,33,Cluster_6,DIS_08_71203,0.9998606412640492
0.4,33,Cluster_6,DIS_09_891e7,0.9222427217247908
0.4,33,Cluster_7,HEA_03_12168,0.9923304827587764
0.4,33,Cluster_7,HEA_04_19bb1,0.9817255947315159
0.4,33,Cluster_7,HEA_14_eb0b8,0.9999819315606593
0.4,33,Cluster_8,AGR_01_06825,0.996176369240808
0.4,33,Cluster_8,AGR_02_225ce,0.9991399483277386
0.4,33,Cluster_8,AGR_06_86d5e,0.9849245707643512
0.4,33,Cluster_8,AGR_10_9781f,0.9760797170978679
0.4,33,Cluster_8,AGR_14_f501a,0.9936567700134246
0.4,33,Cluster_9,TRA_03_21d93,0.992252549902182
0.4,33,Cluster_9,TRA_04_2ad9e,0.9992644863335817
0.4,33,Cluster_9,TRA_08_6d02c,0.9095344576397641
0.4,33,Cluster_9,TRA_16_aad47,0.8861095432739055
0.4,33,Cluster_10,SMA_04_28b4e,0.9015080764585401
0.4,33,Cluster_10,SMA_06_2df5b,0.7200076718418745
0.4,33,Cluster_10,SMA_07_57127,0.9774886797476894
0.4,33,Cluster_10,SMA_11_a504b,0.989026965761693
0.4,33,Cluster_10,SMA_13_c9088,0.8760788100705024
0.4,33,Cluster_11,HEA_07_7822c,0.9975981623734628
0.4,33,Cluster_11,HEA_12_cb742,0.996586505322573
0.4,33,Cluster_12,DIS_02_24fa8,0.9809260043387854
0.4,33,Cluster_12,DIS_05_4c0e5,0.9780227200168955
0.4,33,Cluster_12,DIS_06_605ba,0.8701313444094817
0.4,33,Cluster_12,TRA_15_a15d9,0.9598475479524323
0.4,33,Cluster_13,ENV_05_4e2b7,0.9253974772660909
0.4,33,Cluster_13,ENV_10_8f360,0.7901643417031089
0.4,33,Cluster_13,ENV_13_e223a,0.9769320612322746
0.4,33,Cluster_13,ENV_14_e4670,0.903198766497691
0.4,33,Cluster_13,TRA_01_10265,0.9846604192128555
0.4,33,Cluster_14,ENV_06_5bd1c,0.9843774716157145
0.4,33,Cluster_14,ENV_07_6070a,0.9880245884375582
0.4,33,Cluster_14,ENV_11_97928,0.9982485678514671
0.4,33,Cluster_15,ENE_02_24d51,0.9935329951411493
0.4,33,Cluster_15,ENE_08_76dd7,0.8097627241821915
0.4,33,Cluster_15,ENE_09_82f47,0.5214760601284456
0.4,33,Cluster_15,ENE_12_bf662,0.9933376116203625
0.4,33,Cluster_15,ENE_14_dc481,0.9924817572015776
0.4,33,Cluster_15,MAN_03_368c1,0.9711424487971162
0.4,33,Cluster_15,SMA_14_cdb07,0.9720784399265091
0.4,33,Cluster_16,DIS_07_67eb1,0.8788205594294719
0.4,33,Cluster_16,DIS_11_b2825,0.999544889734305
0.4,33,Cluster_16,SMA_01_0592f,0.9756379762660753
0.4,33,Cluster_16,TRA_07_669a5,0.8897087313028552
0.4,33,Cluster_17,DIS_04_3296a,0.983536010635867
0.4,33,Cluster_17,MAN_10_b0685,0.9995042234136297
0.4,33,Cluster_17,MAN_11_d7e72,0.9994153085006618
0.4,33,Cluster_17,TRA_09_74397,0.9905548440503547
0.4,33,Cluster_18,AGR_03_3834d,0.9810655792077938
0.4,33,Cluster_18,ENV_03_2f819,0.9630217102827667
0.4,33,Cluster_18,HEA_01_07f11,0.6212012309411081
0.4,33,Cluster_18,MAN_07_5faab,0.9692120091681401
0.4,33,Cluster_19,HEA_10_95108,0.9372697797739563
0.4,33,Cluster_19,SMA_05_29f8e,0.999690236885062
0.4,33,Cluster_19,SMA_09_87975,0.9805911551258181
0.4,33,Cluster_20,AGR_07_8b7c5,0.9770555783419335
0.4,33,Cluster_20,AGR_11_a8ba8,0.9993106994497671
0.4,33,Cluster_20,AGR_13_d7fa3,0.8059049001170793
0.4,33,Cluster_20,AGR_15_fe6d3,0.9677523077726388
0.4,33,Cluster_21,AGR_12_c170b,0.9800497073437566
0.4,33,Cluster_21,HEA_05_65dc0,0.9915523335666044
0.4,33,Cluster_21,HEA_11_a46bf,0.9761028231640538
0.4,33,Cluster_22,SMA_03_20b1e,0.9999999999999221
0.4,33,Cluster_23,MAN_05_5144b,0.9703640680649146
0.4,33,Cluster_23,TRA_05_4f9a6,0.9882382893094044
0.4,33,Cluster_23,TRA_11_7d8bf,0.9472411033326823
0.4,33,Cluster_24,AGR_05_7d386,0.9999999999995932
0.4,33,Cluster_25,ENE_04_3143a,0.9974285705958571
0.4,33,Cluster_25,ENE_07_6b773,0.9963544914656882
0.4,33,Cluster_25,ENE_11_b6eb2,0.9125082255924307
0.4,33,Cluster_26,ENV_04_46549,0.9998246098315641
0.4,33,Cluster_26,ENV_15_f1429,0.9997189338081418
0.4,33,Cluster_27,HEA_06_6bf25,0.9770791137190179
0.4,33,Cluster_27,HEA_08_7c732,0.7761347571472346
0.4,33,Cluster_27,HEA_09_8b6f3,0.9875622484305898
0.4,33,Cluster_27,HEA_13_e6d1e,0.9506288117613098
0.4,33,Cluster_28,DIS_12_daad3,0.9637506156919279
0.4,33,Cluster_28,ENE_06_68cc5,0.994850651647421
0.4,33,Cluster_28,SMA_12_c6e00,0.942041179425923
0.4,33,Cluster_29,ENV_01_0cfd4,0.9994194497612211
0.4,33,Cluster_29,SMA_08_6d7ad,0.9514840911207813
0.4,33,Cluster_29,SMA_10_8b8dc,0.9996370903359751
0.4,33,Cluster_30,ENE_03_31059,0.721401468642517
0.4,33,Cluster_30,ENE_15_f6fae,0.9358725567656596
0.4,33,Cluster_30,MAN_04_38948,0.8842102767514629
0.4,33,Cluster_30,MAN_06_5a689,0.9827966667249086
0.4,33,Cluster_31,TRA_06_50971,0.8950763672754384
0.4,33,Cluster_31,TRA_10_785d6,0.989584597010395
0.4,33,Cluster_31,TRA_13_99007,0.8773217560118627
0.4,33,Cluster_31,TRA_14_9c743,0.906500876990885
0.4,33,Cluster_31,TRA_17_b751a,0.9988869927254087
0.4,33,Cluster_32,DIS_13_f7310,0.9928502191727392
0.4,33,Cluster_32,ENV_12_d933a,0.9963936479005737
0.4,33,Cluster_33,ENV_02_0f9b0,0.9871392147039302
0.4,33,Cluster_33,ENV_09_80007,0.9882191151447355
