threshold,K,actual_clusters,hard_cluster_count,cluster_utilization,threshold_items,fpc,fuzzy_silhouette,silhouette,davies_bouldin,calinski_harabasz
0.4,2,2,2,1.0,116,0.5915668086176682,0.03543860435113637,0.06835872055403967,3.2521026654396845,10.533123311445253
0.4,3,3,3,1.0,111,0.5728792189249504,0.06596391346390622,0.09652522465267688,2.5442199573893074,12.405813162439811
0.4,4,4,4,1.0,100,0.6472459336385045,0.1153148705758119,0.14368929444368944,1.9813453256364892,13.832078154335091
0.4,5,5,5,1.0,101,0.6954046551874618,0.13781994350819077,0.1621457788297404,1.7226175614465518,14.346940379126606
0.4,6,6,6,1.0,101,0.7240177095571063,0.14781583759840183,0.16854605705707487,1.6095425071807323,14.57950356785801
0.4,7,7,7,1.0,106,0.7370626049314569,0.15819968407940996,0.17717441598838027,1.5477403632475502,14.330556371122029
0.4,8,8,8,1.0,109,0.7378317537720653,0.15773141170888152,0.17644207035005902,1.495893210749175,13.912612190285468
0.4,9,9,9,1.0,108,0.7703672603130793,0.169031482530797,0.18394199368926148,1.3935967432602403,13.813601923275566
0.4,10,10,10,1.0,111,0.7738017942733629,0.17458944547219807,0.19069275256908857,1.366971683536169,13.515158084549482
0.4,11,11,11,1.0,111,0.7955847405431258,0.18508882297839552,0.2001667665874052,1.3246393778316208,13.548015210711942
0.4,12,12,12,1.0,115,0.7772266709772719,0.17199220783033864,0.1871800937554963,1.3185823552112252,12.884608326520928
0.4,13,13,13,1.0,115,0.7819860671518556,0.17338560420360208,0.18906669880248836,1.3569719500225792,12.636370563774745
0.4,14,14,14,1.0,113,0.8034750831352284,0.18976119068899797,0.20555072898583848,1.3066472211668096,12.52294870714958
0.4,15,15,15,1.0,111,0.8177992747494911,0.19788913034814332,0.2101781012928453,1.2766008663152695,12.50828000465868
0.4,16,16,16,1.0,111,0.822050808831363,0.209444143034458,0.22095281251043172,1.2937720285374272,12.281040422856563
0.4,17,17,17,1.0,114,0.8276045888269069,0.2038524692763989,0.21512555409023162,1.2594383303409957,11.949650996935032
0.4,18,18,18,1.0,114,0.8345659037662435,0.21088489316412423,0.22111443312397203,1.222328117330124,11.563839077075121
0.4,19,19,19,1.0,113,0.8436828993668329,0.22303774896398,0.23771450816674553,1.2115794814316863,11.634471125470128
0.4,20,20,20,1.0,112,0.8549690368966024,0.23587212162087132,0.25071659899917853,1.1824663069331873,11.510418512142836
0.4,21,21,21,1.0,113,0.8491119446772891,0.22298063221771292,0.23964671685861338,1.2393353662095763,11.191061412520362
0.4,22,22,22,1.0,115,0.8571541794496627,0.2234649282886935,0.23489761536895118,1.1911719401252598,10.96954716343101
0.4,23,23,23,1.0,115,0.8622005836836162,0.24007190073397117,0.25738564276815773,1.1470860781159538,10.811234572516241
0.4,24,24,24,1.0,113,0.8737676866690348,0.2467955485142796,0.26378386669383513,1.1730014275434195,10.807963099320215
0.4,25,25,25,1.0,115,0.8697634301584866,0.24583025507555378,0.262415525029715,1.14350434375395,10.521018904019254
0.4,26,26,26,1.0,115,0.8822531222908601,0.24651186468425104,0.26023792997992895,1.1544504998283585,10.41294134500417
0.4,27,27,27,1.0,114,0.8857570576204645,0.24638796188102685,0.2617161881206442,1.1581005096324761,10.461437303981702
0.4,28,28,28,1.0,115,0.884590359923627,0.23375020805810695,0.2522039608138624,1.1458660131527947,10.182016802886787
0.4,29,29,29,1.0,116,0.8899045749166561,0.22821831443118476,0.24192633160680002,1.1116214983846355,10.007353777363907
0.4,30,30,30,1.0,113,0.9061058615540226,0.23242510691174514,0.25008767953844835,1.1142123614218198,10.069285485131786
0.4,31,31,31,1.0,115,0.9016704641710271,0.22721417104695235,0.24041429082738364,1.1353227416723266,9.933099863725364
0.4,32,32,32,1.0,115,0.9078689709924559,0.2388707183857694,0.25479977262788756,1.1133681885254871,9.761608833960032
0.4,33,33,33,1.0,114,0.9160395046068323,0.25812816306017505,0.27287292062219815,1.0522274397282187,9.76037677282111
0.4,34,34,34,1.0,115,0.9145917911999841,0.23578186497551504,0.2575529212833353,1.0359888158203872,9.531411886078171
0.4,35,35,35,1.0,115,0.9168328687215511,0.2386421394505034,0.25651922483487005,1.0491856856112112,9.60228754903319
0.4,36,36,36,1.0,115,0.9231829923799661,0.19844150458354334,0.20318397032319466,1.0495141722428905,9.460042843936174
0.4,37,37,37,1.0,115,0.9231849856781794,0.19340533129772422,0.20797464102254137,1.024974905712143,9.381371835440284
0.4,38,38,38,1.0,116,0.9282576561189655,0.23872222746883598,0.25565432653024395,1.0274887966956319,9.343840910781173
