"Domain Name,Intelligence Name,Intelligence Description,Context,Tags"
"Agriculture,Irrigation Requirement Analysis,Calculates exactly how much water crops need so farmers know when and how much to water.,Used in open farm fields to know when to turn on water pumps based on plant dryness., ""['irrigation', 'requirement', 'analysis']"""
"Agriculture,Soil Monitor,Soil moisture and nutrient level monitoring system for precision agriculture,Used in dirt around plant roots to check soil moisture and fertilizer levels in real time., ""['soil_monitoring', 'precision_farming', 'smart_irrigation']"""
"Agriculture,Pest Monitoring,Tracks harmful bugs in the fields to warn farmers before crops get damaged.,Used in crop fields to spot harmful bugs early before they destroy the harvest., ""['pest', 'monitoring', 'analyzed']"""
"Agriculture,Greenhouse Climate Control,Automatically manages indoor temperature humidity and airflow to keep greenhouse plants healthy.,Used inside glass greenhouses to control temperature fans and humidity for growing plants., ""['greenhouse', 'climate', 'control']"""
"Agriculture,Irrigation Leak Detection,Finds cracked pipes or broken water lines quickly to prevent water loss in farm fields.,Used along farm water pipes to catch leaks before fields flood or water gets wasted., ""['irrigation', 'leak', 'detection']"""
"Agriculture,Soil Moisture Analysis,Measures how wet or dry the soil is to prevent crops from overwatering or drying out.,Used in farm dirt to measure how wet the ground is so crops do not dry out., ""['soil', 'moisture', 'analysis']"""
"Agriculture,Autonomous Harvesting,Uses smart machines and robots to pick mature fruits and vegetables without human labor.,Used on robotic farm vehicles working in fields to pick ripe fruits and vegetables., ""['autonomous', 'harvesting', 'analyzed']"""
"Agriculture,Crop Disease Detection,Scans plants for signs of sickness or infections early so farmers can treat them in time.,Used on crop leaves in fields to catch infections early before plant sickness spreads., ""['crop', 'disease', 'detection']"""
"Agriculture,Crop Heat Stress Detection,Monitors if crops are getting too hot or dehydrated during extreme weather.,Used in outdoor fields during hot days to protect crops from overheating., ""['crop', 'heat', 'stress']"""
"Agriculture,Agri Edge Monitor,A general farm tracker that processes data right on local hardware to monitor overall field activity.,Used on local computer boxes placed on farms to track daily field conditions., ""['soil_analysis', 'precision_farming', 'sensor_network']"""
"Agriculture,Aerial Mapping,Takes photos of farm fields from drones or airplanes to give a full overhead view of crop growth.,Used on flying drones taking top-down photos of large farm fields., ""['aerial', 'mapping', 'analyzed']"""
"Agriculture,Livestock Health,Tracks farm animals' activity and temperature to detect sickness early.,Used on wearable collar sensors attached to farm animals to spot sick livestock early., ""['livestock', 'health', 'analyzed']"""
"Agriculture,Weed Identification,Dedicated agriculture intelligence focusing on weed and identification analysis.,Used along crop rows to spot unwanted weeds so farmers can clear them quickly., ""['weed', 'identification', 'analyzed']"""
"Agriculture,Soil Nutrient Analysis,Checks the levels of essential plant foods in the dirt to tell farmers which fertilizer to use.,Used in farm soil to check if plants need more fertilizer or plant food., ""['soil', 'nutrient', 'analysis']"""
"Agriculture,Yield Prediction,Estimates how much total crop harvest a farm will produce at the end of the season.,Used near harvest time to estimate how many crops the farm will produce., ""['yield', 'prediction', 'analyzed']"""
"Disaster Management,Landslide Vulnerability,Identifies hill slopes and mud areas at high risk of falling during heavy rainfall.,Used along steep hills and mud slopes to warn nearby communities before landslides happen., ""['landslide', 'vulnerability', 'analyzed']"""
"Disaster Management,Hurricane Path,Tracks the movement and direction of severe storms to predict where they will hit land.,Used near coastal regions to track incoming ocean storms and predict landfall locations., ""['hurricane', 'path', 'analyzed']"""
"Disaster Management,Disaster Early Warning,Sends instant alerts to local communities before dangerous natural events occur.,Used across emergency response networks to send quick disaster warnings to local residents., ""['early_warning', 'seismic_monitoring', 'weather_analysis']"""
"Disaster Management,Relief Supply Tracking,Monitors the location and movement of emergency food water and medicine sent to affected areas.,Used on delivery trucks and aid packages carrying emergency food water and medicine., ""['relief', 'supply', 'tracking']"""
"Disaster Management,Temperature Spike Detection,Spots sudden dangerous rises in heat that could trigger heatwaves or forest fires.,Used in dry forest areas to spot sudden heat rises that could trigger wildfires., ""['temperature', 'spike', 'detection']"""
"Disaster Management,Wildfire Tracking,Uses satellite and thermal imagery to monitor how fast and where forest fires are spreading.,Used via satellite images to track active forest fires and direct firefighting teams., ""['wildfire', 'tracking', 'analyzed']"""
"Disaster Management,Emergency Resource Allocation,Calculates where to send rescue teams ambulances and supplies first based on urgency.,Used at disaster response centers to dispatch rescue teams and ambulances where needed first., ""['emergency', 'resource', 'allocation']"""
"Disaster Management,Quake Sense,Detects small ground vibrations to identify active fault lines and measure shaking levels.,Used on underground ground sensors to measure shaking and map fault lines., ""['seismic', 'early_warning', 'urban']"""
"Disaster Management,Earthquake Warning,Provides a few seconds of advance warning when underground tremors start allowing people to take cover.,Used near seismic fault lines to give citizens seconds of advance warning to take cover., ""['earthquake', 'warning', 'analyzed']"""
"Disaster Management,Flood Prediction,Estimates rising river and water levels during heavy rains to warn communities before roads flood.,Used along river banks and city drains to warn communities before roads get flooded., ""['flood', 'prediction', 'analyzed']"""
"Disaster Management,Evacuation Optimization,Finds the fastest and safest routes for people to leave a dangerous area without getting stuck in traffic.,Used on emergency GPS maps to direct fleeing traffic away from dangerous disaster zones., ""['evacuation', 'optimization', 'analyzed']"""
"Disaster Management,Structural Integrity,Checks if damaged buildings bridges and dams are still safe to enter after a disaster.,Used on damaged bridges dams and buildings after disasters to check if they are safe., ""['structural', 'integrity', 'analyzed']"""
"Disaster Management,Tsunami Alert,Monitors deep-sea waves after ocean earthquakes to warn coastal towns of incoming giant waves.,Used along coastal shorelines to warn towns of giant waves following sea earthquakes., ""['tsunami', 'alert', 'analyzed']"""
"Energy,Energy Theft Detection,Spots illegal connections or tampered power lines where electricity is being stolen.,Used on street utility poles to spot illegal wire hookups stealing power., ""['energy', 'theft', 'detection']"""
"Energy,Smart Metering,Automatically tracks electricity usage in homes and businesses for accurate real-time billing.,Used outside homes and office buildings to measure daily power usage for billing., ""['smart', 'metering', 'analyzed']"""
"Energy,Substation Fault Detection,Monitors high-voltage power stations to find short circuits or equipment failures before blackouts happen.,Used inside high-voltage electrical stations to catch short circuits before blackouts occur., ""['substation', 'fault', 'detection']"""
"Energy,Hydroelectric Dam,Tracks water levels and dam turbine performance to generate steady safe water power.,Used at river dams to manage water flow and keep power turbines spinning safely., ""['hydroelectric', 'analyzed', 'under']"""
"Energy,Grid Voltage Stabilization,Balances electricity levels across the power grid so household appliances do not get damaged by sudden power surges.,Used across neighborhood power lines to prevent sudden voltage spikes that damage appliances., ""['grid', 'voltage', 'stabilization']"""
"Energy,Pipeline Leak Detection,Finds cracks or pressure drops in oil and gas pipes to stop hazardous leaks early.,Used along long oil and gas pipes to find cracks and stop dangerous fuel leaks., ""['pipeline', 'leak', 'detection']"""
"Energy,Wind Turbine Monitoring,Checks blade rotation wind speeds and mechanical wear to keep wind turbines spinning efficiently.,Used on wind turbines to track propeller speed and prevent engine damage., ""['wind', 'turbine', 'monitoring']"""
"Energy,Geothermal Output,Measures heat and steam flow from underground natural heat sources to generate clean energy.,Used near underground hot steam wells to measure natural earth heat energy production., ""['geothermal', 'output', 'analyzed']"""
"Energy,Battery Health Analysis,Tracks the lifespan charge levels and temperature of large energy storage batteries.,Used in large power storage banks to monitor battery temperature and prevent overheating., ""['battery', 'health', 'analysis']"""
"Energy,Energy Grid Monitor,Keeps an eye on the overall health and power flow across the entire electrical network.,Used across regional power networks to keep electricity flowing smoothly without blackouts., ""['smart_grid', 'real_time_monitoring', 'energy_optimization']"""
"Energy,Transformer Health,Monitors temperature and oil levels in power transformers to prevent overheating and explosions.,Used on local power pole transformers to check oil heat and prevent sudden explosions., ""['transformer', 'health', 'analyzed']"""
"Energy,Solar Generation Assessment,Measures sunlight levels and solar panel output to calculate how much electricity is being produced.,Used on rooftop solar panels to measure sunlight levels and total solar power production., ""['solar', 'generation', 'assessment']"""
"Energy,Load Demand Forecasting,Predicts how much electricity a city or region will need in the coming hours or days.,Used by electric utilities to predict how much power a city will need during peak hours., ""['load', 'demand', 'forecasting']"""
"Energy,Power Quality Analysis,Checks for electrical noise flickering or uneven currents to ensure power runs smoothly.,Used in factory electrical panels to keep power smooth without flickering or electrical noise., ""['power', 'quality', 'analysis']"""
"Environment,Indoor Air Quality Assessment,Measures pollutants inside home or office spaces to ensure air is safe and healthy to breathe.,Used inside home and office rooms to check if the air is safe and clean to breathe., ""['indoor', 'quality', 'assessment']"""
"Environment,Deforestation Detection,Uses satellite and aerial images to spot illegal tree cutting and forest loss.,Used over forest areas to spot illegal tree clearing and land damage from space., ""['deforestation', 'detection', 'analyzed']"""
"Environment,Water Quality Monitoring,Checks rivers lakes and reservoirs for harmful chemicals dirt or dangerous bacteria.,Used in rivers lakes and drinking reservoirs to test for chemical pollution and bacteria., ""['water', 'quality', 'monitoring']"""
"Environment,Noise Pollution Mapping,Creates color-coded maps showing loud areas caused by highway traffic construction or factories.,Used along city highways and busy streets to map loud noise areas., ""['noise', 'pollution', 'mapping']"""
"Environment,ENV Edge Agent V2,A compact field sensor unit that collects and processes local environmental data directly without relying on a remote server.,Used in remote nature parks and wild areas to monitor overall environmental health., ""['ecology', 'anomaly_detection', 'remote_sensing']"""
"Environment,Wildlife Tracking,Uses GPS collars camera traps or radio tags to monitor animal movement and preserve habitats.,Used on animal GPS collars and outdoor camera traps to track wild animals., ""['wildlife', 'tracking', 'analyzed']"""
"Environment,Heatwave Detection,Uses GPS collars camera traps or radio tags to monitor animal movement and preserve habitats.,Used across city and rural weather stations to sound warnings during extreme heatwaves., ""['heatwave', 'detection', 'analyzed']"""
"Environment,River Level Monitoring,Keeps tabs on river depth to provide early warnings for overflowing banks and flash floods.,Used under river bridges to monitor rising water levels and give flood warnings., ""['river', 'level', 'monitoring']"""
"Environment,Soil Contamination,Tests ground soil to locate toxic chemicals heavy metals or industrial waste hazards.,Used in dirt around industrial sites to test for toxic chemicals and heavy metals., ""['soil', 'contamination', 'analyzed']"""
"Environment,CO2 Threshold Detection,Monitors carbon dioxide levels in the air to sound alerts when safe limit thresholds are exceeded.,Used inside public buildings and factories to sound alarms when carbon dioxide gets too high., ""['threshold', 'detection', 'analyzed']"""
"Environment,Biodiversity Assessment,Evaluates the variety and total populations of plant and animal species within a nature reserve or ecosystem.,Used in nature reserves to count plant and animal populations and protect ecosystems., ""['biodiversity', 'assessment', 'analyzed']"""
"Environment,Ocean Plastic Monitoring,Scans ocean currents and coastlines to identify floating trash fields and plastic waste accumulation.,Used along ocean coastlines and beaches to track floating plastic trash fields., ""['ocean', 'plastic', 'monitoring']"""
"Environment,Air Quality Monitor,Tracks general outdoor air conditions by checking levels of dust smog and fine particulate matter.,Used on outdoor city street posts to measure dust smog and overall air pollution., ""['air_quality', 'real_time', 'environment']"""
"Environment,Air Pollution Tracking,Traces airborne smoke toxic gases and vehicle exhaust to identify major pollution sources.,Used near factory smokestacks and busy roads to identify major sources of dirty air., ""['pollution', 'tracking', 'analyzed']"""
"Environment,Noise Pollution Monitoring,Continuously measures decibel levels over time to ensure community noise rules are enforced.,Used near neighborhood boundary lines to enforce city quiet rules and track decibel levels., ""['noise', 'pollution', 'monitoring']"""
"Environment,Urban Heat Island,Identifies concrete-heavy city zones that retain heat and get significantly warmer than surrounding rural areas.,Used in concrete-heavy city centers to identify hot zones that trap extra sun heat., ""['urban', 'heat', 'island']"""
"Healthcare,Hand Hygiene Compliance,Tracks whether doctors nurses and hospital staff wash their hands properly to prevent infection spread.,Used at hospital sink stations to track if medical staff wash their hands properly., ""['hand', 'hygiene', 'compliance']"""
"Healthcare,Asthma Trigger Detection,Monitors air quality pollen levels and dust in the room to warn asthma patients before a breathing attack.,Used inside patient rooms to warn asthma sufferers when dust or pollen counts rise., ""['asthma', 'trigger', 'detection']"""
"Healthcare,Telemedicine Diagnostics,Processes patient health data remotely so doctors can diagnose illnesses during online consultations.,Used during video doctor visits to share patient health stats remotely., ""['telemedicine', 'diagnostics', 'analyzed']"""
"Healthcare,Vitals Monitoring,Continuously tracks heart rate blood pressure and oxygen levels to keep an eye on a patient's health.,Used beside hospital beds to constantly track patient heart rate blood pressure and oxygen., ""['vitals', 'monitoring', 'analyzed']"""
"Healthcare,Vital Signs Monitor Health,Checks if bedside patient monitors are working accurately and transmitting vital signs without errors.,Used on ICU medical monitors to verify that patient vital signs are recorded accurately., ""['ICU monitoring', 'vital signs', 'early warning']"""
"Healthcare,Sleep Apnea Detection,Tracks breathing patterns and oxygen levels during sleep to identify dangerous pauses in breathing.,Used in sleep clinic beds or home bedrooms to monitor breathing pauses during sleep., ""['sleep', 'apnea', 'detection']"""
"Healthcare,Medication Adherence,Reminds patients to take their medicine on time and tracks whether they follow their prescription schedule.,Used on smart pillboxes or home health apps to remind patients to take medicine on time., ""['medication', 'adherence', 'analyzed']"""
"Healthcare,Healthcare Monitor 1,A primary local device that gathers patient health stats and processes them right at the hospital bedside.,Used directly at bedside in hospital wards to collect baseline patient stats., ""['healthcare', 'monitor', 'analyzed']"""
"Healthcare,Patient Fall Detection,Uses motion sensors or cameras to alert nurses immediately if a patient slips or falls out of bed,Used in hospital rooms and senior care homes to alert nurses instantly if a patient falls., ""['patient', 'fall', 'detection']"""
"Healthcare,Bed Availability,Tracks empty and occupied hospital beds in real time so new patients can be admitted without delays.,Used at hospital front desks to track open beds and admit emergency patients faster., ""['availability', 'analyzed', 'under']"""
"Healthcare,Vital Signs Monitor,A dedicated sensor unit that measures baseline body metrics like temperature pulse and breathing rate.,Used in hospital intensive care units (ICU) to measure pulse temperature and breathing., ""['biomedical', 'realtime', 'criticalcare']"""
"Healthcare,Medical Equipment Tracking,Locates wheelchairs IV pumps and mobile monitors inside a hospital so staff can find them instantly.,Used inside hospital corridors to locate wheelchairs and IV pumps quickly., ""['medical', 'equipment', 'tracking']"""
"Healthcare,Healthcare Monitor 2,A backup or secondary edge unit that collects medical data in remote wards or home care setups.,Used in remote health clinics or home care settings as a backup patient monitoring unit., ""['healthcare', 'monitor', 'analyzed']"""
"Healthcare,Remote ECG Monitoring,Tracks a patient's heart rhythm continuously from home and sends alerts to a doctor if an irregular heartbeat occurs.,Used on wearable chest patches worn by patients at home to detect heart rhythm problems., ""['remote', 'monitoring', 'analyzed']"""
"Manufacturing,Packaging Automation,Controls and verifies high-speed sorting boxing and labeling of finished products before shipping.,Used on factory packing lines to speed up product boxing sorting and labeling., ""['packaging', 'automation', 'analyzed']"""
"Manufacturing,Smart Assembly Monitor,Tracks each step of the product assembly process to ensure parts are put together correctly.,Used along factory conveyor belts to guide robotic arms during product assembly., ""['assembly_line', 'predictive_maintenance', 'quality_inspection']"""
"Manufacturing,Energy Consumption,Monitors electricity water and fuel usage across factory machines to identify power waste.,Used on industrial factory machines to track electricity water and fuel waste., ""['energy', 'consumption', 'analyzed']"""
"Manufacturing,Predictive Maintenance,Analyzes machine vibration and temperature to predict equipment failure before a total breakdown.,Used on heavy factory motors to catch strange vibrations before machines break down., ""['predictive', 'maintenance', 'analyzed']"""
"Manufacturing,Defect Detection,Uses computer vision to scan products on conveyor belts for cracks scratches or missing components.,Used on factory assembly lines with cameras to spot damaged or scratched products., ""['defect', 'detection', 'analyzed']"""
"Manufacturing,Tool Wear Monitoring,Measures friction and wear on heavy cutting or drilling tools to signal when they need sharpening or replacement.,Used on heavy industrial drills and cutters to signal when blades need sharpening., ""['tool', 'wear', 'monitoring']"""
"Manufacturing,Worker Safety Monitoring,Detects whether factory workers are wearing required safety gear (helmets vests) and staying clear of dangerous machinery.,Used on factory floors to make sure workers wear hard hats and stay clear of dangerous zones., ""['worker', 'safety', 'monitoring']"""
"Manufacturing,Assembly Line Robotics,Coordinates industrial robotic arms for precise welding picking and placing parts on the factory floor.,Used on automated robot arms to weld and place parts accurately on assembly lines., ""['assembly', 'line', 'robotics']"""
"Manufacturing,Quality Control,Evaluates final product specifications against engineering standards to guarantee consistent output quality.,Used at factory inspection stations to verify finished goods match safety standards., ""['quality', 'control', 'analyzed']"""
"Manufacturing,Inventory Tracking,Keeps real-time counts of raw materials and finished goods stored across warehouse shelves.,Used on warehouse storage shelves to track raw materials and boxed inventory levels., ""['inventory', 'tracking', 'analyzed']"""
"Manufacturing,Supply Chain Visibility,Tracks incoming shipment arrivals and outgoing logistics to prevent production line stoppages.,Used across shipping docks and delivery trucks to prevent factory production delays., ""['supply', 'chain', 'visibility']"""
"Manufacturing,Smart MFG Sensor,An edge sensing device deployed on industrial machinery to gather real-time operational data.,Used directly on factory machines to gather live operational performance data., ""['predictive_maintenance', 'real_time_monitoring', 'fault_detection']"""
"Smart Building,Fire Alarm Analytics,Evaluates smoke heat and flame sensor signals to verify genuine fire threats and trigger emergency procedures.,Used inside smart buildings to evaluate smoke and heat sensors to prevent false alarms., ""['fire', 'alarm', 'analytics']"""
"Smart Building,Occupancy Estimation,Counts the number of people inside rooms or zones to optimize heating cooling and space usage.,Used above room doorways to count people inside offices for heating and lighting control., ""['occupancy', 'estimation', 'analyzed']"""
"Smart Building,Access Control,Verifies keycards biometrics or mobile passes to allow authorized personnel into secured building areas.,Used at building entrance doors to read keycards and block unauthorized visitors., ""['access', 'control', 'analyzed']"""
"Smart Building,Elevator Health,Monitors door cycles cable tension and motor vibrations to schedule elevator repairs before breakdowns.,Used inside elevator shafts to check cable wear and prevent elevator breakdowns., ""['elevator', 'health', 'analyzed']"""
"Smart Building,Space Utilization,Tracks how frequently desks meeting rooms and common floors are used to improve building layouts.,Used in corporate office floors to track how often desks and meeting rooms get used., ""['space', 'utilization', 'analyzed']"""
"Smart Building,Building Energy Optimizer,Adjusts heating cooling and power distribution across the facility to minimize energy bills.,Used in commercial office buildings to automatically lower heating and cooling bills., ""['energy_efficiency', 'IoT', 'real_time']"""
"Smart Building,Window Shade Automation,Raises or lowers blinds based on sun position and daylight levels to control glare and indoor temperature.,Used on office windows to raise or lower blinds depending on sun position., ""['window', 'shade', 'automation']"""
"Smart Building,Ventilation Efficiency Analysis,Measures airflow and fan performance within ductwork to ensure fresh air circulates with minimal energy loss.,Used inside air ducts to ensure clean air circulates with minimal energy loss., ""['ventilation', 'efficiency', 'analysis']"""
"Smart Building,Waste Bin Monitoring,Detects fill levels in trash and recycling receptacles so janitorial staff empty them only when full.,Used inside trash cans to notify janitor staff only when bins are full., ""['waste', 'monitoring', 'analyzed']"""
"Smart Building,Indoor Air Quality,Tracks CO2 humidity and volatile organic compounds (VOCs) to maintain a healthy indoor environment.,Used in office hallways to track carbon dioxide humidity and chemical odors., ""['indoor', 'quality', 'analyzed']"""
"Smart Building,Water Leak Detection,Finds pipe drips moisture accumulation or unexpected water flow to prevent structural water damage.,Used near building water pipes and basements to catch pipe drips before water damage occurs., ""['water', 'leak', 'detection']"""
"Smart Building,HVAC Predictive Maintenance,Monitors compressor pressure refrigerant levels and fan wear to fix heating and cooling units before they fail.,Used on roof heating and cooling units to repair AC compressors before they break., ""['hvac', 'predictive', 'maintenance']"""
"Smart Building,Lighting Optimization,Dims or switches off artificial lights in unoccupied rooms or when natural daylight is sufficient.,Used in building hallways to turn off lights automatically when rooms are empty., ""['lighting', 'optimization', 'analyzed']"""
"Transportation,Cabin Air Quality Assessment,Monitors carbon dioxide dust and temperature inside vehicles to keep drivers and passengers comfortable and alert.,Used inside car and bus cabins to monitor clean air and keep drivers alert., ""['cabin', 'quality', 'assessment']"""
"Transportation,Accident Risk Detection,Scans road conditions vehicle speeds and driver behavior to identify hazardous areas and prevent collisions.,Used along dangerous road curves and busy highways to detect collision risks., ""['accident', 'risk', 'detection']"""
"Transportation,Toll Collection,Uses license plate recognition or transponders to automatically charge toll fees without slowing down traffic.,Used at highway toll gantries to automatically scan license plates and collect toll fees., ""['toll', 'collection', 'analyzed']"""
"Transportation,Urban Traffic Flow Analyzer,Tracks vehicle density and movements across city roads to keep traffic moving smoothly.,Used at city road intersections to change traffic light timing and reduce traffic jams., ""['traffic_monitoring', 'real_time_analysis', 'edge_computing']"""
"Transportation,Railway Track Inspection,Scans train tracks for cracks misalignment or obstacles to prevent derailments and guarantee safe train travel.,Used on train track cars to scan rails for cracks and prevent train derailments., ""['railway', 'track', 'inspection']"""
"Transportation,Fleet Management,Tracks vehicle locations fuel usage and maintenance schedules across a company's delivery or service fleet.,Used on company delivery vans to track live vehicle locations and fuel efficiency., ""['fleet', 'management', 'analyzed']"""
"Transportation,Pedestrian Safety,Detects people walking near crosswalks or roadways to alert drivers and adjust traffic signals.,Used near street crosswalks to spot pedestrians and trigger warning lights for drivers., ""['pedestrian', 'safety', 'analyzed']"""
"Transportation,Public Transit Optimization,Adjusts bus and train arrival schedules based on passenger demand and real-time transit delays.,Used across city bus networks to adjust bus schedules based on passenger traffic., ""['public', 'transit', 'optimization']"""
"Transportation,Freight Tracking,Monitors cargo location temperature and container security throughout shipping and delivery.,Used inside shipping containers to monitor cargo position and temperature during transit., ""['freight', 'tracking', 'analyzed']"""
"Transportation,Vehicle Speed Analysis,Measures how fast vehicles travel on specific road segments to spot speeding hazards and enforce limits.,Used on highway traffic cameras to spot speeding cars and keep roads safe., ""['vehicle', 'speed', 'analysis']"""
"Transportation,Pothole Detection,Identifies road surface cracks and potholes using camera feeds or vehicle vibration sensors so repairs can be scheduled.,Used on road inspection vehicles to scan street asphalt for cracks and potholes., ""['pothole', 'detection', 'analyzed']"""
"Transportation,Parking Availability,Tracks open and occupied parking spots in garages or street spaces to guide drivers to empty stalls.,Used in city parking garages to display open parking spaces to drivers., ""['parking', 'availability', 'analyzed']"""
"Transportation,Emission Monitoring,Measures exhaust pollutants emitted by vehicles to enforce environmental rules and track urban air impacts.,Used near roadway checkpoints to measure car exhaust gases and air pollution., ""['emission', 'monitoring', 'analyzed']"""
"Transportation,Traffic Congestion Estimation,Calculates gridlock levels along key road links to estimate travel delays and suggest alternate routes.,Used on city navigation maps to calculate traffic gridlock and suggest alternate routes., ""['traffic', 'congestion', 'estimation']"""
"Transportation,Road Weather Conditions,Detects icy patches heavy rain or fog on highways to warn drivers and trigger salt or snow plow dispatch.,Used along highway stretches to detect icy roads and dispatch snow plows., ""['road', 'weather', 'conditions']"""
"Transportation,Trans Flow,A specialized edge sensor that monitors traffic throughput and vehicle counts at key transport junctions.,Used at central city traffic junctions to measure vehicle counts and smooth out traffic flow., ""['traffic_analysis', 'adaptive_signaling', 'edge_computing']"""
"Transportation,Urban Traffic Monitoring,Continuously gathers video and sensor data across city streets to give municipal operators a clear view of overall road network health.,Used in municipal traffic control rooms to monitor whole city road networks in real time., ""['urban', 'traffic', 'monitoring']"""
