,Cluster_1,Cluster_2,Cluster_3,Cluster_4,Cluster_5,Cluster_6,Cluster_7,Cluster_8,Cluster_9,Cluster_10,Cluster_11,Cluster_12,Cluster_13,Cluster_14,Cluster_15,Cluster_16,Cluster_17,Cluster_18,Cluster_19,Cluster_20,Cluster_21,Cluster_22,Cluster_23,Cluster_24,Cluster_25,Cluster_26,Cluster_27,Cluster_28,Cluster_29
AGR_01_06825,0.03447470604200588,0.03453724846291907,0.03449306777162212,0.03444469111906401,0.03450463614733279,0.03447527240030443,0.034608758624528856,0.03449326130858905,0.0344680747335031,0.034546439096247245,0.034468165981985745,0.03434016986861163,0.03440328482811842,0.03451209384722807,0.03438956271869536,0.03447595454697991,0.034449090026106625,0.03442667458099093,0.03461992028634565,0.03454471592378923,0.034547335876685,0.034463394344040124,0.034473687850438695,0.03437954653410101,0.03450644268801892,0.03453586105937776,0.034500884779181375,0.03445244040817929,0.03446461814500972
AGR_02_225ce,0.034475999747430854,0.03452427231641771,0.034486005806165836,0.03446002718323196,0.03451236278400864,0.034494985336262406,0.03459334490891992,0.034488289393103035,0.03446684014572809,0.03455325545609916,0.034476827745239226,0.034359263966674984,0.03442077105013811,0.034512683270266103,0.03441436481490693,0.03446595862236886,0.034457058847353186,0.03442214064355661,0.0345528873102249,0.03452986753117956,0.03451758875972841,0.034471462200900395,0.03447483507358234,0.03440093365522973,0.034505332255751246,0.03453496613060355,0.03450521126053523,0.034453565788127034,0.0344688979962661
AGR_03_3834d,0.034493861367445804,0.034425707886838915,0.03445203982683235,0.03454184156660188,0.03453911118106617,0.03457121779475573,0.034450650881562676,0.03446213424806597,0.03446558723284726,0.03456949186132525,0.03453824683264988,0.03450700880646566,0.03454690521782681,0.034509975113498695,0.034602824856921226,0.03442346319854773,0.034531222834783375,0.034415016070840326,0.03414249754325903,0.03442658134858377,0.03433016653221749,0.03451332255364778,0.03449606842119065,0.03456073553175645,0.034483379730192,0.03450076996422043,0.034523878981109486,0.03447660245679293,0.03449969015815422
AGR_04_4248c,0.03447069584978248,0.0346205097875626,0.034516863814081256,0.03440016815577759,0.03450903458681237,0.03445458468695437,0.034726398061498784,0.0345049499549475,0.03446227049711826,0.03454207620483426,0.03441488177217819,0.03420126033912335,0.034302308438193575,0.0345249879651495,0.03420033655612225,0.03449942195907243,0.03436330724471941,0.03441867426069148,0.034962611188768054,0.034633009395240076,0.03469281125127127,0.03444509777023696,0.0344424031844266,0.034232598932799486,0.03452860353231303,0.0345808097350056,0.034492851057805245,0.034416144331289505,0.03444032948622443
AGR_05_7d386,0.03448712857453838,0.034532779003802215,0.034493650129152814,0.034448512644940615,0.03451073454084364,0.03447267945973788,0.03459326139420782,0.03448669962478458,0.03446401811447634,0.03453653247949005,0.03446499006203815,0.034352035926305896,0.03441065042008739,0.034514115633132725,0.03438453414876862,0.034481038274754,0.034446245464702596,0.03443016768054089,0.03461779875919004,0.0345377313804521,0.03454930595884406,0.03446322245899654,0.03447206722978583,0.034391319858117025,0.03450476916510705,0.03453406108507278,0.03450039749771933,0.034452473810408855,0.03446707922000194
AGR_06_86d5e,0.03445933594808731,0.03454099658684622,0.034493439243094455,0.03443970472168699,0.03450883215536018,0.03448431398500877,0.03461730859195103,0.03450473388962067,0.034469502275910086,0.034533036999752416,0.03446040824344379,0.03434473810241496,0.03439974108616449,0.034511473383089034,0.03436797470038445,0.03447507893479318,0.03443382606295877,0.03443018399120842,0.034670600749185314,0.0345473802374754,0.0345545683398942,0.03446706606649175,0.03446846790124708,0.034357119835556754,0.03451267729829744,0.03454087293195195,0.034504827867923735,0.03444155306193276,0.03446023680826842
AGR_07_8b7c5,0.03455723962770017,0.034565065585573644,0.034508805316312494,0.03443511687954083,0.03448599909192508,0.034393353315021774,0.034597689394654074,0.03444192116566415,0.03445345219944153,0.03452832030619132,0.034441098283445944,0.034312601748307955,0.03437481545629013,0.03450836472736028,0.03434377082590753,0.03452544544029444,0.0344466621349071,0.034449600958261835,0.034663285722793945,0.034562367214048206,0.03464370175049182,0.034427625196044385,0.03447141034303782,0.03442442327786322,0.034492109000360364,0.03452440496117662,0.03446379902718029,0.03448545540253099,0.03447209564767215
AGR_08_8dbee,0.03448555084668605,0.03457313172339138,0.034501173533558104,0.0344303106362751,0.03451627859707834,0.034470338922162926,0.03466824232969628,0.03448856331057338,0.03445881644516542,0.03457100182600338,0.0344518059326075,0.03426099283637478,0.03435757243790696,0.034527431959984964,0.03431551292706273,0.03447967427483056,0.03442019004353657,0.03440587052106661,0.034719448400416096,0.034582977486129894,0.034600282923348664,0.03445299640867329,0.034461566441379515,0.034324720800945056,0.03451589939017007,0.03456278102332639,0.034503092866657044,0.03443764851462809,0.03445612664036486
AGR_09_8dd61,0.034443647560093785,0.03452547980139485,0.03448640324330236,0.034451308675765846,0.03450710931106101,0.034504936379918694,0.034596101838167165,0.03451158112924,0.034475349784376705,0.03452757549395577,0.034469134256624914,0.03438053650630779,0.034421277232759555,0.03450610708909063,0.03439968051263289,0.03446463115277452,0.034443821380881534,0.034437188525858364,0.0346176983876725,0.03453016742084899,0.03452062034480241,0.034477675722362607,0.03447041406159325,0.034372735585089166,0.03451123398798856,0.034532539791809785,0.03450890401942202,0.034443473844771214,0.034462666959433
AGR_10_9781f,0.03449312262627624,0.03449246585050051,0.03447897251518013,0.03447763223765866,0.03450500209487328,0.03448689260511626,0.03453584641721573,0.03447382911852721,0.03446761406198014,0.03454559671226882,0.03449419225201712,0.03441883590046808,0.03446098133838448,0.034503980936357655,0.03448857497891945,0.034466848346979426,0.034492571762569355,0.0344330719470958,0.03441884075277117,0.03449392700524646,0.03447398380724958,0.03447332524767088,0.03448848464095456,0.03447440966128086,0.0344924507562324,0.03451138918323057,0.03449985699130132,0.0344760325467759,0.034481267704897914
AGR_11_a8ba8,0.03450896184901318,0.03450646614639222,0.03448912521314739,0.03446467727592437,0.03448184099070584,0.03444502886307619,0.03452320151482557,0.034466474682338634,0.03447139172863951,0.03450493804749609,0.034473063318125705,0.034433433407287196,0.03444921704754447,0.03449040539780345,0.03445778084087441,0.03449609025502881,0.034483412759629066,0.03446832884134652,0.03449995942013189,0.034502129899941454,0.034529019061164505,0.034458816459405656,0.03448499004065506,0.03448102955084858,0.03448621704983206,0.03449534092381863,0.03447693433498878,0.0344905850453566,0.03448114003465824
AGR_12_c170b,0.03444698212858053,0.03449628012892803,0.03447940797422303,0.03448095610533361,0.03451221433620598,0.03454074940922628,0.0345538169623797,0.034507041050929256,0.03448273270987141,0.034553169445264514,0.034499581136670864,0.03439122885919842,0.0344571944171996,0.03450880100350724,0.03445523201445343,0.03444407213447329,0.034467921311388705,0.03442730879726299,0.03450435127092764,0.03451611405757051,0.034448281649996255,0.03450071227865929,0.03447664920243792,0.03439876355966402,0.03449692047882449,0.03452145082746212,0.03451499617497776,0.034446180545640734,0.034470890028742304
AGR_13_d7fa3,0.03450097432240153,0.03450125949811149,0.03448085222664109,0.0344757090685279,0.03450927678222102,0.03448465362673974,0.03454794163680653,0.03446907743624322,0.03446366216564504,0.034551701829844995,0.034489185293397215,0.034399328242679064,0.034450429557452485,0.0345085115002649,0.03446854956555803,0.03446913955456104,0.034485115345761964,0.03442797410330152,0.034440592275874884,0.034502757913747684,0.034489011965044475,0.03447022829987909,0.03448465867934094,0.03446489787599833,0.03449398117219102,0.03451795647660173,0.03449964106139309,0.03447318770263626,0.03447974482113369
AGR_14_f501a,0.03448730538229165,0.03452312720476764,0.034489686512094136,0.034454621205053014,0.03449923885874648,0.034469288915767116,0.03458046702267063,0.03448233129454127,0.03446831193314608,0.03454435325534476,0.03447620974729671,0.03436781830359595,0.03442181678413138,0.034507046450318005,0.03442598493941236,0.03447754208382546,0.034467722018685205,0.03443321119052349,0.03454922273720298,0.034528139568428456,0.034528676229026396,0.03446295013609862,0.034480028281962075,0.034419696960262786,0.03449872071960922,0.034523308599310853,0.0344955490481476,0.034466249893147935,0.034471374724591775
AGR_15_fe6d3,0.034495116719364484,0.034526127530938866,0.03449363576397419,0.034451521289321836,0.03448356630427556,0.034447075347196675,0.03456177265987467,0.03447809018743901,0.034471571437454385,0.0345156718665007,0.03446550781706405,0.03439311207154363,0.03442264764087846,0.03449689693758555,0.03442013327487389,0.03449395364309401,0.034467683089933636,0.03445941567875159,0.034571003363907865,0.0345244041101462,0.0345530695654461,0.03445583711675469,0.03447900522239528,0.03443529459221274,0.034494407890112724,0.03450916158931154,0.034482123661532436,0.03447889666417366,0.034473296963941684
DIS_01_0c5e4,0.03445837377349983,0.03442820805529752,0.03447011586318692,0.03449988062522085,0.03447632852932922,0.03450143470286482,0.03442215046109968,0.034497279590538756,0.03449515107498247,0.034489964183811506,0.03452523911839614,0.03455626269761141,0.034543312555185175,0.03447374004323456,0.034608959323114655,0.03445993713317464,0.03453659012107793,0.03448008667001866,0.034299897348986835,0.034436008676143125,0.034376119606953026,0.03450083281541386,0.034508220129526465,0.03454369127217423,0.03447145428125253,0.034456949472788025,0.034494898665719954,0.034495432007756795,0.0344934812016404
DIS_02_24fa8,0.03443142022513067,0.03437894923103319,0.03445134142364544,0.0345312491059546,0.034483790073513286,0.03455149373643226,0.0343615299357983,0.03450795593645867,0.03450290610146219,0.034486809952471026,0.03455512629648727,0.03464266813725528,0.03460630847111296,0.034467218093186695,0.034704103107179834,0.03443105877950338,0.0345681582749506,0.03448192560424179,0.03413685072241486,0.034385678823856555,0.03427572598692525,0.034527499261694905,0.034518083773387075,0.034596155980642945,0.03446604953019763,0.03443940252784152,0.03451086515326263,0.03449734240655034,0.034502333347408785
DIS_03_28e55,0.03443467027271715,0.03440636890923939,0.0344610571325261,0.03451093695887335,0.03448698067660021,0.034535857656896325,0.03441362693018547,0.03451099889789829,0.03449891532988894,0.034510084284274614,0.03454720190533663,0.034571236107554665,0.034566349627362915,0.03447824801884509,0.034655065482991354,0.03443553627704468,0.034552335161691566,0.03446284543926856,0.0342212555210971,0.034419744104953874,0.034315729728540405,0.03451639786917248,0.03451497106477854,0.034547255820804194,0.03447288228125308,0.03445872068129306,0.03451250528015818,0.034487310981312115,0.03449491159744148
DIS_04_3296a,0.034488047106612754,0.034402611804277526,0.03445747390797945,0.03453206049494146,0.03448971039683101,0.034519979805813485,0.034388727135198846,0.034469746808040755,0.034485818407674,0.03452578745390925,0.0345503215771613,0.034575093575467265,0.034574917668738665,0.03448114970192128,0.034678692375828636,0.03444403239184966,0.034571572149159374,0.03446014120722562,0.034105794275649366,0.03440558446180713,0.0343185536351417,0.0345059740463941,0.03451793312280934,0.03461314085764318,0.034463595832272355,0.03445362397304232,0.03450088630245718,0.03451154457267413,0.03450748495147872
DIS_05_4c0e5,0.034391363280806456,0.03449442336039362,0.03448124979451527,0.03445721057975463,0.0344891977685093,0.0345322720910878,0.034548125202251714,0.034547382081716184,0.03449954163524783,0.03448959574942887,0.03448358532359899,0.03445683361495915,0.03446206288450581,0.03448711498579966,0.03445007715669539,0.034452574670304235,0.03445589511650981,0.034467906222676294,0.0346052990446543,0.03450599506433784,0.03446232004930875,0.03450157484916138,0.034476555873260525,0.03437342954514795,0.03450570228040225,0.03450580594492889,0.03451295834692608,0.034441459260273345,0.034462488222837685
DIS_06_605ba,0.03444158902310605,0.034316092644404876,0.03442621165497421,0.034581452469617385,0.0345006423081147,0.034595504072532514,0.03427284551519726,0.03448912849301481,0.034498133332574496,0.034491686631242975,0.03459004224377102,0.034752062378605626,0.03468799448218862,0.03446339288484402,0.03483124098783998,0.034405026700344045,0.03461728914670548,0.03447879731408529,0.0338632173354613,0.034312050247896284,0.03416158966852105,0.034549136865657235,0.03453191835831465,0.034710227646458584,0.03445523528302782,0.03441785398363142,0.03452311319755014,0.034514769150058536,0.034521755980259576
DIS_07_67eb1,0.03443965395119075,0.034309663235035044,0.03442925551378272,0.034586599976297525,0.03448318554810772,0.034592382769086376,0.03425789242657518,0.03449089465480808,0.034510247599679564,0.03449948475711465,0.03460448361782209,0.034748900859694884,0.034693630081291636,0.034456555216454514,0.03486000887469419,0.03440295657646242,0.034634760180691636,0.03448579990356941,0.03383097411478606,0.03431524953663417,0.034142013084802726,0.03455361799847559,0.034539229314758876,0.03471701338374087,0.034444863346044415,0.034403992481250936,0.0345147627866672,0.03452622058788375,0.03452570762259691
DIS_08_71203,0.03445030220541172,0.034411658692005555,0.03446315192546116,0.03451285522791676,0.03447803036170981,0.03452053226375417,0.034404710358994485,0.03449916537866674,0.03449825420835874,0.03449892640642245,0.03453975639023242,0.03457802690960471,0.03456341979565427,0.03447262767692222,0.03464865861814803,0.03444683836043563,0.034552243205532324,0.034476281638586924,0.034224474757760935,0.03442014217352838,0.03433635426440125,0.03450998861834952,0.03451320004707678,0.03456338016094758,0.03446888000104157,0.03445178353628427,0.03450062286326003,0.034498245840970096,0.03449748811256153
DIS_09_891e7,0.03443353470629152,0.034380898384787334,0.03444934301635135,0.03453485437548244,0.034499714468632155,0.03456926694026181,0.03438437873136682,0.03450604935428159,0.03449767841732759,0.03452402548521708,0.03456547966926788,0.03460115914569674,0.03459909013321056,0.03448059420975956,0.03470275046607809,0.03441675373650713,0.0345686256204245,0.03445247923467854,0.0341150159372155,0.03439549389517986,0.0342590140484598,0.03453177202603395,0.034518117955904114,0.034579808138000816,0.03446868700869001,0.03445526541981942,0.03452241300655671,0.03448683976570593,0.034500896702811104
DIS_10_9a1d5,0.03445526277088638,0.034365469329877406,0.03444648230846932,0.03454557490949085,0.034504648919257384,0.03456245074287544,0.03435132342817,0.034491141442747536,0.03449167526980006,0.03451633747803423,0.03456851961042674,0.03463340818258639,0.03461994097308006,0.0344808935148423,0.034726566190822115,0.034421614333495366,0.03458109465030137,0.034457291632575014,0.034051525551949374,0.03437447129429864,0.03424521082268965,0.03453004356942888,0.0345214252991452,0.03462342213079957,0.03446281451907817,0.03444628637101492,0.034520347944715854,0.034496570822511216,0.03450818598663062
DIS_11_b2825,0.03445314220301199,0.03436231987003091,0.03444884556455336,0.03455192153038563,0.034467951875261776,0.03454157345804699,0.03430693273764298,0.03448947686630165,0.03450726079133974,0.034463503401428175,0.034558255896901,0.0347008295959453,0.03463339532670095,0.03445354984732868,0.034743072893666946,0.03444103047074541,0.03458884237014619,0.03451217059917114,0.03404642009933911,0.03435959225425387,0.034262077422768815,0.03452742711804291,0.034521830410292775,0.03465926453206267,0.034453548815835434,0.034413610904674964,0.03449378839467915,0.03452391917369503,0.03451444557574643
DIS_12_daad3,0.03445330341219012,0.034483983277972426,0.034492987142149226,0.03445995260512091,0.03445989089446416,0.034459941781494835,0.034474923453921155,0.03451156297826687,0.034498841319298396,0.034439683232406086,0.034475436533476955,0.03450439889997221,0.03447958517523459,0.03446834205036478,0.034471358875560264,0.03449706936730296,0.034475235327601744,0.03451174623728136,0.03458382570054547,0.034488850112304605,0.03450061820568059,0.03448228140579805,0.03448709322514766,0.034453282131167856,0.03448290637782983,0.03446798290317902,0.03447583704409151,0.0344813414729998,0.03447773885717663
DIS_13_f7310,0.03447526904547001,0.034423691329856364,0.03446685894601648,0.03451176623845389,0.03449328346777067,0.03451586834748003,0.03442111435554828,0.0344848113437209,0.03448725648400453,0.03451218373065148,0.03453286504374992,0.03453832253684424,0.034548300828348824,0.034484138074965004,0.03461246477707744,0.03445190886839737,0.034537579814098,0.03446010094274663,0.03425724309365392,0.034434295456828495,0.03435991734245361,0.034505303003671536,0.034507796587356095,0.034551790821178235,0.03447050743853774,0.03446635898444759,0.03450156645264137,0.034490760694626796,0.03449667594940436
ENE_01_0ce22,0.03449625166729823,0.03466158905353217,0.034547382405856635,0.034349055352286426,0.03444689647213344,0.03433748659407642,0.034712196442744626,0.03450005382971563,0.0344732460232396,0.03444054214289459,0.03435968475589683,0.03421546257496391,0.03425978108271168,0.034492688215288,0.03411014101936255,0.0345746078517046,0.03433507942001234,0.0345017899918334,0.035246495858289276,0.03466739238559149,0.03484526416610399,0.03440454846564889,0.03443394360665299,0.03421803578332045,0.034513865967496525,0.034542450411684494,0.03443824276256251,0.03444329636507603,0.034432529332022246
ENE_02_24d51,0.03449382600429935,0.03468974646646808,0.03456468062773631,0.03431885093330585,0.03440760740603866,0.0342793652353766,0.03470772311715819,0.034508625643557146,0.03448483675335464,0.03436504010375819,0.03432146351111868,0.034231978287746774,0.03423225102382711,0.034467495353981345,0.034043903427335556,0.03461839006886173,0.034305727723086474,0.03455978309742482,0.03544511175073901,0.0346890583361625,0.03494103820971677,0.03438703032579901,0.034425818196246946,0.034191290514085336,0.03451161499191386,0.0345218874675627,0.03440629111617657,0.03445409042615782,0.034425473881003935
ENE_03_31059,0.03453645769348607,0.0346634272771292,0.0345572306869934,0.03434285219846895,0.03443462770621647,0.034289927047318314,0.03468733759372422,0.03447916987874256,0.03446946140987128,0.03442401530541141,0.034353587494591796,0.03421563735692238,0.03425765710497155,0.034488712840887864,0.0341066085380941,0.0346015733372353,0.03434265933235809,0.034516553958419495,0.035255646459613155,0.03466868584764778,0.03487849297325667,0.03438910836690369,0.03443969773312935,0.03424901866247406,0.0345025411664066,0.03452852140752478,0.034420159498694695,0.03446191908138973,0.034438712042116994
ENE_04_3143a,0.034466242512192956,0.03460362715276433,0.03453227180550901,0.03438103133504662,0.034445206272903206,0.03438096862163495,0.03463535133682754,0.03451759401721038,0.034489170656014166,0.034435744667952295,0.034399401003884195,0.034308670995926695,0.03433034930029377,0.034482707203802164,0.0342251725116923,0.034547724149494356,0.034379449199776924,0.03451068213331304,0.03505500710352807,0.034614139607478195,0.03472794574634033,0.03443471108675111,0.03445172466906303,0.03427626874132812,0.03450413005206246,0.03451516612397904,0.034452249469840254,0.03445250216921986,0.034444790354170536
ENE_05_47c10,0.03447474083181192,0.03463851062570727,0.03454504205620857,0.03435186613424157,0.03442884762671142,0.03433705347794295,0.03467224038679903,0.03451501216407684,0.0344874645259551,0.0344143772884571,0.03437066691443956,0.03427107410787444,0.03428843348949327,0.0344767643910572,0.034158360506435524,0.03457409197320243,0.03435337960848798,0.03452499116423175,0.035212553940667274,0.0346468859995339,0.03481144526545353,0.03441343852898412,0.03444362164781252,0.03424052148817596,0.034506691183733534,0.03451892016903323,0.034434362128119234,0.03445276411831359,0.034435878257039094
ENE_06_68cc5,0.03454471560455284,0.034616118581156353,0.03453366535335735,0.0343929797232812,0.03447654162793626,0.03436088764912677,0.03464792460725072,0.03446471380978121,0.03445869712546879,0.0344753765985036,0.03439443777564886,0.03425237115851897,0.034314669501056674,0.034506112489737645,0.03419851748991095,0.03455878209287343,0.03437666376973194,0.03447453216438176,0.034990129290876144,0.03461960319149809,0.03475944724606375,0.03441678454263323,0.034449343508045016,0.0343136001450735,0.034502900341064444,0.034538198117800824,0.03445008745499099,0.034458410483553636,0.03445378855612498
ENE_07_6b773,0.0345089290908378,0.03469800191985237,0.03456479720822409,0.03432962581252173,0.034428472900591416,0.034301057893257436,0.03472741145186275,0.03449839627845364,0.03447699138302864,0.03439753507817475,0.03432396293011954,0.03418892211727199,0.03422124306888274,0.03448413124173978,0.03401817937264287,0.034608194591443334,0.03429632365537906,0.03453612604762022,0.03543096021246058,0.03470127887385141,0.03493676975684691,0.034391338864386396,0.034418216483714056,0.034174793975639134,0.03451441223718211,0.03453999015110858,0.03441449179529308,0.03444369492913858,0.03442575067847486
ENE_08_76dd7,0.034477984282013985,0.034592385874900516,0.03452658678902171,0.03439407461277495,0.03444502649537409,0.034380931539723214,0.03460282742494678,0.03450577906140515,0.0344860616428461,0.03441157544534427,0.034394388422529086,0.03435748661535993,0.03435074728722954,0.034474504224230595,0.034241253098050387,0.03455418777130705,0.034382694166852676,0.034527810247613124,0.03500764062026346,0.03459113463591244,0.034724612173487726,0.034435722739625384,0.0344508894843388,0.03431692711245658,0.03450223939164515,0.03450514001842687,0.03444604336335924,0.034462641430652224,0.03445070402830894
ENE_09_82f47,0.03452549992592429,0.03469784296804412,0.03456219264192346,0.03433082998848277,0.03443374361879001,0.034295482764833456,0.034740755500912004,0.034484821884984,0.034469428820934817,0.034432119633474055,0.03433514943301337,0.03415911002800833,0.03421733056585825,0.034491937396766655,0.03403948548906743,0.03460224974690105,0.03431108093905819,0.03451162379961372,0.03537553009996357,0.03470490023966134,0.034927766209429556,0.03438559672169932,0.03442483903683465,0.03418881944959047,0.03451165790991156,0.034546941209287155,0.034417623725773804,0.03444786782252738,0.03442777242873146
ENE_10_a6418,0.03450027588252024,0.03466679708799709,0.03455205787707772,0.03434398333134623,0.034434254369331625,0.03432091853526875,0.034707218495250935,0.0344986216475597,0.0344773892402249,0.03442634075988069,0.03435390424187203,0.03421716629414982,0.0342545971836859,0.03448533496591901,0.03410167147676556,0.03458551976038347,0.03433296244693682,0.03451587836441917,0.03528078708366353,0.03467333982807724,0.034864685240137756,0.03440031138538018,0.03443389853142808,0.034217896437815,0.03450999582598142,0.03453453250248084,0.034427404442129876,0.03444981467317771,0.03443244208913892
ENE_11_b6eb2,0.034489560465798486,0.03465714950271386,0.034552155146610475,0.03435286714539336,0.03443444022456617,0.03434036411850396,0.03469095493256906,0.03450860206649186,0.03448578658969214,0.03442967249177321,0.03436499091830165,0.034218757286700575,0.034266754273423745,0.034486368134513994,0.0341114376267606,0.03457711197817201,0.03433608449493698,0.0345171988660938,0.035265864135734556,0.034673268431180626,0.03483562989784834,0.034414664752538585,0.03443476075731898,0.034207855813057984,0.03450611875153713,0.034529990586030776,0.034432535046153574,0.03444568125540779,0.034433374310175714
ENE_12_bf662,0.0345063168881675,0.03465412067263678,0.03454726007293671,0.034356200597104584,0.034442652428696804,0.034332490001036636,0.0346894154371086,0.03449366534357294,0.034474624453303064,0.03442946546437308,0.034361669437837285,0.03423251854019843,0.034270920025710694,0.034487027996531784,0.0341229409069253,0.034580300787027396,0.03433966125458184,0.03451071358981931,0.03522204975623481,0.03465943104144053,0.03484123201313617,0.034406908175131916,0.03443693957497459,0.03423809185095172,0.0345093835299359,0.034534144189477846,0.034431982262440146,0.03445085648466602,0.034437017224041674
ENE_13_d269b,0.03450150183278127,0.034691093998058045,0.03456251290682176,0.03432368681038611,0.03442514877064972,0.03429594137174588,0.034734166702402106,0.034502593207303575,0.034477749208648496,0.03441502217935417,0.034336536494480166,0.03418235864007309,0.034224204593791385,0.03448470885985563,0.03405083463442299,0.034601025292543816,0.03431297761187412,0.034522688606547905,0.0353980742357161,0.03469941578741252,0.03491793559916798,0.03438911572233672,0.03442790422503094,0.034180546804543056,0.03451274482958863,0.034539209891733966,0.03441920003261377,0.03444569594400223,0.034425405206114014
ENE_14_dc481,0.034464422345537246,0.03465605789367354,0.03455197076972066,0.03433305088405895,0.034420808278173017,0.03431972271518033,0.03469377397532759,0.03452572356768498,0.034489460641533125,0.03439612517120194,0.034354592211370806,0.03425734572462592,0.03426684542329754,0.034473449117300804,0.034119232736352055,0.03458580236765567,0.03433560530735288,0.03453513461938392,0.03531226882282749,0.03466309222750337,0.03485201388134108,0.034405781872192336,0.03443887839896706,0.034208047960235625,0.034512305827474124,0.03452201525203114,0.034430060689686376,0.03444754508293178,0.034428866235378754
ENE_15_f6fae,0.03453806106540311,0.0346530595759503,0.03454808689785592,0.034359078910193186,0.03444326318287333,0.034311853931828354,0.03468019027723243,0.034471686070106276,0.03446642776633296,0.03443887184437801,0.034362698801655864,0.03422860743326503,0.03427210100083782,0.034490066546723326,0.0341336233670991,0.03458882169047306,0.0343517937364375,0.03450704577203242,0.03517692932007654,0.034655311179917804,0.034849285008919685,0.034396110275792084,0.03444058958030327,0.03427147342784084,0.03450276131129783,0.034530917244360346,0.03442523617828743,0.03446355843562177,0.03444249016690454
ENV_01_0cfd4,0.0344510430228464,0.034489885049002196,0.0344766002404719,0.03450027842879658,0.03451076796555406,0.034554435794226235,0.034512817170477335,0.034501416920999395,0.034485892104330444,0.034501468126201626,0.03448433867290398,0.03445417666993025,0.03447700154601848,0.034494549445538716,0.03444146942824017,0.034454076029329365,0.0344502585068032,0.034462411542055295,0.034506799476952704,0.0344947556882843,0.034456402755613895,0.03450995876061175,0.03446747533500155,0.034421899730461614,0.03449820286414023,0.034510313114323045,0.03450350943759127,0.03445078028119063,0.034477015892103384
ENV_02_0f9b0,0.03446876357652979,0.03433423916235885,0.03442392103531581,0.0345898112152806,0.03454233300769537,0.03462149893932332,0.034316204836868223,0.03446925881842198,0.034476089134550456,0.03453156748570123,0.03458124697656886,0.034687370786976056,0.03466506573040408,0.03448937501214494,0.03477246037478728,0.03439545615690419,0.03458936672385238,0.03443756080699703,0.03387936369612782,0.034328980341310315,0.03417858268838807,0.03454891738544998,0.034517398832643875,0.034684534195332295,0.03446684094881229,0.03445513020120578,0.03453756778990787,0.034492251041528914,0.034518843098612334
ENV_03_2f819,0.034495825199987735,0.03448648254595281,0.034472723583167386,0.03450251406130262,0.034546121301486384,0.034546713081216394,0.034536723282178494,0.03447157252861839,0.03445922430021973,0.03456271519916092,0.034497076010395845,0.034400902107345546,0.03447157915231097,0.03452236426518082,0.03445491934176085,0.034446035490010865,0.03446549997613279,0.03440750297007289,0.034414490992054715,0.03449346221313944,0.034443037015016276,0.03449739081753678,0.0344742610666277,0.03444885271938125,0.03449954535901198,0.03453509276949084,0.03451937420244881,0.03444695343842637,0.03448104501036446
ENV_04_46549,0.03446821325234046,0.03441410267757083,0.0344571386029366,0.03453354397478953,0.03449686770943335,0.03454249638306749,0.03437708630619413,0.03448161814782926,0.03448797169602534,0.034447340426523955,0.034508144541405876,0.03463456612049807,0.03457726779818481,0.03446735036613313,0.03459369139366889,0.03445906964454146,0.03451400533000999,0.03450443398497501,0.03426401138786255,0.0344022297659555,0.0343658329249372,0.03451672599513408,0.03449060664899303,0.03458216517189255,0.034475028459482415,0.03445429066667568,0.03449345447042329,0.03449133584835186,0.03449941030416362
ENV_05_4e2b7,0.03442614088353592,0.03440157485426921,0.03444704349681257,0.034540174875497306,0.03452083018879292,0.03460025854521651,0.03440181791954396,0.03450834529836018,0.034490887130329016,0.034486433525027074,0.03453027336881445,0.03461272306858491,0.03458656276159949,0.03448087064527691,0.03461393685120226,0.03442213038270177,0.03451386286128835,0.034467240977927874,0.03422857194831398,0.03440243600369909,0.0343033772300623,0.03454010013365201,0.034491927663057635,0.0345415301667738,0.034485330260797066,0.03447445460919715,0.03452413909344687,0.0344637043583018,0.0344933208979177
ENV_06_5bd1c,0.0345522130237772,0.03439184781561811,0.034450594539325356,0.0345528082726236,0.03452535832325988,0.03451778176754463,0.03437813043331034,0.03442467262225405,0.034458041398400266,0.034570790111269054,0.034560260563954746,0.03455215071086268,0.03458660691903827,0.034504575733576626,0.034696558422326794,0.03444162321303867,0.03458770175545807,0.03442131259887051,0.033969314555898744,0.03438992188374998,0.034300937293084754,0.034498007119240844,0.03452142249169017,0.03467302250728129,0.034459584046954754,0.03446902554009936,0.034509559993281515,0.03451762576717276,0.03451855057703685
ENV_07_6070a,0.03442757490480406,0.03437858352139172,0.034439267945635316,0.034550914259863695,0.03451786402816232,0.03460242654528417,0.034376380837366625,0.03450364427554533,0.03449068063345865,0.03450621774960713,0.034551450236394624,0.03464371242669764,0.03461172262145787,0.03448255930232732,0.034683635348855865,0.0344102824795322,0.03455204566929353,0.03446167159717079,0.034094730551887484,0.034376213340959035,0.034254966531222134,0.03453925013398344,0.03450387097119844,0.03458980916219954,0.03447832181915891,0.0344619558198099,0.03453047054871013,0.034479037244364324,0.03450073949365785
ENV_08_6c0c3,0.03445772876083555,0.03440489317304859,0.03445461987836181,0.03453080764944102,0.03452300272415608,0.03456788592142616,0.03441631937709068,0.034493097399710966,0.03448226098033103,0.03452892942607805,0.03454411301230166,0.03455801330110608,0.0345714624074762,0.03449602936707812,0.03462917459339189,0.03442579519869184,0.034536436108210715,0.034439662784994954,0.03418670570129174,0.034414054382652125,0.03430586453784572,0.03452411402049378,0.03450369827383254,0.03455200954799545,0.03447878292850678,0.03447932499388225,0.03452531494494067,0.034472794648894356,0.034497103955933306
ENV_09_80007,0.03449284811900658,0.03443773681706111,0.03445799754107286,0.03452380801878924,0.03453111865020287,0.03454589289250599,0.03446322210182148,0.03446598324971443,0.03446535101532126,0.03454836442418816,0.03452407315818873,0.034503335857995275,0.034532089091955806,0.03450452337312652,0.03457694454470191,0.03443828328952234,0.034518984865917826,0.034424759537320285,0.034220329111225085,0.03443629720402359,0.034367715895640104,0.03450310587468184,0.0344953822804046,0.034546563328703185,0.03448637554706575,0.034500875655927,0.03451674243530218,0.0344758180752023,0.034495478043411694
ENV_10_8f360,0.03436812442373626,0.03445482262564532,0.03446019505185893,0.034507361253752165,0.03454069560787472,0.03464160427734419,0.03451616198981404,0.03455672650179672,0.03449805513820533,0.03451333207831101,0.03451060576705008,0.034490968530572076,0.034515097489063895,0.03450275705848041,0.03448082169456443,0.03440464784758437,0.034448025032047996,0.03443681968285771,0.03447338743264597,0.03447263569244808,0.03435135336168436,0.0345497654995788,0.03446905270467264,0.03437458812584276,0.034512991293557393,0.03452394131848968,0.03454819899408253,0.0344091575235713,0.034468106002866865
ENV_11_97928,0.034464104790747956,0.03441059637165646,0.034452283365224885,0.034533770894986604,0.03451302055209917,0.03455883838118181,0.03440604975956926,0.03448367172380386,0.03448139295440079,0.034503386998348685,0.03452916773746295,0.034587228419130873,0.034572348888578,0.03448497194459922,0.034620049374503054,0.03443704984540686,0.034530410560981564,0.03446203690085135,0.03419896799455487,0.034408058353058844,0.03433139930523217,0.03451884932766734,0.03449781936765552,0.034571388151118494,0.03447823902001053,0.03447131641852606,0.034513066057727394,0.034482744945974364,0.03449777159494101
ENV_12_d933a,0.034515100390192344,0.03446525694829268,0.0344771579303506,0.03450677702862803,0.03449524745422393,0.03449171524816066,0.03444971329289447,0.034458268223428366,0.03447552421018187,0.03449368771077156,0.03449422913619956,0.034497559536566524,0.03450652176904305,0.034486022412673706,0.03451254730973913,0.03448015400403621,0.034495954531262585,0.03447483740982958,0.03437848324028618,0.03446424437523103,0.03445364349038049,0.03448840671240418,0.03448675583519134,0.03453073605535045,0.0344752198211177,0.03447980711629988,0.034481269202786484,0.034491638703996665,0.03449352090048071
ENV_13_e223a,0.0344136832569331,0.0343945799206063,0.03444439296042904,0.03454477213345405,0.034520051722003196,0.034613083925378575,0.03439072883475139,0.0345152142470893,0.0344952309085614,0.03447534738315419,0.03453086906926047,0.03463632529099316,0.034597141154064114,0.03447676582638633,0.034620617071058186,0.034417795280705404,0.03451276954714238,0.0344754842592276,0.0342263314619963,0.0343944406120511,0.03428999910326288,0.034546724216824864,0.03449002647277286,0.03454260418444726,0.03448530868288174,0.034469714267783336,0.034525381735872974,0.03446137568339802,0.03449324078751041
ENV_14_e4670,0.034454796490945676,0.03421620186625143,0.034388389732507955,0.03467216617451958,0.03453236485115992,0.034686063696538726,0.034105806599706925,0.03446294545512958,0.03449670067407292,0.034450429861303686,0.03462694759192789,0.034959157763594186,0.034829515371670824,0.03444754820964918,0.034982744800562286,0.03437335055788987,0.034659396183317114,0.034502633249201095,0.033515298394124954,0.034195533483372974,0.03399456119164037,0.034600178321018124,0.03453885588662412,0.03487476208990188,0.034438173022486654,0.034379571787753166,0.03453433049266282,0.03453010553954326,0.0345514706609228
ENV_15_f1429,0.0344834920810313,0.034378195239017854,0.03444384381489868,0.03456865305319193,0.03452163448698712,0.03458508965440299,0.034343345954358284,0.034466580163658736,0.0344827393359699,0.03449459646238765,0.034545160246280016,0.03464044936164916,0.034617926281353045,0.034480139214117314,0.03466687586686487,0.03442986281583776,0.03454502075525225,0.03446958075915363,0.03408277888218896,0.034375954417375475,0.03427691906924639,0.03453686715514464,0.03450111834899391,0.03462813171181547,0.034466376318955334,0.03445625509997256,0.034510207275152985,0.0344912231367539,0.03451098303798782
ENV_16_f8183,0.034418782491992594,0.03445702679445325,0.034473260224143466,0.034492855154233636,0.034466839888493764,0.034524417159408585,0.03444262954665498,0.03452188950245544,0.03450699937718039,0.034434248840523804,0.03448776895415422,0.034576490036775945,0.034521596909455825,0.03446009165267599,0.0345202872668427,0.03446807051537976,0.034484334872858874,0.034521691304398514,0.03447297774296504,0.034454185948894066,0.03443109275071468,0.034508944699295455,0.03448203035867926,0.034479424435667316,0.03448493991961341,0.034460217922379945,0.03448752728896496,0.03447843130349504,0.034480947137249036
HEA_01_07f11,0.034475378371246486,0.0344382018236798,0.03446214478963398,0.03452933247519085,0.03451965682780681,0.034564663350237806,0.034460769337482766,0.0344799012976289,0.03448078903144469,0.03455947140687351,0.034537218044926064,0.03447948924024478,0.034530596752626534,0.03450279232305545,0.034579414525553735,0.03442823539896701,0.03452023433485968,0.03442673449279334,0.034238566645450594,0.03445222819746728,0.03434799101086132,0.03451738404516743,0.03449559272430043,0.03451497978407489,0.03447995861091837,0.03449542276004433,0.03451610852175235,0.034472346450945546,0.03449439742476531
HEA_02_0a422,0.03444188105296112,0.034385036022880545,0.03443154541403875,0.03457961723852315,0.0345797553264775,0.0346821858614899,0.03443529619753977,0.03449173969641803,0.03447309974910511,0.0346095160195898,0.034578308181373585,0.034522173559501226,0.0345949747841147,0.034524861613500685,0.03465588655753846,0.03436456856846448,0.03453443340950597,0.03437441383084284,0.03402567541412857,0.03440274104438452,0.034202650387052884,0.03456385068200302,0.03449611226757282,0.03453583166724852,0.03449021115015543,0.0345175279726782,0.03456614775594202,0.034439956197785275,0.03450000237718305
HEA_03_12168,0.03447479456467444,0.03447860289154121,0.03447634998435583,0.03450349807465097,0.03449442522417975,0.034526880778867314,0.03449613224162374,0.034483773548358805,0.03448617201053438,0.03453359671072291,0.034505955644115724,0.03444641275348737,0.034485379986352614,0.034494258036569074,0.03450431738663651,0.03445467087328313,0.034493486201413175,0.0344549484004779,0.03439514750854734,0.03448866761352321,0.03443391178500352,0.034499296024665116,0.03448357593635023,0.03447032900049286,0.03448286535374266,0.034494573594358244,0.03449613561305659,0.034476837596025066,0.034485004662390385
HEA_04_19bb1,0.034450536317523726,0.03440986236550361,0.03444918724136582,0.03455308760052051,0.03452606685878769,0.034610232820309235,0.034425269710788464,0.0344904003657587,0.034488072186707575,0.03455550362329156,0.03455226830212425,0.034535689206180775,0.03456949728916422,0.034498414601007034,0.03462547319352486,0.03440670118570251,0.03453243009744168,0.03443247907792811,0.03415207186858635,0.0344235968412159,0.034284155110748164,0.034539636723306816,0.03449521024868905,0.034536799966354934,0.034477892175523606,0.03448566998479727,0.03452702433852026,0.03446908358995279,0.034497687108674374
HEA_05_65dc0,0.034456223525499055,0.03445476271938732,0.03446846247169482,0.03450715502181583,0.03451105056428481,0.03455347773172479,0.03449891687058155,0.034496176375814015,0.034485830914378214,0.03457237860378788,0.034534734674139526,0.034438102944630726,0.03450495451045466,0.034505191782816975,0.03455728696621807,0.03442804634308413,0.034514961813560625,0.03441974210403327,0.034315926649939064,0.034478087232880025,0.03436771237110135,0.034511608947630154,0.03449551244909531,0.03447058461281571,0.03448297561893179,0.03450193616735305,0.03451841387486618,0.034464716854159534,0.03448506928332162
HEA_06_6bf25,0.03444030227460567,0.03446365784707921,0.03446381440003333,0.034511322943366944,0.03453080485358133,0.034587511068867205,0.03452358857510323,0.03450426120446984,0.03448118657407175,0.03457720768071569,0.03452583429000254,0.034428749517593456,0.034496998939070316,0.03451410891512275,0.03452161657818198,0.0344156789534815,0.034491855137895516,0.03440956268172698,0.03434676098056216,0.03448215612834326,0.0343690767209517,0.03451952538686,0.034482800179252794,0.034438867410014784,0.034495470673368236,0.03452070844784794,0.034531757024062255,0.03444537007313584,0.03447944454063173
HEA_07_7822c,0.034496607535596,0.03449277177217,0.03447951748629226,0.034494605706715746,0.03450972040295492,0.03451467647281267,0.03453090789817386,0.03447160895337194,0.03447249632356802,0.034566914367136464,0.03450515614993688,0.034389698905891115,0.03446238343770442,0.03451057463002129,0.03448236223058775,0.03445527164811998,0.03448970919765677,0.034424637391041055,0.03440365411878265,0.03450520049746555,0.034453850638317185,0.034487947335258715,0.034484122970912384,0.034457395340442294,0.03448722366132179,0.03451440864805302,0.03450260975996926,0.03447087988294503,0.034483086636780944
HEA_08_7c732,0.034517307301118516,0.03447669102586648,0.03447420538965578,0.03451215660397021,0.034519649700308006,0.03452337337491481,0.034503273302805754,0.03445506379121108,0.034467019006233876,0.0345744018111484,0.034513713333274736,0.03440833732562907,0.03448379243453975,0.034513523293090966,0.03450782974327099,0.03445166790243212,0.03450158522518728,0.034420119006759294,0.034326639171992315,0.034488436933169074,0.03442734848992997,0.034492450413205214,0.03448583602127229,0.03449525216186823,0.03448053645614961,0.03451002062872819,0.03450313013009221,0.03447653711179431,0.03449010291038151
HEA_09_8b6f3,0.03446807280104015,0.034411300676929976,0.03444784814389932,0.034552320642894804,0.03453462759292981,0.03460153656752344,0.03443564110059301,0.03447794774386162,0.034478037303637216,0.03457835471927887,0.034556144022541944,0.03451646521050368,0.034564520530372615,0.03450779633727374,0.0346338868255412,0.03440530619519041,0.034541607088041756,0.03441446817872235,0.03411156723132794,0.03442261351891931,0.03428472027149292,0.034530963308053955,0.034498700215714884,0.03455090724591012,0.034478401927079204,0.03449316438181476,0.0345313202768951,0.03447212435586546,0.03449963558615038
HEA_10_95108,0.034481104557097526,0.03443118002982303,0.03446561522854827,0.034528999557327675,0.03448028880508674,0.03452438724122981,0.03440686527447158,0.03447517926693277,0.03449295097127956,0.034499614525483356,0.034524604680505215,0.03455904761489439,0.03454803952541284,0.03447519897029858,0.03460375212995341,0.03445603614678505,0.034535857437915075,0.034486204999841355,0.03422954976079771,0.03443124375135223,0.03437131076976377,0.034507275850161764,0.03449908544170369,0.03456719306461437,0.03446809160063161,0.03445657074157932,0.03448821288587507,0.03450553697015853,0.03450100220047558
HEA_11_a46bf,0.034468821714198794,0.03446934085940286,0.03447338205998474,0.03450231313718954,0.0344980977186231,0.03453019012904858,0.034492565545976794,0.034487381125875106,0.034485466257431735,0.034537898280906976,0.034511833488797446,0.03445560054655753,0.034494515134688986,0.03449539058926363,0.034522085495296506,0.03444943498703376,0.03450062627138811,0.03444898508962343,0.034377101393361156,0.03448179797119971,0.03441635906675575,0.03450112827016834,0.03448690649751339,0.03447665116346123,0.034482141228011715,0.034493641116587266,0.034501563503576346,0.03447429527535675,0.03448448608272058
HEA_12_cb742,0.034520390343267766,0.034424783591133386,0.034463264302137885,0.03454377011425416,0.03448855478832975,0.03451759478741352,0.03439131657806719,0.03444701594517016,0.03448254744298676,0.03452503637805436,0.03453443632241224,0.03454621479137878,0.03455599905043838,0.034483522984217224,0.03462564672332189,0.03445676968882328,0.034552914646935495,0.03447177208887775,0.03413938373019576,0.03442429881332933,0.03436016105264739,0.03450278957802984,0.03450366014391533,0.03460820893562446,0.03445986066009728,0.03445659413416936,0.03448609509517419,0.03451781506033731,0.03450958222925979
HEA_13_e6d1e,0.034454374867997614,0.034399764864726144,0.03444434020650448,0.034558609430172825,0.03452891579803659,0.034614259866864,0.03442375210539579,0.034485181654716715,0.03448586429727801,0.03458167393910498,0.03456813721822207,0.034529575688071176,0.03457802400979873,0.034502411237028144,0.0346635444349708,0.03439633339412205,0.03455240290409192,0.03441566531110511,0.034076742135961374,0.034416576291029816,0.03425553408351345,0.034540214411688606,0.03450361620023243,0.034556106652235116,0.034474805772826696,0.034486150309431425,0.03453258999650364,0.034473825556440796,0.03450100736192958
HEA_14_eb0b8,0.034484225520193666,0.03445972874152086,0.03446921776105381,0.03451907079046157,0.03450316025013674,0.03453994898002621,0.03447310050937875,0.034473949383469406,0.03448286006568268,0.03454519323748354,0.034519028506278866,0.0344678701311409,0.03450842890434906,0.03449652268068504,0.03454215189260577,0.03444551151173056,0.034509970222240616,0.03444703350992958,0.03430644654581248,0.03446957262824221,0.03439675407278835,0.03450509802176728,0.03448821090571893,0.0345053629914534,0.03447799436167187,0.03449066744085434,0.034500449664538885,0.034481261621354446,0.03449120914743021
MAN_01_00138,0.034555359923594375,0.034517535148485996,0.034499612422008705,0.034472175212724915,0.034459069043537766,0.03440237594678327,0.034472823883450916,0.034438367984482854,0.03447157978800738,0.03444464300894023,0.03444492779758379,0.03447136249370424,0.03444942999723969,0.034474000104419755,0.03441853611432719,0.03453723979785594,0.034470376585221396,0.034522460915977236,0.0345491970473431,0.03449900820019453,0.03459468994115208,0.03444677771161835,0.03447554840974586,0.03451951006378119,0.034474163753602925,0.034470078447888526,0.03444306542511723,0.03451687674728515,0.03448920808392535
MAN_02_0bce5,0.034588011955473306,0.03461144987483936,0.03453202796114652,0.034411391018210016,0.034461419859326776,0.03433644122280113,0.03460837454664763,0.03443030345869178,0.03445518983430245,0.03446724051776003,0.03439312872210828,0.03428292174275858,0.034327570519494484,0.034496251863120546,0.034226479149429105,0.034575087867287406,0.03439770790595187,0.03449628647893881,0.03489385065991975,0.034603203840167934,0.034769847530679195,0.03440670579756123,0.034452358992256134,0.03438307555456144,0.03448981685159803,0.034518474067187166,0.034428449592513614,0.03449086193537265,0.03446607067989477
MAN_03_368c1,0.03455959044152118,0.034777005705815704,0.03459578651346208,0.03427016297308374,0.03439474916216385,0.034186414812987696,0.034799373574564654,0.03447384486891416,0.03446456732929354,0.03436178386838362,0.03426228371305067,0.034091933922638984,0.03412599801205956,0.03447831958398201,0.033874668905188296,0.03467496533883727,0.03424862758271267,0.03456234141225722,0.03573093565958008,0.0347713191586631,0.0351329581834558,0.034335458761729026,0.03440341058477823,0.03411915352737111,0.034516409929858514,0.03454792547315393,0.03437214399896908,0.034455820165035726,0.034412046836488616
MAN_04_38948,0.03459311659446999,0.03463174539269651,0.0345426996403494,0.0343931990753125,0.03444686760083712,0.034306149348937595,0.03461732157454318,0.034431337551127074,0.03445759721951985,0.03443922227926906,0.03437161018258277,0.03427151763011766,0.03430554071532961,0.03449000396516281,0.03417721084208253,0.0345971475346406,0.03437864127753635,0.03451820534269252,0.03501323705177594,0.034622879723599974,0.03482613846423143,0.03439524130735628,0.034444921204539784,0.03435963154374273,0.03448834014852598,0.0345136376450658,0.03441415301897333,0.03449216180956849,0.03446052431541306
MAN_05_5144b,0.03455208347034032,0.03450129184472957,0.034490180934250665,0.03448410014241171,0.03449295758475064,0.034439926456052095,0.034479704145752924,0.034439463056521145,0.034460892673926886,0.03448075692366346,0.03446117371901127,0.03446139960564471,0.03446467523150175,0.03449345756100609,0.034437632563771935,0.03451235702937471,0.03447515544114462,0.034484846196903514,0.03447637090369475,0.034486651918430936,0.03454426072626221,0.034458302822496484,0.034476513834961,0.03451993155402988,0.034480145679274044,0.034488649316448114,0.03446863401038673,0.03449869420968502,0.03448979044357286
MAN_06_5a689,0.034573581899875104,0.034586749795495475,0.03451923332401579,0.03442803141410799,0.03448838326943089,0.03438261340155794,0.03461135220754759,0.03443593185972807,0.03445116577409297,0.034514248924691855,0.0344219662602795,0.03427771932006901,0.034351228304183024,0.034511077379776815,0.03427676767384562,0.03454091486113782,0.0344159599578274,0.034456075448272165,0.03477975545780332,0.03458767843024416,0.03469314069255108,0.03442406942939694,0.034459255390334856,0.034390060756424624,0.03449238880608491,0.03453184122673492,0.034454227550619144,0.034476559316381716,0.03446802186748916
MAN_07_5faab,0.03453080656739035,0.03443520101286098,0.034466406825530004,0.034537305226936245,0.03451213651625315,0.03452072098468951,0.03441337579233958,0.03444372419051881,0.034470853307247806,0.0345233786695049,0.03452065742955112,0.034522220675859444,0.03454219873238886,0.03449505085972758,0.03457533165888186,0.034460517970459376,0.03452586846459587,0.0344572766909824,0.03420791842565473,0.03443380497454586,0.034384584215718446,0.03450038445429312,0.03449478771336487,0.03458317190055612,0.03446870784233484,0.034476282079657694,0.03449260986877223,0.03449916626126366,0.03450555068812051
MAN_08_678a7,0.0345630447082897,0.03454313755680281,0.03451024310999373,0.034451361399881794,0.03445399786737721,0.03437548927965138,0.034504854107659695,0.034438163021577935,0.03446891486134536,0.0344409651706575,0.034427896079312716,0.034428219212995846,0.034416522234222584,0.034476757653968224,0.034365400245043955,0.03455277221231309,0.03445119677122912,0.03452344518388998,0.034658679759503735,0.034526799126890634,0.03464919123227572,0.034433368952295644,0.0344697105137651,0.03448400797249522,0.03447699541069867,0.03447814087893975,0.03443583494896097,0.034512477242591814,0.034482413285370266
MAN_09_678b1,0.034563009400612923,0.0345453168163489,0.034505985189734384,0.03445859823598299,0.03447381777466117,0.03440153965011529,0.03453186159781904,0.034436301550144155,0.03446240853497828,0.03448456944351624,0.03443997887838058,0.03438720863013226,0.03440955014795397,0.03449302302840388,0.03436726630317001,0.03453317440813592,0.03445297208202712,0.03448969929005384,0.034613141335719966,0.034533607949064855,0.03462575136867721,0.034438496218733426,0.03446934076367282,0.034468651543994325,0.03448242921203652,0.034497739273882215,0.03445145854714136,0.03450130382040078,0.03448179900450551
MAN_10_b0685,0.03451196726823304,0.034458017320220045,0.034478542246836816,0.03450117836133115,0.03446900493383724,0.03446271739407795,0.03442211727182115,0.03446092956675985,0.034483206797832996,0.03446945665567911,0.034494714584149565,0.03454047615957774,0.034517055425554895,0.034472163816139635,0.03454768099106801,0.03449255781812297,0.034517890752467036,0.0345028451348938,0.03434604769817292,0.0344494936856678,0.03445693449445916,0.03447945480738708,0.034495612422773936,0.034563412634419276,0.03446869110949813,0.03445623855681056,0.03447041553053048,0.03451385557461731,0.034497320987060424
MAN_11_d7e72,0.03452702801202538,0.034463792831671815,0.034483297396357526,0.03449725826159566,0.03445832383623783,0.03443830486942526,0.03440981271970229,0.03445245676581238,0.03448281569586248,0.03444648536041659,0.03448268508072675,0.034554207156162454,0.034513457765376176,0.034465411548400625,0.034533728237731424,0.03451013500063349,0.03451486016190607,0.034522816479516626,0.03437216463797443,0.03444928875697195,0.03448668186667071,0.03447049569722108,0.0344938650258606,0.034577216464358095,0.034465281433471995,0.03444695201388108,0.03445754322606139,0.034524569590752105,0.0344990641072158
MAN_12_da3b4,0.034595700927462,0.034690362534671816,0.034559672867115074,0.03435302207100959,0.034440874837744585,0.03426901315117827,0.03470793347059746,0.03443479156186938,0.034451469815717076,0.034449907492790775,0.03433964571955068,0.03416715497358193,0.034229781971806796,0.03449802915769875,0.034069897064666725,0.03461623825143057,0.03433690620128074,0.03450651153816906,0.035222012700983685,0.03468425396663882,0.03493129587921903,0.0343704773717047,0.03443162749517759,0.034273071432052785,0.03450123678793443,0.0345415137806312,0.03440557509402288,0.03447770266961511,0.034444319213678395
SMA_01_0592f,0.03444248223929514,0.03445757166649883,0.034474339970996616,0.034501390244969676,0.034477705763398585,0.03452632581752198,0.03445270528669485,0.03450689505769883,0.03450013870050928,0.03447569626602326,0.03450264230525635,0.034532760307079725,0.03451519897534393,0.03447385778301512,0.03453259761921828,0.03446040913345728,0.03449684272930354,0.03449389057744906,0.03440550051998239,0.03446008531706923,0.034416592712502234,0.03450693694601218,0.03448764705441043,0.034486884777528426,0.03448256983163812,0.03447050274044193,0.034492183752952495,0.03448130061333383,0.03448634529039847
SMA_02_1b70d,0.03441747579538053,0.034457687935768665,0.03447619330318675,0.03449522007582607,0.034466320029317356,0.03452885057386245,0.034445125233779246,0.034525590898283214,0.0345105547306376,0.03444439738169822,0.03449480821608148,0.03455907761361126,0.03451807216164751,0.03446290894480701,0.03452154503295357,0.034464622776702994,0.03448629144718297,0.034516387537508623,0.03446404854300635,0.03445992665155807,0.03442325411338613,0.03451278125479264,0.03448452543250858,0.03446832061179248,0.03448477492204164,0.034462131191116525,0.03448915452457355,0.03447765124703685,0.03448230181995172
SMA_03_20b1e,0.03446205658442469,0.03450299552614828,0.034491894144477356,0.03446461509374163,0.0344563164907121,0.03446182839320704,0.03449589468592057,0.034499597435258204,0.03449600518012448,0.0344477851390875,0.03446439670590938,0.03448597463250788,0.03446102425595977,0.03446733278511047,0.034446457614981524,0.03449935868496541,0.03446665348007477,0.03451493182190832,0.03458900179297935,0.03450030905301052,0.034528553522794374,0.03447677438947456,0.0344783774347145,0.03444997836183563,0.034485938553926204,0.034474276589649994,0.03446807684883999,0.03448690933273999,0.03447668546551541
SMA_04_28b4e,0.03449042901067629,0.03451176798058871,0.03449918388769989,0.03446746366123809,0.03444757322087913,0.03443841254301319,0.03446501524760561,0.03448338011072419,0.03449431552500426,0.034403668441586176,0.03444090595321302,0.03451199545320653,0.034460483143110246,0.03445992168441193,0.034404728467661766,0.034526295993657974,0.03444985316960663,0.03455086027741308,0.03464926924678431,0.03449947972067697,0.034575585272786466,0.034469637060004575,0.03446749278949404,0.03446595142538396,0.034479486073262434,0.03446068498912378,0.03444914368083823,0.03449731901739451,0.03447969695295395
SMA_05_29f8e,0.03446770980377682,0.034463580329367284,0.03447580323161524,0.03450178909140681,0.03447863392963472,0.03450791413642793,0.03445240370381126,0.034489514864391266,0.034492041541302795,0.03447643275572043,0.03449589578328542,0.03452528619921237,0.03450897497647548,0.034475018435195896,0.034523909371480914,0.0344713019223125,0.03449681119126213,0.034493656357082875,0.03439772580009046,0.034461195101636796,0.03443903066593626,0.0344973564809158,0.034487020693333974,0.03450520328025823,0.03448102189039803,0.03447160044309533,0.034484979435286015,0.034489321419439126,0.034488867165847835
SMA_06_2df5b,0.03446985694476466,0.034634022288433014,0.03454074629209348,0.034367227028526966,0.03442282529307693,0.03435262205076569,0.034651716687000615,0.03451392991804827,0.03449305256810032,0.03439880979712716,0.03436929691825118,0.034304565632951,0.034300626055096116,0.03446823484772544,0.0341676588849707,0.034572301234635415,0.03435394850401535,0.03454351912408561,0.035174224729263154,0.034634379342882424,0.03480205777141557,0.03442086104376211,0.0344403188888027,0.034256478251093216,0.03450643622568925,0.0345106100925981,0.03442946254730061,0.03446022765885185,0.034439983378673204
SMA_07_57127,0.034469362142619295,0.034687934530237274,0.03455604225981101,0.0343372913179653,0.03442600827467959,0.03433548805480161,0.03472825504726844,0.03452018038273584,0.034487201998148476,0.034398865755811685,0.034334840772616664,0.034213705029784866,0.03423434272185174,0.03447847048381976,0.0340480189966483,0.0345878619842695,0.034301713623445015,0.03453673283167979,0.035390342177967625,0.0346899332340428,0.03489766309189191,0.03440615877116016,0.034420383937044045,0.034165017806559214,0.034520853821016974,0.034539491015943724,0.034425342749027324,0.034438215023939595,0.034424282163212375
SMA_08_6d7ad,0.03444328663604134,0.0345206741441828,0.0344918080406365,0.03445946390866392,0.03448098054656378,0.034493403098994256,0.03453249137239429,0.03451329978214947,0.03449046170332945,0.03443995682769012,0.034445119778355154,0.0344609897056558,0.03444239005481006,0.03447697669075951,0.03437442864987628,0.03449294207621966,0.034422205373390025,0.03450439519379678,0.03470550481701441,0.034517268366434775,0.034552387304834495,0.03448566165408462,0.03446029686969999,0.034389258749520285,0.03450208548911337,0.034500282929199017,0.03448106142295519,0.03445490517293329,0.03446601364070127
SMA_09_87975,0.0344892000091504,0.034442049107456886,0.034468892269696315,0.034523540536390555,0.034484447302166224,0.034514033612135675,0.034407607344073596,0.03447178736306304,0.034487535279249484,0.0344673888658532,0.034502758782774715,0.034570703547865726,0.03453996418952736,0.03447221635400236,0.03456009596735907,0.034471656677928106,0.03451118735525059,0.03450057661152174,0.034300901935667656,0.034432726288647554,0.03441126735737862,0.03450227480736157,0.03449032490976486,0.03455988109567443,0.034474193404753425,0.03446043292774887,0.034482424220870035,0.034500958681201906,0.034498973195466
SMA_10_8b8dc,0.03445522810976403,0.03448900549656607,0.03447762672297294,0.034497397284533306,0.03450108481066133,0.03453734659101377,0.03449463074089776,0.03449868115642372,0.034486373542591,0.03447232861154532,0.03447349508810015,0.03448749367661388,0.03448234267890983,0.03448571397199097,0.034439306761647095,0.034467400335473734,0.03444934162868322,0.034484656391956886,0.034522735862895955,0.03448552034870321,0.034474588486190096,0.03450406458300476,0.03446615347484729,0.03443998159765404,0.034496376864672176,0.03449888241329089,0.0344945765971688,0.034459534836467465,0.03447813133476028
SMA_11_a504b,0.0344602028383971,0.034656145370551575,0.03454549406312034,0.03435655760688537,0.03443404086138122,0.03436210109805023,0.0346850875413144,0.03452303609387121,0.03448986565761724,0.03438904765649163,0.03434942478847114,0.03427255615245382,0.03427544103114343,0.03447406244354331,0.03409891504815786,0.03457517196419295,0.03431686144417535,0.03454064362702537,0.035299869085405715,0.03465701489254171,0.0348407241342267,0.03442194509626497,0.034425524016154264,0.03420234756316552,0.03451705903745243,0.03452852675723517,0.03443310344007463,0.03443872330271495,0.03443050738792053
SMA_12_c6e00,0.03447765015717384,0.03451595456334119,0.03448950094349971,0.03446383706454792,0.03451433486539336,0.034495764114500234,0.034556472665672106,0.034492954867711784,0.03446956635855395,0.03450875143725006,0.03446632011350346,0.03439828751142574,0.03443704012191349,0.03450739668363513,0.03439428789150265,0.03447796190238467,0.03444093903330333,0.03444642911566864,0.034601941034293655,0.03451887568685251,0.03452456293063841,0.034479035398892334,0.03446955442863189,0.03440211995850678,0.034503755256779525,0.03452515480360211,0.03450195926693981,0.0344490056514792,0.03447058617240252
SMA_13_c9088,0.03450234218566789,0.03469598965351165,0.03455768840560855,0.03434210232083989,0.03444431527075764,0.03433033939587777,0.03472638437713566,0.03449909344979104,0.034472795876487904,0.03439090382869692,0.034319242774732875,0.034206014398820435,0.034228965996246516,0.03448672529436391,0.034007731053192256,0.034599409820323467,0.03428249787529578,0.034533848136487785,0.03541518630154151,0.034690585284336356,0.034927661919469936,0.03440059617059367,0.0344109365111934,0.034172950885371395,0.03452301161484344,0.034549734766919346,0.034422914611971424,0.03443390923961878,0.03442612258030279
SMA_14_cdb07,0.03446895130092049,0.0345977450714101,0.034526915793253635,0.03439468252741307,0.03444153649057481,0.034388322086427905,0.03460830082190263,0.034510796908616956,0.03449018984525074,0.034405732668747316,0.03439101690900668,0.034355471031986815,0.03434613433277024,0.03447091626672899,0.03422989449692543,0.03455310781170909,0.03437443137182936,0.034533052137677975,0.03503249791597571,0.03459645223827756,0.03473034138982599,0.034439256559272755,0.03444763598223506,0.03430298221792712,0.034504372294578436,0.03450621111028888,0.034444092097339896,0.03445994436480538,0.03444901595632097
TRA_01_10265,0.034437706780390626,0.034347991816649374,0.03442776053176213,0.03458943548327466,0.03453146675997447,0.03464265325669624,0.03431451333808605,0.034490999340694106,0.03449088680490385,0.034486460507605045,0.034559763293025826,0.034709169237762856,0.03465872682030654,0.03447683880880706,0.03471568959165466,0.03440110781139372,0.034554625016307,0.03447410246459636,0.03399888803882047,0.034341323498878674,0.0342049551036885,0.03456224414861106,0.034500004874527396,0.03463783577185901,0.034471686736472364,0.03445022873989638,0.034530680838141134,0.03448094081102655,0.03451131377418768
TRA_02_12fb4,0.0344717785660255,0.03420534483569264,0.03438933604089929,0.034664758476459785,0.03452787041879095,0.03465769762963779,0.034104781663458775,0.03445305791351197,0.034490831398305034,0.03448884935694622,0.03464795739720457,0.034938833388719594,0.03483151115940749,0.034456890899916624,0.03503803025600014,0.034369722870685564,0.03469848163833967,0.03448010057469896,0.03343424503699595,0.03418993017876717,0.03397268299344847,0.034585457173532924,0.03455475872551445,0.03490692334432863,0.03442868766950166,0.03437354997781862,0.034537956252047024,0.03454421719659714,0.03455575696674757
TRA_03_21d93,0.034480360206443024,0.034374246534544343,0.03444995076099809,0.03455007432256363,0.03447823951661444,0.03452723150955851,0.03430870930620518,0.03447034432594077,0.034493962394042336,0.03444443648708428,0.0345347316508102,0.03470331736842703,0.03462513040050119,0.0344552707804219,0.03469710169740012,0.03445807737555334,0.03456711966172856,0.03451925595855539,0.03410168745643319,0.03436238789256242,0.03430630555522704,0.03451796328071592,0.03451011101946709,0.034667910648334264,0.03445551240418119,0.03441949510070261,0.03448629999013967,0.034521953593773316,0.034512812801070845
TRA_04_2ad9e,0.03451082497005359,0.03435089903529359,0.03444455072929496,0.03457229297189581,0.03447443422156284,0.034521083751069354,0.034257742860517214,0.03444597523961242,0.03449200286818795,0.034442806824408624,0.03454750928737591,0.03474612419211662,0.034657111763992256,0.03444987514397739,0.03475082462064514,0.034460971314121625,0.03459521237325999,0.03452854651949115,0.03397628020809263,0.0343345871030885,0.03427471631076642,0.034518562959851555,0.034518440921472014,0.03473861183290275,0.034441814488134895,0.03440061300253521,0.0344771652167965,0.0345444815419045,0.03452593772757865
TRA_05_4f9a6,0.03453378388566776,0.0344816969813363,0.034492525911324186,0.03448260545216569,0.03445272606581257,0.034415590330038486,0.034421379709435006,0.034452680013550695,0.03448190487034561,0.03442631522692697,0.034463302876097474,0.0345421559587811,0.034493187542431886,0.034464702963981346,0.03448530812451047,0.03452767760928797,0.03449657895908701,0.03453739278069529,0.03446704958594817,0.034464739738497674,0.034533780567253224,0.03446011921177175,0.03448609377212417,0.03455591631055965,0.03446670666008739,0.034447389053098895,0.03444892856857673,0.03452310959393455,0.03449465167667205
TRA_06_50971,0.034525178820913764,0.03439888236217559,0.03446833908777563,0.03453729845381447,0.03444313013412469,0.03445565956131669,0.034280884593474156,0.03444742414602369,0.034496686310164296,0.034385449744073544,0.03450142108513362,0.03471834939263201,0.03460445396566419,0.034437818360699604,0.034643561729707076,0.0345095367875185,0.03455532004879189,0.03457605248342557,0.034197670047432814,0.03437510623945476,0.034398979411629185,0.03449286184533284,0.034504440243686214,0.034690350332138804,0.03444401693837013,0.03439419777122361,0.03444714930218968,0.03455250124327065,0.03451727955784228
TRA_07_669a5,0.034475732097626145,0.03439800453611586,0.03445624383971414,0.03454085475036525,0.034479999004763374,0.03452981555434741,0.03435171590922018,0.03447548486460201,0.03449433021086472,0.03446602700535506,0.034530150182087625,0.03464645146363532,0.034592799033848355,0.034463880402675014,0.03465706611361628,0.03445519601849717,0.034552803518695566,0.034505958026965815,0.034157253763018175,0.03438975733213776,0.03433136585221717,0.03451396754016395,0.034504868913431505,0.034622444373234265,0.03446237422178574,0.034435838058102304,0.03448871856697224,0.03451332571323196,0.034507573132709676
TRA_08_6d02c,0.03446430815355694,0.03436379635362972,0.03444617991050102,0.03456169670713174,0.03447168475239521,0.03454663224727845,0.034286019993965175,0.034478444580895246,0.03450323926343794,0.034429628758841514,0.034538776793794544,0.034738257414840226,0.034642220272510266,0.03444720010439014,0.03471410547220071,0.03445175809387988,0.0345701150223882,0.03453531149394401,0.03407756274115304,0.03435044946761656,0.03428343783105463,0.03452926577157148,0.034508775598743636,0.03467460098809378,0.03445325893253713,0.034408812652655246,0.03448535137090161,0.034524153917819767,0.03451495533827218
TRA_09_74397,0.03450254073736735,0.034368872330448975,0.034452902432085035,0.0345545045371219,0.034456329169734824,0.0344953861433115,0.03427143180103406,0.0344558252733552,0.03449719968157473,0.03442178869672105,0.03453357865070311,0.034738466397513434,0.03463571744418442,0.034443302161057704,0.034723186118051565,0.03447608406988305,0.034585907574146604,0.0345468008422873,0.03405251687791177,0.03434835397197215,0.03431727469540583,0.03450812658901331,0.034517114606588,0.03471521578156396,0.034445302368530085,0.034396881577835596,0.03446876925091949,0.03454895865409795,0.03452166156558017
TRA_10_785d6,0.03448976130473589,0.0343497466534179,0.03444574490972557,0.03456211303621945,0.03446959436424809,0.03451904328660146,0.034257255049084834,0.03446265572601874,0.03449653314334972,0.03442155458483311,0.03454246455949351,0.034763835016475064,0.03465832515273506,0.03444475580301106,0.03474619162695515,0.03446313540245211,0.0345883586635462,0.034538346422078085,0.034024430311269685,0.034332602137118674,0.034279762961234264,0.034520039964105756,0.034518298670373086,0.034722394033078426,0.03444581657421243,0.03439750740959008,0.034479585756946984,0.03453841214382913,0.034521735333260486
TRA_11_7d8bf,0.034474139694899826,0.0343941384358967,0.034454096163826615,0.03453863402750142,0.034485264971520185,0.03452806130551055,0.03434391151082138,0.03447727000840946,0.03449001255498475,0.03445091588136853,0.034523633819801065,0.03466852144056004,0.034599646271536125,0.03446406608469798,0.034653894668528806,0.03445862732033874,0.03454874928795674,0.034510684309939005,0.034164878630121166,0.03437985626577319,0.034335220978066266,0.03451278475461466,0.034503043714040685,0.03462919852547275,0.03446557802487962,0.03443548477570932,0.03449251053762456,0.034510591344612665,0.03450658469098713
TRA_12_9234f,0.03448731683294177,0.034396688046341745,0.034458289522280174,0.03453804022256666,0.03446866246690137,0.03450601462017333,0.03433483864323839,0.03446849287121781,0.03449413835001009,0.034447664701464126,0.03452443493949707,0.03466814760954824,0.03459633411698622,0.03445637458589233,0.03466414465285924,0.03446905006091279,0.034559238402473616,0.034522483784567265,0.03415187078202546,0.034382886444764615,0.03434681993058658,0.03450596811271992,0.03450764323407301,0.03464646470773876,0.03445835984106831,0.034424330567896136,0.034478543670159,0.034526399482260446,0.03451035879683543
TRA_13_99007,0.03446099377830963,0.034282028158101614,0.03441218318438773,0.03462460109172774,0.03451220734498752,0.034629362883721336,0.0341934445386436,0.03446711054574015,0.03449542689439637,0.03445237160659571,0.0345889371915848,0.034853119353379515,0.034744449359640314,0.034452167705801624,0.03486348233430102,0.03440361130616845,0.03462011717809318,0.03450773087526863,0.033755334117144466,0.03426421395466093,0.034119382958159805,0.03456798930580298,0.03452406231209356,0.03478578504253159,0.03444644631808374,0.03439790696811306,0.03451646457472111,0.03452442688030813,0.03453464223753158
TRA_14_9c743,0.03445474546283601,0.03430286601343816,0.03442647166342499,0.03459435235569786,0.034480872916608236,0.03458039659198444,0.0342061227246749,0.03447807966175102,0.03450540981239535,0.03442244283212173,0.03457194380807382,0.0348430334018852,0.03471803429200857,0.0344397268199087,0.0348321009561156,0.03442914542039234,0.03461346615014129,0.0345362685599797,0.03387630392191768,0.03428687030634132,0.034176612390463885,0.03455085449458583,0.03452497644197356,0.03476034594991593,0.034443119092562445,0.03438493266363221,0.0344983850122271,0.034533732995184516,0.034528387287757374
TRA_15_a15d9,0.03442253598312087,0.03429757383868813,0.034423020111505734,0.03458800231153248,0.03448504800211349,0.03459958512369419,0.034221761477992246,0.03450023507848897,0.03451015233726295,0.034433742725775866,0.03458132798540474,0.03483981323931721,0.0347200799472239,0.03444287393948982,0.034846197801601246,0.03441330962298476,0.0346159755488569,0.03452374855427831,0.03387762706817544,0.034286787106079686,0.03415077113039724,0.03455858917165772,0.034528164836777384,0.03473481585496098,0.034449426704925394,0.03439110985848842,0.03451326621876305,0.03452122734992008,0.034523231070522756
TRA_16_aad47,0.034494145803284186,0.03435914652807782,0.034451541538919675,0.03455569652438024,0.03445118915855648,0.03449536525352096,0.034247661673681436,0.03446117166479295,0.034501583572230925,0.03439182295988751,0.034528189114843656,0.03478138748823282,0.0346514086716574,0.03443360938333248,0.03472816625287127,0.03448128952648883,0.03458321347810936,0.034566989232986255,0.034067676836756454,0.034335734232482346,0.03431367212612689,0.03451211298723836,0.03451550961656141,0.03472679443250041,0.03444320996428941,0.034385291243043264,0.03446442818940856,0.03455009003235441,0.03452190251338426
TRA_17_b751a,0.034425350698804695,0.03417923268326907,0.03439143137542704,0.034667009277479406,0.034460516401527974,0.034633369061764424,0.033996273945501636,0.03448332635339147,0.034530151378496826,0.03434308840973943,0.034623473267571044,0.03513114779513434,0.03488464958612528,0.03439647044700346,0.03506933874838185,0.03440472023892436,0.03470083569986756,0.034605267999321974,0.03349033075110198,0.0341464770297234,0.033981136117593964,0.03459616873814443,0.034552984058726637,0.0349559340436822,0.034413965038970415,0.034301446059995584,0.034498103350707306,0.034577632417587566,0.03456016902603457
