,Cluster_1,Cluster_2,Cluster_3,Cluster_4,Cluster_5,Cluster_6,Cluster_7,Cluster_8,Cluster_9,Cluster_10,Cluster_11,Cluster_12,Cluster_13,Cluster_14,Cluster_15,Cluster_16,Cluster_17,Cluster_18,Cluster_19,Cluster_20,Cluster_21,Cluster_22,Cluster_23,Cluster_24,Cluster_25,Cluster_26,Cluster_27,Cluster_28,Cluster_29,Cluster_30,Cluster_31,Cluster_32,Cluster_33
AGR_01_06825,0.03024688789107795,0.030269495205564483,0.03043369312216282,0.030235252058756785,0.0302868701346816,0.030338739827568115,0.03037921366807216,0.030315672810689663,0.030313392386446123,0.030524851815170187,0.030293947002112697,0.03035948713724598,0.03036617238372331,0.03027467832939328,0.030282577842737843,0.030226609332326543,0.030216236134719444,0.030286632108984215,0.030429514848253954,0.03049205420682991,0.03031910469135764,0.029978363010294523,0.03033259217223813,0.030343081981342234,0.030202029725303656,0.030437301157909075,0.030329878308171302,0.030177252970358833,0.030305699018491512,0.030246505849279653,0.030288665967038234,0.03020518074246721,0.030262366159230843
AGR_02_225ce,0.030301577520184163,0.030352992732816605,0.030411204143859002,0.030300968481903945,0.030295070438077186,0.030358629830386584,0.030405437781112477,0.030345978833545652,0.03029795730316043,0.0303369291511051,0.03030872571255139,0.030330011768864535,0.030179808665339883,0.03030525264995444,0.03024497377587292,0.030291843543969472,0.03030888482425609,0.030305495567078504,0.030313890308956194,0.03035622011407789,0.030296949986454498,0.030256643181148117,0.030291556451215916,0.030267055041113922,0.030275774653533625,0.030409883103003205,0.030323865090156624,0.03029451728581258,0.03026728566736305,0.03024240304977798,0.030209644932661237,0.03021379756429609,0.03029877084639073
AGR_03_3834d,0.0302287554968113,0.030280064034377045,0.030513950160058326,0.030197143037374214,0.030292779386109022,0.030349952510255105,0.030437551630830888,0.030376802842655346,0.03031378152988086,0.030544920526380113,0.03033634237894281,0.030360792140996063,0.030295463120453874,0.03022653818548798,0.030187166723236788,0.030213733960040817,0.030247384248969732,0.03027594572870771,0.030455207411825308,0.030579067203142313,0.030286549240358288,0.029902384098724293,0.030309850699160985,0.030332451453019767,0.030205369879619463,0.03054710373593629,0.03032108488668683,0.03016279705097057,0.030292967200420476,0.030245499803227174,0.030274641961023138,0.030082947801329706,0.030323009932987255
AGR_04_4248c,0.03027686031147313,0.03032664947088861,0.030408786219934394,0.03027994391690431,0.030292065162144353,0.030354110142098475,0.03036912931020103,0.03030522542948234,0.030316046694575285,0.03041014781001257,0.03028665919170461,0.030337595159145546,0.030301718309838722,0.030326089221465232,0.03028407620901299,0.03026225457239968,0.03024042117046925,0.03027982545308357,0.03037211519433481,0.030398825591179762,0.03030767703032545,0.030153292963592225,0.030295992571975114,0.030299483283376262,0.030219206851465542,0.030403358803935066,0.03035060086587778,0.03024945201101852,0.030310613571253982,0.030249986027997965,0.030273316556573882,0.030250627884426375,0.0302078470378333
AGR_05_7d386,0.03026607223017308,0.030273230573940713,0.030424293089961474,0.03024291639028777,0.030294984741649243,0.030335557231259684,0.03039725094306043,0.030349774629149524,0.03029614277981911,0.030469597879464246,0.030320869110871222,0.03035033619166326,0.030279412273534652,0.030251524676480967,0.03025142315745377,0.0302516052755092,0.030273694605863176,0.030311177740598487,0.03037204949734869,0.030454869937512986,0.03031181496573298,0.030050238235940774,0.030336948197448955,0.03032467511383781,0.030261977569301688,0.030438500268216852,0.030300143625242106,0.030216700420789153,0.03027835271082018,0.03024557952457443,0.03024329492992164,0.030176636139191845,0.030348355343379763
AGR_06_86d5e,0.030234380590932572,0.030280442455932033,0.030473592526021352,0.030218054720603103,0.030289189372001958,0.030354045740956244,0.030402705074042764,0.03032837439241946,0.03031875700042209,0.030541594179229196,0.030300141749849425,0.030358624512689787,0.03035309669271775,0.03027592921670634,0.030248508673008295,0.030219079328653836,0.03020492898639822,0.030269979617122366,0.0304460114906998,0.030529258994013247,0.030306401280691467,0.029943407791255146,0.03031981997772373,0.030339570900061553,0.030188688224278865,0.030483673841683476,0.030342497075247058,0.030171673669941435,0.030314164882447918,0.030244256910333583,0.03029298071244593,0.03017082930021656,0.03023534011925337
AGR_07_8b7c5,0.030255943583522103,0.030296210177241576,0.03043556095418149,0.03023658047385264,0.030287130271818265,0.03033253875196966,0.030383304185625418,0.030343636032292107,0.03031985621893454,0.030470674909769156,0.030302724151411484,0.030342130859250884,0.030315115898127565,0.030269918181526193,0.03025217942476947,0.03024268170495399,0.030237237829092836,0.030283549718633118,0.030421946993820097,0.030482477222196804,0.030307758784020852,0.030036297856808513,0.03031906704420628,0.03032906579595659,0.03022570172048275,0.030439499521301705,0.030320219909362237,0.03020140846953379,0.03029090181334226,0.030255514754867943,0.030276347861660585,0.030190343598735486,0.030296475326731725
AGR_08_8dbee,0.030268819735580505,0.030291327092621334,0.030457233421287283,0.030246991865123238,0.030295315565168606,0.030348237641906674,0.03043067833205823,0.03037180825535315,0.030291862797862924,0.030460829351430012,0.030335710851511932,0.030357731638720808,0.030223861641891416,0.030235915438995137,0.030218877171851254,0.03025038016164805,0.030302782999206513,0.03031455643449875,0.03037017767270284,0.030470733312545108,0.030299598377840808,0.030051754379030318,0.030321857919952587,0.030305829339809947,0.030262729486845708,0.03048001343626339,0.0302991192317633,0.030219364582985603,0.030264101626081785,0.030232372964013276,0.030214740850151755,0.03012651227371588,0.030378174149581882
AGR_09_8dd61,0.030284610460557037,0.03031007016591463,0.03038441421172456,0.030286213180278986,0.03029349900263847,0.030342952508514102,0.030359067676596962,0.030304297167419766,0.03030980021042972,0.030407875048728515,0.03029120570448894,0.030342057625266407,0.030303061223396575,0.03031343173991168,0.030300718220206798,0.03026624618808872,0.03025454181914471,0.030296386915168404,0.03035595918624411,0.03038164254888346,0.030317621691510793,0.030160979888684606,0.030310841338020283,0.03030449182968527,0.03023989143367545,0.030379135083895618,0.030334472003781213,0.030250084231721083,0.030304862635489534,0.03024494670897076,0.030258626608350273,0.030258357243342398,0.03024763849927014
AGR_10_9781f,0.03024752839865495,0.03030975803361971,0.030483607344245548,0.030229947720787166,0.03029533038101504,0.030357796738360022,0.03042523718365998,0.030358461139057154,0.030311486945346144,0.03047275018467942,0.03032104296369773,0.030344411042338433,0.03026703981571636,0.03026598623302281,0.03020389170311728,0.030241512694728696,0.030254927724727067,0.03027422881080764,0.030410501244116754,0.030503188023399026,0.030285666761410174,0.030026633698874577,0.030297542486797557,0.030311483852488302,0.030221487751503146,0.030501888529035365,0.030332582483995695,0.03021096204238697,0.030294775973784237,0.030252926501679638,0.030269745546724024,0.030137041663703623,0.03027862838251968
AGR_11_a8ba8,0.03021443903700795,0.03024677347379112,0.03048749965500612,0.030185889276570742,0.030292103849452006,0.030335015084210954,0.030400393615697456,0.030343937873803954,0.030319830693065705,0.030589408402824293,0.03031838166863355,0.030361960675453454,0.03038687422992875,0.03023333427023952,0.030228227560243542,0.03020167130654061,0.030206580099579033,0.03026833675273078,0.030481279668274228,0.030588555733310742,0.030301057487033593,0.029850035743846343,0.030328871520817566,0.030364292959674428,0.030187894488555748,0.030512105546776812,0.03032423951256103,0.030136231740792867,0.030316929408602814,0.030257632924484787,0.030317041342576574,0.03012687991577279,0.03028629448214021
AGR_12_c170b,0.0302844283404089,0.03030732886327644,0.030411974963212043,0.030267696298991755,0.03029428022125077,0.0303420730802235,0.03039254114954829,0.03035370731364963,0.030297757338426726,0.03039932922804853,0.030327895708458324,0.03034106779796482,0.03024437514482262,0.03025983773541286,0.030236692316209797,0.03026254766676051,0.030309758587312857,0.030307054378988674,0.030350362437926666,0.03042184362624037,0.030291414850344672,0.030136037513337446,0.030302589677914323,0.030294047296194344,0.030267011469922132,0.030436307025548275,0.03030697649830551,0.030249178323606466,0.03027699434132071,0.030256408795487976,0.03025210222627997,0.030172140385709263,0.030346239398894862
AGR_13_d7fa3,0.03024733272703528,0.030268573309870313,0.030448968623640698,0.03020617064064755,0.030286271326686143,0.03032412566208633,0.03039383203313975,0.030374937473400337,0.030313916360049032,0.030504109189262465,0.03032978931483865,0.030347255749188912,0.030319195452899142,0.030220400429005395,0.030216996353512576,0.03022547882726422,0.030259840102118137,0.030291259901294585,0.030436685251479384,0.03053880512367077,0.030295134983625134,0.029956588373850325,0.03032704245774673,0.030340308455911492,0.030238807703559155,0.03048027681161971,0.03029540452348612,0.03017699085629011,0.030280562334548667,0.03026474050667886,0.030289564141914176,0.030128048811958616,0.03037258618772126
AGR_14_f501a,0.030253385842735188,0.030297858756191762,0.030453006475632628,0.030230179079466714,0.030289447331841024,0.03034975161159423,0.030399115014335665,0.030348832356185185,0.030314009213018207,0.030475197344560268,0.03031434284530653,0.030344361330547163,0.03030634342401287,0.030266666436970808,0.030227121861596918,0.030235750658253003,0.03024798659655226,0.0302780764498697,0.030412969322693616,0.030497643735524334,0.030291159351573466,0.03002195950685389,0.030306177645943753,0.030319187826270053,0.03022176803928895,0.030474685472099857,0.03032749113275002,0.030205522287554576,0.030298128431395115,0.030258857886854413,0.030289873840648556,0.030161253365799473,0.030281889526079873
AGR_15_fe6d3,0.03024851728292924,0.030273433331862328,0.03042318520336313,0.030240776635386227,0.030286345569480004,0.030334053150016037,0.030368497910910435,0.030309181405844612,0.030316679611446313,0.03051207956547473,0.03028670408352093,0.03035466491902228,0.03037299338440584,0.030281008643292466,0.030292371885863183,0.03023136634386816,0.03021250395501591,0.030284405856449047,0.03043120129357192,0.030479575470632788,0.030321541667270035,0.02999805906408495,0.030332439408583226,0.030344663193601577,0.030203095267408574,0.030419646117153434,0.030330136764043725,0.030181557494133888,0.03030691392629707,0.030250879293942778,0.030292575928540476,0.030222701942065874,0.03025624443051885
DIS_01_0c5e4,0.030210518182151324,0.030161225692677828,0.03035496882208945,0.03022321497430576,0.03031004474070649,0.030281013376931308,0.03029237451396602,0.030234557786903385,0.030306508513823452,0.030605621842715258,0.03028534407885718,0.030363089898038882,0.030555283317040008,0.030256303748808572,0.030371399088008448,0.030218157156887124,0.0301772259284765,0.030286269817871563,0.03044618729560626,0.03047642007451304,0.030348270009162393,0.0298878624968331,0.03037422111093531,0.030420218162274415,0.030201299266551483,0.03034529569689697,0.030315988259755938,0.030130132928917044,0.030370148476599357,0.03028892041142047,0.030378270784556502,0.030286007760036548,0.03023763578568263
DIS_02_24fa8,0.03019092407028712,0.030134454170565574,0.030362423840619414,0.030191116683526024,0.030306213022400184,0.030265061300043045,0.030278574107037454,0.030238248596761046,0.030314642571516257,0.03065830575523332,0.030286999644890882,0.030363746319048496,0.03061618090918254,0.03023550494881786,0.030368099225782298,0.030197014240087274,0.03015253032850225,0.030277079587486933,0.03049280636229333,0.03053256192750008,0.030348207707490207,0.02979433475726481,0.03038417564907568,0.03044757149145195,0.030181863906121206,0.030360288924425945,0.030309993466716048,0.03009199873146472,0.03037695727308206,0.030304458516674786,0.030418129847951697,0.030271806354588374,0.030247725762111103
DIS_03_28e55,0.03021657192319623,0.030162137069595828,0.03033576413558578,0.030253122963531054,0.030323452585672345,0.03028146766718794,0.03028508168757087,0.030205234674859468,0.030296405524740715,0.03057405145845715,0.030281209321227513,0.030361863378188643,0.030541684299529116,0.030278335571875762,0.030397477469655956,0.030239486713153196,0.030189016987376718,0.03029196058071044,0.030406395644975655,0.030412139796525725,0.030355760863078077,0.02995870755933198,0.030370380694210303,0.030412783021353074,0.030212076816303415,0.030311506138042746,0.030324443144401626,0.03015788068734944,0.03038322004620584,0.030287026627108075,0.030363007713788727,0.030323859715954662,0.030206487519255823
DIS_04_3296a,0.03023274385254165,0.030178888920790167,0.03034540015291505,0.03021911079246886,0.03030382825347435,0.030262392442389888,0.030298424008338622,0.03029147646599311,0.0303073716389966,0.030546501164666905,0.030311150858099233,0.03034973674474818,0.03047971212354585,0.030222132475921173,0.03033190340200116,0.03023168296372915,0.030226951310902885,0.030305516908914813,0.03043063440853757,0.030474791029620227,0.030338848784690325,0.02993622518864439,0.030371963805995154,0.030403381635167877,0.030245987571846995,0.030350652909720017,0.030280858986599397,0.030150772745658624,0.03032757990635233,0.03029481413938205,0.030347664371328326,0.030245723042925565,0.03035517699309361
DIS_05_4c0e5,0.03031215635488624,0.030255557928265134,0.03021094936841373,0.030363366306703634,0.030329256036434035,0.030283589797722152,0.030241437087536988,0.03020494100155008,0.030277662208739144,0.030277468848225193,0.030281196750163903,0.030307991617096863,0.030370173148932856,0.03034588184216469,0.030416502211757186,0.03033610774698684,0.030305773404037787,0.030325691885109134,0.030224739498641295,0.03015846120247216,0.030339021645347006,0.030406090144571712,0.030325111837109352,0.03031906886705693,0.030321810906803078,0.030178638803713964,0.03031118246184704,0.030336917618916655,0.030346550197331103,0.030309648186736055,0.030308438537768788,0.030434884248232985,0.0302337322987263
DIS_06_605ba,0.03017927122194853,0.03013534928111724,0.030389151846951748,0.030184871390007962,0.03031687977075982,0.030266216775047768,0.03029704935380047,0.030245793043007153,0.030313014095345737,0.03066155651113565,0.03030190565977159,0.03036272434415915,0.030594421695187952,0.030226467740331497,0.030339953696974693,0.030199936635055078,0.03016158070203814,0.030269118531632274,0.03049381815403269,0.030546935190599724,0.030338091637236435,0.02978378392874049,0.030371556125834788,0.03044588601986205,0.030182477280868758,0.030390237052653975,0.030314009701689914,0.030092293558972874,0.030385382046502044,0.030308079083541096,0.030416447651953636,0.030239801387191186,0.03024593888604783
DIS_07_67eb1,0.030222654539070925,0.030174581912925862,0.030325299597532832,0.03024265771613319,0.030312405342882157,0.03027223785135878,0.03026947039402974,0.030225143013727584,0.03030818132610793,0.03055176683002575,0.03028392111173721,0.030350350525392734,0.030551962073865072,0.030269225764042475,0.030381123269728,0.030233046613994074,0.030192827558428358,0.030284863687011127,0.030426570582052188,0.03043295289493456,0.03034306416539733,0.02996213190342042,0.030359049936025694,0.030409215400753746,0.030210333113799462,0.0303138073365064,0.030317742790062586,0.030156141978422032,0.030374010597214837,0.03030546409589447,0.030393112810284496,0.030314460035260837,0.030230223231977132
DIS_08_71203,0.030239660774984616,0.030191822019590097,0.0302934561090592,0.03028264428970979,0.030325612033390847,0.03027796691709539,0.030261682368313093,0.030200080408617696,0.030297455498645706,0.030480200258242395,0.030277003979011015,0.03033865588828765,0.030511056185396852,0.03030198545121261,0.030401629357420766,0.030268206030935954,0.030214036148700173,0.03029046158925605,0.030362800695166715,0.030341342869974856,0.030346008177707794,0.030094229242934957,0.030350861154238365,0.03038979808157912,0.030241246653345717,0.030264981183984865,0.0303245199766728,0.030209538677533582,0.03038266130577278,0.030306349418514535,0.030370213118885152,0.03036494324846342,0.030196890887355395
DIS_09_891e7,0.030213875493986162,0.030154858359700235,0.030324961112482,0.03024877225228206,0.03032146091239983,0.03027590108514354,0.03027175664046985,0.030199705025806062,0.030299815275116004,0.030580079975622055,0.03027772198618123,0.030360067468892596,0.03056987365974498,0.030276519761555223,0.03040464463868334,0.03023479329790365,0.0301812750543937,0.03028829370733115,0.03041613018631597,0.030418548325896706,0.030355653132227885,0.02994571212093047,0.03037236888920222,0.030420500542773007,0.03020853374570564,0.030302100235610595,0.030323402176440264,0.03015041901421768,0.03038912387752716,0.03029526761372931,0.030382940105582335,0.03033236173916387,0.030202562586983294
DIS_10_9a1d5,0.030205404064813708,0.03017269471406129,0.030356370773524922,0.03023002320703813,0.030309486696070576,0.03028520488209632,0.03028414205310197,0.030213669989160984,0.03031359932749799,0.03060405178020408,0.030266859787716434,0.03035870347108241,0.030576208414042017,0.030283560478376378,0.030387687046794648,0.030220322005144157,0.030151189365173373,0.03027231561171492,0.03045726908961715,0.030465113105362457,0.030351725106785084,0.02990276171825882,0.030367656010795215,0.030421688127159563,0.030179889474555657,0.030332182545814303,0.03033481485952388,0.03013193175512114,0.030382451602678415,0.030292074119822824,0.030391840926419368,0.03031849482605765,0.0301786130644141
DIS_11_b2825,0.030214809470707284,0.03018287205280027,0.03032476129338124,0.030232443902162273,0.030311244001541685,0.030267885006772705,0.030255448801729465,0.030223146335752224,0.030323359744680315,0.030547354703854918,0.030276047255470336,0.030339040531698457,0.030579245379828642,0.030279690792449666,0.030376330991522257,0.03023126729465344,0.030168393095702503,0.030265060472431028,0.03044971630364403,0.030447787767662507,0.030338543693609117,0.029957492846023094,0.03035076333711411,0.030416246713235628,0.03020110746033502,0.030309192179921108,0.030326530622811095,0.03015240914804847,0.030388852985351406,0.03031819372264673,0.030421342071655304,0.03032557059279642,0.030197849428007344
DIS_12_daad3,0.030247495514661698,0.030201724049184142,0.03030327403114644,0.03024958699018355,0.03030876658704701,0.030270907408554527,0.03026629109581703,0.03025464925406649,0.03031296492496862,0.03048394530728694,0.030288412765103318,0.030332919511149328,0.030492776459845713,0.03027616496325191,0.030365969036945065,0.030254573114626,0.030211643193791764,0.030293241089661742,0.030392893178383264,0.03039848885541552,0.030341616962259343,0.030048090869666096,0.030359041781264015,0.030390292580032938,0.030253076649902188,0.030292421779019044,0.030303049351821078,0.03019507001001374,0.03035418050537196,0.030302561479982126,0.03036251762366524,0.030322871306322805,0.03026852176958929
DIS_13_f7310,0.03020109573918076,0.03013808493829521,0.03035174133694248,0.030220414408177975,0.030318187893615275,0.030272553426436536,0.030285910185972674,0.0302219395898979,0.030298814904246973,0.030623871022386315,0.030291475366751943,0.030365901999368165,0.03057766851075108,0.030245941458402207,0.030378363605869804,0.030216841202683867,0.030181992522202702,0.030288893670537876,0.030444450613842686,0.030475157518971056,0.030349215393314432,0.029864720338375065,0.03037882957705429,0.030431987460568008,0.030200783515912582,0.030343882995810433,0.030312387994073695,0.03012257669543392,0.030379802749658784,0.030298143509691403,0.030391672511842004,0.03028544564928491,0.03024125169444699
ENE_01_0ce22,0.03038944038704828,0.030387567000621913,0.030174279054668917,0.03041480689527371,0.030304577260796533,0.030316998981557215,0.030249435089296717,0.030263995310732657,0.03028651177886242,0.03005137603008687,0.030270494051748375,0.030256275758757726,0.030187862861641032,0.030407063833480328,0.030366097805785044,0.030391825034197188,0.030366270104387964,0.03032852095268909,0.030133588403594255,0.030042326442734586,0.030305630358624127,0.030724539388576593,0.03027506088767517,0.03022502214339031,0.03038188252844105,0.03014588867931426,0.03031185380789686,0.030468232906927854,0.030283168064422997,0.03031553088965469,0.030259145930723767,0.03046917726971679,0.03024555410667474
ENE_02_24d51,0.03042593205371195,0.030451648739886896,0.03011775232220743,0.030477424616246283,0.030297738669532396,0.030319382900514554,0.030215233506774755,0.03023546326495677,0.030296600311042882,0.02992666921230176,0.030238946864443284,0.03023335375005732,0.03015392328489436,0.03046829328897307,0.030403809748685014,0.030427925738239735,0.030376993276280684,0.030321605609521272,0.030091349234834194,0.02993339655838858,0.030304860923975444,0.03093623267033905,0.03024209165890951,0.030185685293851315,0.030388240904938524,0.03006398308330062,0.03033228647949759,0.030532545727834808,0.030281015516371242,0.030322191481318064,0.030254163203989996,0.030558644841243984,0.030184615262936577
ENE_03_31059,0.030382286877831316,0.030335219865868304,0.03016027642594117,0.030399576500309503,0.030305811555418703,0.030290647619230605,0.030243490575020796,0.030270742603152337,0.03027719722019769,0.030107718877196564,0.030282370148752805,0.03027391742900432,0.030216752481136734,0.030358856650363218,0.030386042863021972,0.030380261085394177,0.030375646650173557,0.030355494194857974,0.030145914134776134,0.030069148814664316,0.030326440975977125,0.030637761443347827,0.030314703325022292,0.030256052010827022,0.03040192186600561,0.030133988330030087,0.030277112284004662,0.030429354049929448,0.03027081715082842,0.030305670151970526,0.030240361227686648,0.030450668113148137,0.030337776498909987
ENE_04_3143a,0.030299891688673027,0.030284122371747955,0.030289962627408937,0.030311245882582973,0.030294661324976397,0.030316053135339697,0.03028780930561467,0.030256087256866893,0.030301884092340876,0.030362171378346587,0.03026891629137077,0.03032311076455582,0.03037528643826404,0.030338257800580484,0.030369795905863445,0.030286196011401156,0.030251491755292067,0.030306605854450795,0.030315499744889052,0.03029295994754293,0.03033120912203076,0.030250429539357516,0.030327716013708855,0.030319239364199536,0.03026172552328401,0.030273373149875053,0.030325188946954486,0.03027794550733187,0.03031714111220451,0.030282988464397326,0.03030983655140242,0.030365331133440178,0.03022586599370503
ENE_05_47c10,0.03034671524837187,0.030336338703257557,0.030233506889379726,0.03036042425127767,0.030295100939132326,0.030311074576631087,0.030268223501123844,0.030269759263827634,0.03029822802450232,0.030211607895319244,0.030270882765290448,0.03029339364280841,0.030279690074189812,0.03036118357083584,0.030368128228013817,0.03033413369558538,0.030311814191367394,0.030321828488852474,0.030238329002766098,0.03018135196199268,0.03032158061217539,0.030470606134134465,0.030305102435450253,0.030274023977582363,0.03032166090503216,0.030211525790251725,0.030310942556229705,0.030362696791185414,0.030291279692802996,0.03029298546098802,0.030274936027447203,0.03040654319299438,0.030264401509200456
ENE_06_68cc5,0.030350791229219968,0.03032321108517813,0.03023255251888639,0.03034394194611444,0.030301677116493664,0.03030008461074213,0.030281523593919005,0.030307546772579564,0.030288207161168697,0.03019500340407937,0.030299616376681073,0.0302849374308643,0.0302328438851621,0.030327036864004252,0.030330215798943187,0.03034492183851358,0.030346892814375585,0.030336900277564968,0.03021136605819079,0.030186008853941012,0.030313900159410156,0.030475044571709242,0.030315318512414775,0.030274100540368696,0.030369177201084858,0.030225969998196087,0.03028109446798134,0.030375873124495696,0.03027299444808456,0.03030133728544238,0.030257227930195155,0.030366119607493892,0.030346562516500895
ENE_07_6b773,0.030403851735285422,0.0303973069809284,0.030202815347185063,0.030414977124799365,0.030294952418804987,0.030325351085592263,0.03029041505603625,0.03030464394876147,0.030276930478567502,0.03006106003685877,0.03028544804474668,0.03027367325579736,0.030113435235805272,0.030378666706005836,0.03034472773100673,0.030386802346470752,0.03039938256323769,0.030356396560745277,0.030128776287941222,0.030062373172034106,0.030310741068347583,0.03070447573526321,0.030286252392066868,0.030208682088203414,0.030393300946635803,0.030182401067259036,0.030292217217652188,0.030461477782724223,0.03023836179828769,0.030281428932885903,0.030191358280173372,0.030414885564835858,0.030332431009054483
ENE_08_76dd7,0.030323934826900382,0.030329926984731755,0.030264756963570515,0.030339019427304773,0.03029738326409489,0.030321742969350522,0.030272705017867347,0.030257590130485332,0.030308329714799284,0.03026244643863309,0.030268870578949142,0.030299248979648308,0.030328950910036782,0.03037168623781072,0.030359285787611354,0.03031323019525119,0.030273848303625908,0.030297220600754463,0.030275053695956056,0.03022922041124165,0.03031525213479508,0.030389447373997295,0.030293972693851725,0.0302854688225487,0.030280402929119737,0.03024837955832051,0.030336843815534288,0.03033549482621824,0.030321305526758765,0.030296683618199934,0.030313308066721712,0.030393634657676284,0.030195354537634347
ENE_09_82f47,0.030386219592493734,0.030381948411948002,0.030196777636764937,0.0303952104747771,0.030291478430716928,0.030316652034912343,0.030267168284995642,0.03029204329542024,0.03029017070115267,0.03009183790669472,0.030276407862722485,0.03026998713152985,0.030187796343917182,0.030374487334256954,0.030350085853057103,0.030369616053888333,0.03036808231253642,0.030335953132608565,0.030170140038079534,0.03010146715579281,0.030305852012209183,0.030642640322421952,0.03028581091749121,0.030231427178053043,0.0303721146349941,0.030179006244502416,0.030297985009510944,0.030432573671454785,0.030260661874589274,0.030303467978360643,0.030249396653934953,0.030422500869842852,0.030303032644369177
ENE_10_a6418,0.030432443093897168,0.030448500936852748,0.03011412792884463,0.030489407612048408,0.0303014742181937,0.03031965656051579,0.0302204010156158,0.030232315645191063,0.030287612768050927,0.02992066169556692,0.030241610361209884,0.030238370286111756,0.030131209956688658,0.030467814853851822,0.03041339214880695,0.030435565263887226,0.030391438449621982,0.03033470455108191,0.030071141897695493,0.029910230810068966,0.03031206883896437,0.030959130962369255,0.030248042609766972,0.030180717619787762,0.030398682995246205,0.030056468153682573,0.03032720752583603,0.030541967841199502,0.030273926351809474,0.03031052596926393,0.030226271075225387,0.03056249650153909,0.030200413501507574
ENE_11_b6eb2,0.03039287487864505,0.030371862228072047,0.030180761168069465,0.03039688733097035,0.030295635312703708,0.030305204080287314,0.03025889485807436,0.030298994568257562,0.030288564539826094,0.030082378437181177,0.030287554113502535,0.030270804848786404,0.030179625441904355,0.030361963087889104,0.030353279692434287,0.030374679937768607,0.030383164838062804,0.03034685546289941,0.030156754594956845,0.030090931943950624,0.030310975472253643,0.030652556150469686,0.030292205744167758,0.030232835061447916,0.030393730325746084,0.030166607962928176,0.030284351557621113,0.030437149420805994,0.030259539534092498,0.030298645338270404,0.030234064090247925,0.03041867799055863,0.030340989987148022
ENE_12_bf662,0.03033614265430599,0.03035672873172623,0.030264766285381023,0.0303471652747372,0.030287671575642425,0.030330611715854477,0.030277779294091662,0.03026736764490199,0.030314059143853763,0.03023662149789967,0.03025787498622262,0.03029496184622635,0.030302227650361082,0.030385030111423763,0.03035774918788015,0.03031766174811622,0.030271818630395315,0.030297027681113413,0.03027397083021578,0.030219977932448287,0.030315468197665223,0.030427131130247077,0.030290728641305602,0.030271974203274796,0.030281264198873493,0.03024262213305561,0.030339244020695145,0.03034744879351354,0.030305833119985325,0.03028849915998338,0.030296791841626723,0.030402568629082097,0.030193211507894502
ENE_13_d269b,0.030419573552116816,0.030408319111322822,0.03011513717827103,0.03047149753805441,0.030296210645606596,0.03030878530326455,0.030215559087460778,0.030222412960502626,0.030291302145510037,0.030006518492796015,0.030230022476671455,0.03026216062722002,0.03018839584982616,0.03045444467319236,0.030454280810695462,0.030413733258977393,0.030351119868598803,0.030347380805698727,0.03010769901770069,0.02994950272074806,0.030345275342957438,0.03084174102748081,0.030289978565885393,0.030215407492618432,0.03038367424220505,0.030045880091969138,0.03031867485131572,0.030489790714295355,0.030275115682963795,0.030283029377659733,0.03020733399508571,0.030572730956768372,0.03021731153456018
ENE_14_dc481,0.030356588373000575,0.030358799697590876,0.0301947113181565,0.030393811487799263,0.030297123798112353,0.03030785497162957,0.030234957603564386,0.03023053544254631,0.03030624299364875,0.030158716021826588,0.03024319224160061,0.030279164980029756,0.030298771353210872,0.03040976744215958,0.030410293921170624,0.030355208975890828,0.030292818680424376,0.030310088787251176,0.030220075409191857,0.03011276151111398,0.03032968571547087,0.030574807731024507,0.030292854850770677,0.03026668531954563,0.03031594816262745,0.030147820880680045,0.030331709620224644,0.03039282655409251,0.030309835870666765,0.03030212379742021,0.030288789021342587,0.030486551339442385,0.03018887612677291
ENE_15_f6fae,0.030392029486574126,0.03040465966363288,0.030193661886203066,0.030400284955047045,0.030292150299069162,0.030322936593993474,0.03025861805555042,0.03029042567887255,0.030300053249017012,0.03006044982979981,0.030273776922265166,0.03025991079685485,0.030182374751494365,0.03039719715591436,0.030344100613673743,0.030375285811930473,0.030360973392889016,0.030322426790496192,0.030165284364922194,0.03008786782808783,0.030298473447322713,0.030684641139588898,0.03026714756798269,0.030218850868333296,0.030367899930755834,0.03017671796770922,0.03031237124335107,0.030451754688861365,0.03027312150395682,0.030306782208541477,0.0302590443125949,0.030435079518901755,0.030263647475812186
ENV_01_0cfd4,0.03035332825223002,0.030410759626903587,0.03029023569012897,0.030356538263199298,0.03030840442774356,0.030339291440595075,0.030316858725001825,0.030330427670115748,0.030306818268248114,0.03010296958193658,0.0303158312159401,0.030262525753161275,0.0301493984605307,0.03035856469920134,0.03024346294746469,0.030356029750145824,0.03037149482665561,0.030288526723037876,0.030208963279380035,0.030191923239032362,0.03025813747323194,0.03057401045932378,0.030228770680982352,0.03021711092624582,0.030347766118865104,0.03030081182757619,0.030326172057433605,0.030425230040301877,0.030295639107669626,0.030315824399616755,0.030279606755588082,0.030308030097096206,0.030260537215416158
ENV_02_0f9b0,0.03022525665328635,0.030253257800277294,0.030439498477332332,0.030205384819717983,0.030303116099011807,0.030326166205318632,0.03036503762567445,0.030321202225089394,0.030318306530816463,0.03051933424936727,0.030311532933919635,0.03033606430667014,0.030391796056289548,0.030263536373032886,0.030245422368547374,0.03023149970085739,0.03021190485814051,0.03026279475517056,0.030435783097324923,0.030512955281580455,0.03029825874729893,0.02995921602250656,0.030321409278835334,0.03035970611442323,0.03021675834183478,0.030454768289216397,0.030327197382708847,0.03018367275214936,0.030334764539640013,0.030285988934727722,0.030341565434630412,0.03018814900157539,0.03024869474302752
ENV_03_2f819,0.030275313388899636,0.030314293973085927,0.030428239801113328,0.030251443377608055,0.03030511748411203,0.030350886500224397,0.03039657044489322,0.03036042059819206,0.030296142153399822,0.03037662365474597,0.030341357056738245,0.03032034031376336,0.03023419946115169,0.030270305346286462,0.030196315784102118,0.030270473873395837,0.030311843295655193,0.03028718340670594,0.03033507576780324,0.030422318411603953,0.030266882833827124,0.030154512951915364,0.030281453450056034,0.03028760871773262,0.03027158112117823,0.030466863385570538,0.030317896344522383,0.03027453616252267,0.030294052327256023,0.030285765390256895,0.03028937006926871,0.030159138148148367,0.03030587500426447
ENV_04_46549,0.03023947246469027,0.030287025642884033,0.03041993704593661,0.030217386513994835,0.030309561398944695,0.030328362803188468,0.030345692793827237,0.030326749032275033,0.030325449609531933,0.030430840590887038,0.03032480404091913,0.030309486460553807,0.03036881605176117,0.030283083114205998,0.03021619758650599,0.03024939543797885,0.030238027891821277,0.030244750732374974,0.030405819550746453,0.030474644620130276,0.030268692704082584,0.030060484605848634,0.0302784828906334,0.03033177167684868,0.030230092879072402,0.03045167112626742,0.030339068830279713,0.030232146693486457,0.030351395161703345,0.030318003316140086,0.030380667182985276,0.030193400934697426,0.03021861861479655
ENV_05_4e2b7,0.030240633112598586,0.030252875963277755,0.030428812192717133,0.03022761570061112,0.03031045576603098,0.03033238136910772,0.030376016507274155,0.03032148047301309,0.03029664508642422,0.03048327093725056,0.030326908911312813,0.030338251643191365,0.03034303704060026,0.030256778167025482,0.030241302248406713,0.03024633115422288,0.03026069833699513,0.03028322819120641,0.030384216056098055,0.03046655538892291,0.030291634711713422,0.030019342346945276,0.030316625851407077,0.03033994373910121,0.03024151531148112,0.03045338816292797,0.03031787589675123,0.03021384487960402,0.03032222927522883,0.030285796432349018,0.030319435611596605,0.030179944430290217,0.03028092910431662
ENV_06_5bd1c,0.030185480396587958,0.0302096196233498,0.03050056053870178,0.030140044192926346,0.03030203369967265,0.03031060891636186,0.03038815364482381,0.030361931210739983,0.030320132086342908,0.030618967393307255,0.030349083525842688,0.030347319236922826,0.030435495115123105,0.030188875290855444,0.03018073611202773,0.030187298942415827,0.030214429965850886,0.03025130899995689,0.030512728143609398,0.030652140047045702,0.030273960403585334,0.02976320258088531,0.030319966652641122,0.030390388510144407,0.030188094925657105,0.030554596810322167,0.03030946347891292,0.030112245857002503,0.030333339504193372,0.030308919486219898,0.030394110965421745,0.030075250668448447,0.03031951307410079
ENV_07_6070a,0.030314724606567943,0.03033740000150811,0.03027278369701878,0.03035052752181631,0.03032481941413042,0.03032103752499017,0.030278420413920152,0.030248991495844257,0.03030229514651405,0.030211542796216958,0.030288690127842684,0.030281940570864453,0.030290797243336852,0.03037645761619899,0.03032816179763404,0.030340977413561124,0.03030202199236297,0.030281871014270614,0.030238511194788837,0.030191273975554628,0.03029549254938032,0.030463075076233248,0.03026560893713354,0.030275365617353445,0.030306481940203408,0.030254612019261273,0.030344605602317404,0.030374311408660353,0.03035050478917089,0.030316975584395497,0.03031907430324896,0.030382048508994546,0.030168598098704782
ENV_08_6c0c3,0.030232475169947946,0.030234781327596796,0.030439910580030365,0.030213408383057385,0.030305605868110104,0.030327124820803224,0.030383779357255433,0.030327887733536122,0.030294839183292142,0.030528149041159483,0.030328494750614762,0.03034913955013725,0.030359601292085946,0.030239350611416103,0.03024326548349024,0.030232382127000516,0.03025165059832649,0.030289599079077283,0.030405155327213763,0.030500446265799425,0.030298982928012412,0.029957007378716326,0.030331424527687677,0.030353128570638505,0.0302315015997347,0.030466861242976453,0.030310575283353597,0.03018585719139651,0.03031338669686025,0.03027906188709644,0.030316391783631443,0.030163675199518417,0.030305099160426566
ENV_09_80007,0.03022684776401701,0.03026821365628419,0.030484467253712698,0.03018640366102792,0.03029697051431008,0.030344967529073275,0.030405443045818558,0.030365095268384663,0.030316681360791888,0.030529130416819785,0.030337507788954412,0.03034374803355482,0.030341547106747763,0.030237301464018183,0.030187926071690775,0.03021549077825411,0.030237206914726592,0.03026314342721104,0.030444149930188083,0.03056801029430503,0.030275939755893717,0.02991488327380549,0.030304971318842727,0.030340124800129913,0.0302130519307048,0.030529391467046106,0.03032420595502357,0.030176371748600134,0.03031712947907979,0.03027637574683041,0.03032993937622255,0.030108454375664496,0.03028890849226551
ENV_10_8f360,0.030318396670965857,0.03034069641613607,0.030316789722780773,0.030313349628046715,0.03031198308225024,0.030317321470632534,0.030328607584490776,0.03033575525125857,0.03029789789117532,0.03022209830801379,0.03032602235924666,0.03028504163219958,0.030206629967012212,0.030301752699368655,0.03024811620188331,0.030328413037292203,0.03035225548953717,0.03030176161778569,0.030258026977640066,0.030272617238187912,0.030276911367581164,0.03039673089169573,0.03027532166307311,0.030268633807509066,0.030342006311309545,0.030328320147468227,0.030298639385899974,0.030354630629344504,0.03029166463343416,0.0303101669348903,0.03027899394231305,0.03026586346181856,0.030328583577758465
ENV_11_97928,0.0302383369040782,0.030269090930960633,0.03044014439491722,0.030223114607608976,0.030300112278586238,0.03034187743340805,0.03037254670487479,0.03031849101250779,0.030311699979884844,0.030497339971932737,0.030315917064057177,0.03034235961975873,0.03037077187248907,0.030269966684952413,0.0302427552386467,0.030229596125030046,0.030235749444246507,0.030267452309678766,0.030417804990492788,0.030496328729002133,0.030287899740234027,0.0299899486281924,0.03030343754144361,0.030336722642298555,0.03020793612500293,0.03046731392095128,0.03033617337953891,0.030197482355983407,0.03033098561096359,0.030281197106673364,0.030339642118208124,0.030179343897873512,0.030240460635522468
ENV_12_d933a,0.030264815503942544,0.030280466998009865,0.03041410009839692,0.03022144989705734,0.030299361950094063,0.030323599900930642,0.030371534425308683,0.03036876402389866,0.030307702033863602,0.030427471805932915,0.03033933460172722,0.030322620111847217,0.03029206156872085,0.030248477109686527,0.030213315251292557,0.030255031414309966,0.030281071632907976,0.030290766884002136,0.030374599808255624,0.030465229474303048,0.03028520186810561,0.03007021851374917,0.030311677088024895,0.03032175039267214,0.03027241381645808,0.030451328099628305,0.030298589124300265,0.030236525383358498,0.030293754997410226,0.030286145416513602,0.030300216416675387,0.030164412972921127,0.030345991415694253
ENV_13_e223a,0.030309302002855858,0.03035901944522786,0.03034362253472463,0.030314982991791972,0.030318591611948782,0.030334451981147856,0.03033623827907371,0.030323384767357974,0.03030201382976281,0.030216323718824233,0.03033104623509201,0.030282882820107524,0.030212363983989056,0.03032320904948413,0.030228247983524376,0.030323275395265754,0.030346889596663717,0.03027825479630849,0.030263881551036646,0.030279454579112373,0.030256999190771787,0.03039678376476572,0.030239717939267524,0.0302543716170382,0.030307917172768893,0.03036484123477541,0.030330548669783648,0.03036172289915548,0.030317751876977817,0.030321534752616265,0.03031305796417595,0.030253576597614365,0.03025373916698923
ENV_14_e4670,0.030194873796699273,0.030244669140455194,0.03049672373015868,0.030136559757702,0.030301266570069662,0.030317164690629606,0.03037975187994258,0.030378205837097626,0.030333551126086784,0.030558122684696203,0.03035143758343215,0.030322365300009563,0.03041313469461062,0.030213071123967768,0.030151507112037138,0.03019953702558596,0.030211983187921797,0.03023204965181202,0.030501666521720688,0.030638161949075822,0.030255237701741246,0.02982515329238847,0.030294340711873178,0.030371952893921594,0.030195955024624077,0.03055833155754604,0.030321101137101184,0.03014647794421373,0.030339939670484654,0.030329133661306785,0.030418459927966452,0.03008260277658185,0.030285510336539617
ENV_15_f1429,0.03027439504384693,0.03032893001424124,0.030404264987748578,0.030251110154879003,0.030312997497018032,0.03033693076712682,0.030363806712004917,0.03035565878190337,0.030310392749216732,0.030320138948333557,0.030342680127054565,0.03029230131148713,0.030251349106668223,0.030286442065879278,0.03018505881790306,0.030286150336624854,0.030308038654617394,0.03026381351619946,0.030331718289379285,0.030399462494499485,0.030251581200759988,0.030216306373179985,0.03025763305172794,0.030286422415844918,0.03028213291918073,0.03044281793391513,0.03032493508307334,0.03030092815287824,0.03031821547730741,0.030321384281315526,0.030336225178963096,0.030183887104962417,0.030271890450259503
ENV_16_f8183,0.030303001314551502,0.030334475776297318,0.030282235571411454,0.03033381067509994,0.030311210152616275,0.030323062376622557,0.030266975182347177,0.030238619491862358,0.030319440171229863,0.030263787922728977,0.030270136655155155,0.03029099468842042,0.03035770331260094,0.030386147314499824,0.030345779950704563,0.030313721854584735,0.03025422613021962,0.030266302040350693,0.03029283438421561,0.03024065245745908,0.03030217155668462,0.030381605261457004,0.030268381993255957,0.03029077956903066,0.03026076672320864,0.03026253457465054,0.030361136408756723,0.030334447956535983,0.030361622006263654,0.030313075638464422,0.030351159978849157,0.03039214933514764,0.03012505157471704
HEA_01_07f11,0.030339795759454984,0.030325124418375995,0.03027908595940964,0.03033711242273046,0.030305532413036115,0.030301641536523215,0.03031789748173227,0.030333942950146728,0.030287161316623335,0.03021830522522754,0.03032762082735791,0.030302048665614586,0.03019777570934986,0.030283457006941385,0.030287189832395263,0.030330236566717596,0.030381099567951958,0.03033702706483388,0.030237676201219907,0.030241537400218985,0.03029818084101537,0.030416619252141397,0.030296526258781,0.03026683107568997,0.03036015342987301,0.03028815981130725,0.030275454829204664,0.030349671514332908,0.030267000298541177,0.030289044951228635,0.03023900650164227,0.030279537323414638,0.030402545586966066
HEA_02_0a422,0.030376264781217,0.030360420124600617,0.030226166529045716,0.030399675804898326,0.030319084750214716,0.03030902776354341,0.030307854777680342,0.0303138748491473,0.030265223193394513,0.030083668762733527,0.03032856425420782,0.030279211361172353,0.03011343388238112,0.0303172129449876,0.030297006969251847,0.030382918726504903,0.030445903850529758,0.03035160947570666,0.03013333748995013,0.030103923269921076,0.030286418189295186,0.030645707682833825,0.0302715520800034,0.030222659932036215,0.030413821815156894,0.03022642487333061,0.030275149558635504,0.030441355351363705,0.030260796041936287,0.030303321769050106,0.030214392790247988,0.030332523873600064,0.030391492481421412
HEA_03_12168,0.03034951125555844,0.030325463784843142,0.03025987775631382,0.03036053907282822,0.030310281549753217,0.030298822204268775,0.030319732537723933,0.03032708720636625,0.03026737676257264,0.03017473488404988,0.030330803592357476,0.03029486443100104,0.030164257503386017,0.030276827936097574,0.030288338782800513,0.030349795559760803,0.030423475976271177,0.030351286381208945,0.03019760823029783,0.03019179865597048,0.030290433624503614,0.030491866589956194,0.030293748052876813,0.030255551854126306,0.030384388205411016,0.030267181360078773,0.030263097366638566,0.030377694230764005,0.030250511035815213,0.030306230215091812,0.030235920366220904,0.0302891206005122,0.030431772434574313
HEA_04_19bb1,0.030374461057356746,0.030338236786612734,0.030219538350990633,0.03039297948603383,0.03031571889837576,0.03029165213686098,0.030305158279496723,0.030323193201922432,0.030256783003222418,0.030100421227155918,0.030336232929022797,0.03028365738477452,0.03012102941418528,0.03028604376370913,0.030299504881813315,0.03037747689420081,0.030464431359600346,0.030367512723390316,0.030142209001167247,0.030116840673908754,0.030289366827530674,0.030610990833732213,0.030285936475364723,0.03023435798710387,0.030419731670322237,0.030224915289786887,0.030253328607685735,0.030423639292169957,0.03024063469849117,0.03031268488818907,0.030217522322373114,0.030317750174199614,0.030456059479250095
HEA_05_65dc0,0.030366704061878257,0.030324721611691547,0.030209949519682425,0.030403493240142535,0.030320511752651862,0.030295280230399155,0.030291465522628475,0.030282278922387978,0.030258283240373517,0.030132249099967513,0.030314274790904663,0.030293044203124033,0.03016620454735256,0.030315380236620695,0.030346034464891574,0.030376418701170277,0.030425971352875177,0.03036331379911158,0.030144220117275952,0.030097405870499666,0.030310745977457726,0.03060062883713131,0.03029885696176113,0.030248257458285736,0.030400808076969384,0.030194853038131818,0.03027141790964471,0.0304147316878882,0.03026582003184744,0.030297206740647464,0.030214214901576854,0.03036768892889803,0.03038756416413091
HEA_06_6bf25,0.030395541482528043,0.030380207897176895,0.030197404776728,0.03043062019169191,0.030315748691125282,0.030312301666683555,0.030297413603115345,0.03029836816267921,0.030259719715786514,0.030034733169325364,0.030312979864887613,0.03027235478392588,0.030091105536676852,0.030343571445947338,0.030322224080483205,0.03040155589414403,0.030455949300282312,0.03035978689602252,0.03010008160023495,0.03004304637896366,0.030291809858008403,0.030742902643279925,0.03026858287168895,0.03020596335901322,0.030422933673608606,0.03018478222284579,0.03027873070227791,0.0304731730386911,0.030250273991430165,0.030302446688365167,0.030200264356879062,0.030378973060324443,0.03037444839517886
HEA_07_7822c,0.030326992820615125,0.03030302946879111,0.03027887460360525,0.030323364878722996,0.030299556386418007,0.030288637360710264,0.030312864236080542,0.030331745277806743,0.0302858834595188,0.03025621886778987,0.03032210167593972,0.030305785104349024,0.03023672031917024,0.030262997990054837,0.03029453780317507,0.030317619407740967,0.03037112440349717,0.030338411788159506,0.03026734664513955,0.030272555387607473,0.03030157391487067,0.030358534177851164,0.030311069180724633,0.03028783640710393,0.030348757621271153,0.030286486947840086,0.030265213620893818,0.030318969682727917,0.030259100346913086,0.030301725478937683,0.030262477659132998,0.030276282890586387,0.03042560418625414
HEA_08_7c732,0.030358750548060254,0.030325572186636722,0.030248800190673195,0.030371711025179465,0.03030788735670045,0.030300519741206067,0.030315516132906555,0.030320198211855887,0.03026496661093758,0.03017301868989313,0.030327768735146914,0.030301824464131117,0.03016371403195598,0.03028402607884461,0.030306842948299672,0.0303495845875213,0.03042567548132337,0.030360615227769137,0.03018760659866664,0.03017494175150729,0.030298718966011582,0.030503093915294877,0.030297283758324123,0.03025057530629377,0.03038181859625868,0.030254932987124297,0.030264745863290313,0.030380210644767106,0.030247670837288333,0.030294846480504754,0.030222754769962338,0.03030280509019163,0.03043100218547287
HEA_09_8b6f3,0.03036156093702136,0.030324875992771214,0.030219276409882888,0.03038711332275414,0.03031613607641548,0.03029180357228077,0.03029598735467354,0.030300790534406267,0.03026544987204269,0.03014203712171575,0.03031930543234583,0.0302910961184346,0.030169716731273596,0.030299322249872924,0.030326292014773368,0.030368481595684414,0.030422735502636866,0.030357868379722538,0.030164919498711456,0.030131722179002188,0.030304753829627704,0.030566684999620158,0.030299206320172144,0.030253728541301234,0.03040256713895913,0.030210541942259604,0.03026465640882811,0.030400906191684875,0.030261647264880943,0.030301795427455352,0.03022348403121147,0.030343071913046533,0.030410465094530832
HEA_10_95108,0.03030929029893946,0.030265244782371397,0.0302728881049951,0.03032890415235247,0.030308971475697933,0.03028987816816157,0.03029923547013065,0.030281401452072552,0.030278313959965268,0.030316417027018032,0.03031187102121955,0.030325192044223775,0.030310909446212148,0.03027273899048451,0.030340101724659875,0.03030420592055248,0.030345565902286077,0.030336813157034768,0.030275092974835705,0.030269749485963816,0.030316149977329874,0.030296403771668888,0.03032190237000919,0.030309880711925676,0.03031825253598808,0.030273232253691326,0.030282307599224366,0.030292007119102262,0.030293389763099914,0.030297447367093826,0.030285757076127757,0.03030514743649328,0.030365336459068425
HEA_11_a46bf,0.0303497828342407,0.030306462168884333,0.030213405405485033,0.030381419560150794,0.030317524050072184,0.030279638520625894,0.030276156302953536,0.030280838891254106,0.03027050112837334,0.030172885841721144,0.03031234118670603,0.03029488551463452,0.030222965241396036,0.030301305679173798,0.03034948613183884,0.03035893713811414,0.030400357688017146,0.030351981475296917,0.030189661832506366,0.030143125968186454,0.03031301713156916,0.030524173679136655,0.03030385995326878,0.03027182703980195,0.03038055988738086,0.03019974447560662,0.030270447677239257,0.030379194040460456,0.03027714358183206,0.030308352540234,0.03024828005071141,0.030361552017335272,0.030388185365792294
HEA_12_cb742,0.030365404509134414,0.030336850650391416,0.0302383844811094,0.03035424495952247,0.03030553967811306,0.030276387751211636,0.030306223032882836,0.030363213162141776,0.030278351465137174,0.030132605669549787,0.030343242556791036,0.03028096055354557,0.030133470077782804,0.03026259599340833,0.030273287522023372,0.030360581033634735,0.03043871028448665,0.030359463655267278,0.0301936568396685,0.030187654805744844,0.030291971592643123,0.030529049936215823,0.030295760729044604,0.030251087193430764,0.030416880634124448,0.030250093848489396,0.030240562553545715,0.030390412830151217,0.030230854471997335,0.030309666621314194,0.0302195233108006,0.03028239497419513,0.030500912622500702
HEA_13_e6d1e,0.030358750560609826,0.03032557218651737,0.030248800336273616,0.03037171074278097,0.030307887260235207,0.0303005197794052,0.03031551611673075,0.030320198511275022,0.030264966711711763,0.030173018845929087,0.03032776880945341,0.030301824459968676,0.030163714089888317,0.030284025878604463,0.03030684272495653,0.030349584406656686,0.030425675458874014,0.03036061521515682,0.03018760689599038,0.030174942239969735,0.030298718896542544,0.030503093257163695,0.03029728381437198,0.030250575344358894,0.030381818595659745,0.030254933312697643,0.030264745738742833,0.030380210497791875,0.03024767074208405,0.03029484644637017,0.03022275480702982,0.030302804729778334,0.030431002586420522
HEA_14_eb0b8,0.030385096380860163,0.030359857270034568,0.030207615423488297,0.030416255599328427,0.030315813698296584,0.030294070158772966,0.030301674941355498,0.030313264267287497,0.030258520736670715,0.03006320557271589,0.030325670473750205,0.030278989424210187,0.03009907790810202,0.030306692220467016,0.030312420453181173,0.030392036020312267,0.03046794152429031,0.030367142680413725,0.03012586989069282,0.030078546686181488,0.03029277537527521,0.03068162240105441,0.030277430971504395,0.030221181860313924,0.030423448154142493,0.03019963617646797,0.03026068056577799,0.03044477982646806,0.030238970465957964,0.030307508397073194,0.030201543588069056,0.030344778422169302,0.03043588246531425
MAN_01_00138,0.030339493779374966,0.030355962848205756,0.030283902283121035,0.030307734505981683,0.030290754175799788,0.030288816818223735,0.030302718195992995,0.030370527984049496,0.03031879061646688,0.030196382534893703,0.03031778289722601,0.03027672226119612,0.03020213871165572,0.03029103098154085,0.03026057153240391,0.03032845870242373,0.030344919711555028,0.03031404516225108,0.030283858174697264,0.030281362478922266,0.03029330744463591,0.03041314091566538,0.03029142874725945,0.030271857005488196,0.03035760041017346,0.030289450715454046,0.030273182305085803,0.03034626684513966,0.030256495975237586,0.03030390648574353,0.030259172578005665,0.03028214721157972,0.0304060690045496
MAN_02_0bce5,0.030371624377942608,0.030354103672255574,0.030227599799131002,0.030323282942406007,0.03028618778889933,0.030270977729720188,0.030280213135925497,0.030388461073085293,0.030310123417781963,0.03013587848193149,0.030323912048478903,0.030265986147353024,0.030165809823336345,0.030281598543855783,0.030276137168429522,0.030350041404680426,0.03038214824233609,0.030345120291741447,0.030234739960367355,0.030223389908196726,0.03030301574347729,0.03049774765795404,0.030310424877685833,0.030262720376694918,0.03041242271367393,0.030235866325639942,0.030239725033658515,0.03038001965076131,0.030226292341630635,0.030305870596965413,0.03023018647240507,0.030308884895756463,0.030489487355842008
MAN_03_368c1,0.030370246464921053,0.03040419262650281,0.03023421344816073,0.030347801027943534,0.030282322317784438,0.030307236240326413,0.030264112638422373,0.03033456833537624,0.03032735427287838,0.030109113077972833,0.030284024658636437,0.030255710838368276,0.03020873603723359,0.03036815361390672,0.03030103240763207,0.030349264255819637,0.030327050518931403,0.03030168866037021,0.030243379190850316,0.03018982090638998,0.030292077308052206,0.030562454513546132,0.030267150986929933,0.0302406346936517,0.030345884803825506,0.030228002671267636,0.030306367385974493,0.030404359638456308,0.030269162553027588,0.030314450760798518,0.030283699968945678,0.030379717447445036,0.030296015729651727
MAN_04_38948,0.03036718489917688,0.030341798221152308,0.030209266801238283,0.030338588563566114,0.030287497549309275,0.030270148721358987,0.03026088620303198,0.030346168681186447,0.030309086973957598,0.030157042729672765,0.030299758719548663,0.030272765152255993,0.030213566254707083,0.03030797323937758,0.030326313771526538,0.030350041847455347,0.030352587072861686,0.030344041017631048,0.030236573851463024,0.03019624152156113,0.030321820533360893,0.030500037263320772,0.030321709221284618,0.030275126548619885,0.030391950974390004,0.03019773274331629,0.030254174659991927,0.03037274421924297,0.030242974045383467,0.030300467724567466,0.030237220242992274,0.030364671203864615,0.03043183882762601
MAN_05_5144b,0.030341519077723613,0.030336083550147084,0.03028792682660543,0.03029002479929582,0.030290410247137026,0.030287229891162754,0.030316218771506132,0.030396027706029262,0.03030724895550886,0.030211912734611244,0.03033380751650316,0.030279053030363726,0.03018044757593926,0.030263266831953593,0.03024237724976773,0.03032623255355738,0.030363254820400695,0.030331519477042705,0.030270533127832316,0.03029718573864574,0.030293413083053375,0.030379200524818552,0.03031173535604481,0.030277184049981077,0.030384254646571508,0.03030676068086678,0.03024934039021505,0.03034345584643895,0.030237096705255,0.030301464060797492,0.030241922580693907,0.030251929915052236,0.03046996167847773
MAN_06_5a689,0.03037979652570873,0.030374681270042687,0.030249702960528112,0.030345407648511534,0.030293656881889272,0.03029392644683341,0.030313779756421765,0.030388873817662292,0.030292106627727428,0.030105705124619967,0.030333037291934203,0.030268325454925197,0.03009693009641673,0.030290889903274283,0.030255991692247606,0.03036439010768698,0.030417217164503768,0.0303516562102661,0.030192792872206574,0.0301895160235376,0.030290896675128694,0.030562204892923165,0.030292675420820685,0.030233930938862404,0.030418969243241206,0.030260690919236673,0.03024853600432759,0.030412230430988445,0.03021724987808671,0.030296606488466094,0.030199052309364545,0.03029030889850798,0.030478264023101553
MAN_07_5faab,0.030377009206305147,0.030342194388747145,0.030217897653992017,0.030346208668710593,0.030307333348806,0.03026704129973014,0.030291279505887676,0.030384990977242538,0.030282044436625147,0.030089935536482308,0.03035471815115731,0.03026254719994801,0.030113167494088003,0.030259568002753846,0.03025587763590615,0.03037338758210548,0.030452166474251117,0.03036126826956416,0.03017314793150641,0.030171693432798012,0.03028544944039584,0.03057152205517645,0.03029508185174359,0.030246190205672187,0.03045060282643996,0.030238764685639224,0.030225919610412336,0.030416361689471597,0.030226339942369514,0.030322592448260906,0.030221486952262396,0.0302837948996277,0.030532416195921022
MAN_08_678a7,0.030330744387086276,0.03032547378592434,0.030275757766936678,0.030298905948228795,0.03029082449084315,0.03028113134747677,0.03029311910342449,0.03035704576038418,0.030315538660458406,0.03024123835393057,0.03031404370283881,0.03028720457874952,0.03024577056343928,0.030281835701681234,0.030283806943094075,0.030317249310267722,0.0303293109785678,0.03032038136812061,0.030295678710427994,0.030295740071509356,0.03030628776344471,0.03035629637330082,0.030311907471481783,0.0302924230237195,0.03035128458738701,0.030279735583134213,0.03026787764622671,0.030321694047728408,0.030262943560898356,0.030300329959977064,0.030266419765969582,0.03029151564517232,0.030410483038169515
MAN_09_678b1,0.030351055405311005,0.030365417840034648,0.030297133303138362,0.030291756593975372,0.03028231472185621,0.030300371587673472,0.030320497556975266,0.030407381749569844,0.030317245964420134,0.030191018669624613,0.030331241098820013,0.030275876083645327,0.03016391263261678,0.03027917398082205,0.03022952897994826,0.03032269222152285,0.03035896685882074,0.03032278339099618,0.030276161465496648,0.030302818869340366,0.030285021727132565,0.030398148699269194,0.03029426977525409,0.030259288761885605,0.030371108759517547,0.030322183185168185,0.030262117557173125,0.03035283323289874,0.030234353432669968,0.030296349476675397,0.030242863319767836,0.030246651784593417,0.03044746131338627
MAN_10_b0685,0.030294950935461248,0.030287013740455344,0.03033847334118678,0.030228243383115836,0.030284390120925667,0.03027017979172252,0.030321169178563367,0.030405726443372975,0.030321363059862255,0.030346305010959418,0.03034114027934089,0.03029800218390155,0.030279943360526283,0.030217889212845222,0.030226313522114554,0.030275218710735404,0.030313179301532007,0.03031315664997048,0.030373461513985872,0.030433314607738036,0.030294511270328263,0.03015195661349361,0.030327311558338167,0.030326488598247638,0.030327755313902496,0.030371087836483627,0.030248447966317465,0.03025047408639699,0.03025102546085571,0.030310630896390838,0.030296733063320563,0.030192598778008832,0.030481544209600028
MAN_11_d7e72,0.030305615449977598,0.030294523772795304,0.030318429132521432,0.03025825791966942,0.030290488798833535,0.030281450266590616,0.030311529594414906,0.030372236062217874,0.03031580881973325,0.030324000839550475,0.030327551897516167,0.030301087813146943,0.030278414516717384,0.0302519388418654,0.03026127421662778,0.030288416592742135,0.030310384129749332,0.030316355947653296,0.030339698078662766,0.030375406313661455,0.030304710345077618,0.030216907523414795,0.030324497820049406,0.030315481796975092,0.03032735758137831,0.03033771172271676,0.030264514181814604,0.030275258763915708,0.03026621693498578,0.030297444941935654,0.030280674055062767,0.030239083638713894,0.03042727168931253
MAN_12_da3b4,0.030400875858681963,0.03037604303163512,0.030181267130549527,0.030385623519896893,0.030295200213030237,0.030276479656325368,0.030269972197546076,0.030351792864647533,0.030290397643560483,0.03005070093985978,0.030308641586882727,0.030259151157773993,0.030111405611119416,0.03032094472119324,0.03031955614392338,0.030391449689851045,0.030417317922330097,0.030364800602072993,0.03015463364842418,0.030098932956209183,0.03031355658847658,0.03067591128601879,0.03030489041093919,0.03023382745563516,0.030442527515761188,0.030165400624357182,0.030244316257376964,0.03044323692795106,0.030219847883361177,0.030298656881749562,0.03018823035662987,0.030380348114641288,0.030464062601588834
SMA_01_0592f,0.030365688597971383,0.03035347263465529,0.030134896874467854,0.03044850543619915,0.03033118579342826,0.03028312221457193,0.030205166766675312,0.03018931366770926,0.030287232091610345,0.030055959252623807,0.03025952905479367,0.03025959967732317,0.03026977205101294,0.030417276930993976,0.030427535696577794,0.030406207429963448,0.030354452003568996,0.030314760520094516,0.030136407833515122,0.02999282426170276,0.03032064928320467,0.030753028744807946,0.0302665126962592,0.030253081056306832,0.030369610201928143,0.03007550714248123,0.030327439696058823,0.030456274272119027,0.03034080763323379,0.030334411871482045,0.03029548561660967,0.030531122730086874,0.030183160265962773
SMA_02_1b70d,0.030347115747057972,0.030376670461011404,0.030190980295531526,0.030405042007498804,0.030319931792347803,0.030298873199150093,0.030228595584285194,0.030226260486070865,0.030309184136206604,0.030085531473123105,0.030263083446690608,0.0302523482638917,0.03027570898169959,0.030409096187962982,0.030367640453701234,0.030381458549267718,0.03032481986212963,0.03028269776577894,0.03019722792777069,0.03008447694884532,0.030296492986603134,0.030665736071628088,0.03024839410129365,0.030254633274498916,0.03033955629565095,0.030147446174876035,0.03033986251237039,0.03043017211924086,0.030342006213213413,0.030343804848167864,0.030329752737649745,0.030471883319125086,0.030163515775660055
SMA_03_20b1e,0.03037817371926365,0.03040901987243878,0.030177922227389905,0.030438377651588994,0.03031485631726486,0.030307645095246125,0.030242298486771374,0.030240221805097764,0.030301704363884952,0.030026434785094855,0.03026482926364828,0.030254043109071576,0.030197049018945172,0.030418635580243946,0.030370322080582483,0.030400445013899602,0.030362008319261374,0.03030415240509712,0.030153738766641874,0.03003251719356103,0.03030020240830571,0.030767572683554633,0.030242399730475485,0.030221434903700967,0.03036346324071411,0.030130958904681343,0.0303334676329088,0.030466298132692877,0.030312730203195817,0.030320310973642284,0.030271561775599507,0.030476740328765173,0.03019846400676971
SMA_04_28b4e,0.03040546582099373,0.03038171924942327,0.030084019401870624,0.030464742298773884,0.030321453167171837,0.030273495517732736,0.030186818064141967,0.030225844065066617,0.030286075604050246,0.029953806382196187,0.030270672614510177,0.030236394161362656,0.03020630414857543,0.030408110331622603,0.03041012225487971,0.030430175342113428,0.03040722047289668,0.030333219800704796,0.030087858909121305,0.029942016149568977,0.030308160654342546,0.030881721810902457,0.0302602934586992,0.030224494693749597,0.030428787929915553,0.030038756493937217,0.03029672549779892,0.030507677274545692,0.030306350981969547,0.030347757322009904,0.03028061555743879,0.030536835171670045,0.03026628939624386
SMA_05_29f8e,0.030374293172782316,0.030421659245462015,0.030176086218599442,0.03044006855480937,0.030313794378626545,0.03031454530462321,0.030229232666140287,0.03022377501560509,0.030310239401543,0.03001660261096305,0.03025298016278514,0.03024607840393667,0.030224808247947297,0.03044246716140865,0.0303745657799314,0.030398507047812554,0.03034214148002211,0.03028531776008742,0.03016371983148134,0.030028830170049182,0.030292623210327243,0.0307798256659631,0.03022699864071418,0.03021927042183437,0.030342682470213524,0.030127149323115127,0.030352968876205363,0.03047132201485279,0.030330759374076158,0.030333534064245382,0.030305778293925,0.030498987999614886,0.030138387030296854
SMA_06_2df5b,0.030426263114425395,0.030463321797098233,0.030123929766365055,0.030492222250205425,0.0303113830584153,0.03031844659679226,0.0302232935831201,0.030235190271402722,0.030293526432630336,0.029892198155432072,0.030253516044407583,0.030228764326083037,0.03011642093902015,0.03046675356134936,0.03038549455322269,0.030443243195571266,0.030403911588582792,0.030317369100623857,0.03007024340751682,0.029911133895415408,0.030294211851779457,0.030991567334691633,0.030220590530523464,0.030171852422113985,0.030402007101495175,0.03007004358134327,0.030335647634604515,0.0305544259422799,0.030291538379673574,0.03032355264676501,0.03024152876288288,0.030541982520029133,0.03018442565413812
SMA_07_57127,0.030400973492860844,0.0304361978805253,0.03018579929976196,0.030439699583942097,0.030308939817065023,0.030316593035556144,0.03026337210478294,0.030281600527334158,0.030299262506762903,0.029984472456426936,0.030277463855293403,0.030248183918629618,0.030115295216272046,0.030413063543644366,0.03034031104186243,0.03041210173089036,0.03039168087162243,0.030319454261514493,0.030126819207920364,0.03002136180874495,0.030296037474327586,0.030819692546788194,0.030242055862970105,0.030196435384865026,0.030394944119850595,0.030147296473303626,0.030317709579406087,0.030495431383134493,0.030279676220027318,0.03030280437348774,0.0302202141701245,0.03044946568693077,0.030255590563371067
SMA_08_6d7ad,0.03040430690647699,0.030443985286332107,0.030147904899151524,0.030463588624712667,0.03031157865003161,0.03031872886654506,0.03022506726548543,0.03023586354174834,0.0303021868833818,0.029948452285457287,0.03025926523490523,0.03023682777783177,0.03016809146521036,0.030451869622974723,0.03037273275664367,0.03041845774056722,0.03037965902915919,0.030301969075828668,0.030113030435798067,0.02997298275274177,0.030288395768512225,0.030884948028933778,0.03021974197087521,0.030191000431435917,0.03037502613385002,0.030105424296032503,0.03034321319872998,0.030516267089204022,0.030311379965290174,0.030330138771398358,0.030278456958059755,0.03051182851783646,0.030167629768858062
SMA_09_87975,0.030396604752877882,0.030459692576266312,0.030195236426115123,0.03044478151156325,0.030316335373664925,0.030330384784022394,0.0302667032487064,0.030272430601801365,0.03030289540044623,0.02995026059497701,0.030276472384512868,0.03023342792137635,0.030106530044476765,0.03043957382269772,0.03031949918804221,0.030422272245208375,0.030387304935494516,0.030296523098516118,0.030114660050887688,0.030004866176430573,0.03027717040399028,0.03086626659917161,0.030213854957984287,0.030182980632374318,0.030386994471617877,0.03015738767267105,0.030341191138764222,0.030520520590851884,0.030300306993122653,0.030322334909026083,0.030250093818811816,0.030456545237756143,0.03018789743577378
SMA_10_8b8dc,0.030406560989376382,0.030463764251205,0.030179625854483888,0.030455580980208306,0.030314617111124143,0.03033158662922559,0.0302582292713027,0.030269807330782734,0.03029996508991375,0.029928696858985325,0.030278354831199457,0.030232586079893233,0.030103237455872362,0.030438551124163705,0.030323253900382447,0.030424032643039393,0.030404502121227705,0.03030072244532806,0.030101788059918685,0.029988781263141216,0.030271952805636927,0.03089751202105419,0.030207263930254812,0.03017376038110232,0.030393180120696084,0.030148249041873975,0.030338299436375015,0.03053145427645733,0.03029882356300364,0.030324828001963424,0.030253795109742097,0.03045975287170625,0.030196884149359806
SMA_11_a504b,0.030437325224212657,0.03047509144691202,0.03012191647166176,0.030503152347773985,0.030309811684386304,0.030322451302028004,0.030230867160455654,0.030243179497875358,0.03029076519679768,0.02987172838838801,0.030256489912787357,0.030230322215985598,0.030084648084882808,0.030466601445061237,0.03038249120354378,0.03044918921621238,0.0304202682039446,0.030325422567326305,0.030055226364887198,0.02989636134888017,0.030294231038857675,0.031024418230649498,0.030217845569852776,0.030159232885001924,0.03041224168846685,0.030068489284507012,0.030332039906965032,0.03056652761183008,0.030280552365726948,0.03031361765997614,0.030218294778785015,0.030536665155264115,0.030202534540114005
SMA_12_c6e00,0.030362621629591316,0.030372807091398526,0.03022757397019243,0.03040925235159366,0.03031892535833103,0.030321999747879264,0.030290520332188643,0.0302616504643654,0.030283032544757907,0.03011121108016329,0.030284023737843443,0.030279444077707888,0.030175168510150525,0.030383562773204018,0.03034861273241895,0.03038223130964883,0.030365405951446853,0.030323888575382846,0.03015722607352081,0.0300869056585681,0.03030876261543399,0.03064653368622901,0.030273532287297636,0.03023554171289615,0.030366922942697713,0.030192002021618976,0.030319202665355937,0.03043394363804462,0.030298066876598407,0.03029088566513428,0.030228446123278695,0.03041366818221214,0.03024642761284868
SMA_13_c9088,0.030458105435050276,0.030459681823086424,0.03007131638504893,0.030526534573658136,0.03030943761010609,0.030304434320618273,0.03020837763284646,0.030232881982384004,0.030281334680801495,0.029848770192948324,0.03024856586176255,0.030232464479987255,0.0300754575182734,0.03046710981862979,0.030429439528031607,0.030467174223155435,0.03043370658329872,0.03035545450380086,0.0300183265392449,0.02983760175868813,0.030321030502947995,0.0310843848672796,0.03024730984196254,0.030163119117027272,0.03044874131831451,0.03000284101163095,0.030308803383100318,0.030582077746140385,0.030263979787677597,0.030299001738280013,0.03017682285513641,0.030585309868838253,0.030250402510243135
SMA_14_cdb07,0.030384540402921042,0.030422863244164478,0.03016703063927695,0.030433948954676902,0.030305107179998153,0.03031466364972532,0.030225081167022935,0.0302361551401505,0.030312666800845378,0.030017939660643544,0.03024797658671527,0.030245490927493242,0.030219530788943426,0.030444529146150666,0.030381649530006893,0.030396878147412543,0.03033449336382809,0.03029453902855784,0.03016212055561426,0.03002963176367569,0.030301836041564875,0.03077796990779485,0.030242306160588244,0.03021969780679713,0.030351697965460767,0.030118489474796055,0.030343695041698888,0.03047264302454382,0.03031590216140526,0.030322837151116343,0.030288651276635846,0.030508480023437503,0.030158957286337364
TRA_01_10265,0.03030679429381836,0.030317454787291618,0.030295690011411372,0.030277427699769485,0.03030482870048539,0.030292865542416003,0.030287349028585785,0.030343266976554577,0.03031721034128394,0.030247837952481836,0.03033124407101174,0.03027528236965214,0.03029331724684886,0.030284537619180703,0.030244341624917785,0.030305686322948583,0.030325594924723982,0.030285178914993778,0.030304881377134656,0.030326235611519158,0.030269423684356138,0.030317614655793065,0.03027544029293063,0.03029447141303614,0.03032803620931839,0.030326661380609618,0.030292574712541924,0.03032302753791901,0.03030975396622543,0.03034302598718073,0.030353867012209056,0.03026379810716523,0.030335279623684718
TRA_02_12fb4,0.03021390879905924,0.03013891771757955,0.030322291052676403,0.030183593975190534,0.030316664010971595,0.030234963037184048,0.030266051553407062,0.03030004221920575,0.03030457557543814,0.030540592302517374,0.030337312369554625,0.030324463785868547,0.030533661689783914,0.030184431897241175,0.030297452382030597,0.03023112869963928,0.030243307309756627,0.03029225660347451,0.030432892711268394,0.03049910947970927,0.030312185893240032,0.029902360839233692,0.030369090998149405,0.030429453257956873,0.030274872101810867,0.030354070421840625,0.030257783903194817,0.03014975691016268,0.03034916303994672,0.03035666928489074,0.030432000524922447,0.030224372927166534,0.03039060272592793
TRA_03_21d93,0.030234721766804567,0.030225995127730037,0.03033541370480118,0.030212961482238593,0.030296415118547502,0.03027235819966055,0.03027024622334014,0.03029196537489855,0.030330216133075776,0.03047355204665172,0.0302991015756673,0.030311499956373115,0.03050452213266453,0.03025941065755018,0.030298917336121337,0.030236084300072446,0.030209213086724054,0.03026087560948531,0.03044423747301002,0.03047271783519756,0.030300926198048035,0.030006950680114698,0.030324599534100834,0.030385362246392024,0.030228220130367623,0.030352086277929388,0.030308059048395633,0.030183342984217314,0.030349151642187173,0.0303465000604384,0.030437222444021153,0.030269149668635534,0.030268003944537845
TRA_04_2ad9e,0.03026074539598309,0.030258002038823433,0.03030500560041667,0.03025779055609409,0.03031356026033247,0.03026717471759851,0.030271259399372172,0.030296646223612667,0.03031309117341005,0.030347007988305367,0.030315635287881407,0.030286240827009408,0.03040397057575834,0.03026687765371834,0.03028020760525864,0.03028663997579492,0.030282219767552233,0.030273049855591722,0.03036169161487864,0.030368750010349728,0.03028384025049293,0.03019558894668828,0.030298192295140573,0.03034882677574235,0.030286982856088045,0.030316674757621693,0.030296244281790286,0.030260990061467086,0.030335973006250617,0.030367077489474224,0.030409311573743665,0.03028295264211722,0.030301778535641276
TRA_05_4f9a6,0.030256941780502523,0.030236116755137755,0.030354400096828268,0.030192465450592437,0.03029769366708812,0.030263645355910626,0.030314932743957874,0.03038657721533776,0.030318452290377197,0.03042177033172889,0.030352302903867725,0.030302023418599795,0.030363381802529968,0.03019460090191757,0.030214955804223828,0.03025358598149268,0.03028907170215659,0.030293747775961447,0.030403884897834372,0.030491485529326106,0.03028456970467186,0.030034582655126797,0.030332716417908853,0.030362807772234036,0.030310930714928214,0.030400424268201567,0.03025230608993613,0.030211238290829223,0.030291007549115793,0.030336842465650812,0.030362016731266154,0.030168223767249504,0.030450297167509535
TRA_06_50971,0.030220693470180148,0.03018642032934534,0.03033640241178998,0.0301740423390713,0.03029275937957339,0.030246711648748578,0.03025958065142159,0.030315365665337792,0.03033499637694415,0.03052978670903063,0.030312050298576834,0.030315465989258942,0.03054593178681979,0.03021621715613687,0.030291796370367614,0.03021685686940364,0.030198866975087234,0.03026807419652163,0.030483201856486068,0.03053393882638635,0.030308645332187877,0.029899574236349258,0.030352146883600554,0.030417847181438928,0.030234938559290887,0.03036418504161151,0.0302800679733225,0.03014197158359148,0.030341258397037937,0.030352175268073225,0.030449226554795053,0.03023850640660112,0.03034029727561183
TRA_07_669a5,0.03025140040447496,0.03022168422775335,0.03029262453917808,0.030246409942274562,0.030314647012972172,0.03026026961048851,0.03025651486928195,0.030280920582893726,0.0303132495584412,0.03040103386671195,0.030314836719395152,0.030301329107122636,0.030463060979704068,0.03025410056531072,0.030306227515021676,0.03026948542354626,0.030263639192034456,0.03027769851103286,0.03037707405089721,0.03039211753252268,0.030297384912073417,0.03012133583860176,0.030318825875391697,0.030372164445167736,0.03028127085115087,0.030307379743469233,0.03029143944591755,0.030229962803489892,0.030353348950788096,0.03035776055728721,0.030419303389519384,0.030287091468642575,0.030304407507442364
TRA_08_6d02c,0.03025314654739484,0.030249195434783972,0.03029022926361728,0.030245426766167455,0.03030040597412924,0.03026815150827325,0.030237452441999445,0.030268190650687917,0.030335068870260665,0.030398525462145026,0.030285272369728784,0.030293995192625166,0.030501437931401046,0.030294956721047556,0.030325985274055167,0.030261331093597334,0.030214556388745525,0.03025631780943093,0.030409906819593057,0.03039805773886628,0.030301913757114194,0.03012552047477601,0.030309955685683915,0.03037064579791056,0.03024356521268035,0.03029338223071215,0.030317234609695886,0.030225861514867877,0.030361924428245726,0.0303582043012442,0.0304449467014537,0.030330788307353754,0.030228446719711866
TRA_09_74397,0.030206276121546822,0.030184802777105606,0.030394793190880745,0.030141049267653985,0.030293197908078818,0.030249424367824206,0.03030712385154683,0.03036658927395221,0.030331823019342022,0.030561525733460576,0.030341134145394313,0.030319744594809434,0.03049219898361566,0.03017110706084612,0.030225720022450154,0.030205644741343768,0.030219418989755078,0.030268981079516463,0.030506283729255988,0.030606346318147445,0.030292467165626617,0.029826126193878866,0.03035058824586539,0.03041780947822715,0.030241885354614653,0.03044059854088498,0.03026347418370538,0.030121084455017853,0.030317978686762434,0.03034799222091686,0.03042815590197142,0.0301472980849803,0.03041135631102174
TRA_10_785d6,0.03022711555826639,0.030216654283697693,0.030365247470521713,0.030175754801983333,0.03029544956125811,0.03026500505973082,0.030293635090235322,0.030345597053932784,0.030329253229479606,0.03048650418689788,0.030330624466335467,0.030306524689121442,0.030470361903242642,0.03020946037109018,0.030237443475772514,0.03022688829341815,0.030235060915115127,0.03026397486111995,0.030460383198239058,0.030535391602816854,0.030282425148706896,0.02994576448164617,0.030327061760731636,0.030389677769983303,0.030251476029820385,0.0304075424070807,0.030280345543176646,0.030170049734027208,0.03032782558334617,0.03035693849113393,0.030436529061677802,0.030190715218222634,0.030357318698171598
TRA_11_7d8bf,0.0302205714003918,0.030196690915222313,0.03037189047959137,0.030186240535737884,0.030305466676474234,0.030269701029029348,0.03030858429406421,0.03032528852516403,0.030317519266474087,0.030520852208589806,0.030326923058239457,0.030323316787490652,0.030465597744434216,0.03021119180116497,0.030261637936416844,0.030230981108647276,0.03022978918763623,0.030276079520659988,0.030444538759225252,0.03051957450421782,0.0303018748532034,0.02993007456720243,0.030346926281312973,0.030398915556056224,0.030256561487919113,0.030398353665319025,0.030281243395801464,0.03016266803919583,0.030334805577925287,0.03033098515122264,0.03039649898357708,0.030199500021487143,0.03034915668090568
TRA_12_9234f,0.030220470857592198,0.030216252461292493,0.03034194636174501,0.0301994708706119,0.030300637541796197,0.03026973986232568,0.030263661384573107,0.03028552227880755,0.03033703633052252,0.030493523333927654,0.030300026513210565,0.03030965513794267,0.030538588008491564,0.030256794905277946,0.030293203714899256,0.030228488295764244,0.03019265004518227,0.030246340401999236,0.030464075116523215,0.03049697095253177,0.030296256105791126,0.029968767317636102,0.030320902416308373,0.03039776454669477,0.030218714264517114,0.030360703909159986,0.030314160829565916,0.030169628971836938,0.03036936698989399,0.030356098365541057,0.03046466619169654,0.030263330643158875,0.03024458507318206
TRA_13_99007,0.03023223377720906,0.030254473875221184,0.030382054768380802,0.030179487993779373,0.030302485388264813,0.030288292529084413,0.03030220850539472,0.03035021959182957,0.030333373865987657,0.030430880823545895,0.03033722811798481,0.03028726121153761,0.030432894833170767,0.030242725197133842,0.030201144547631988,0.03023994373373452,0.03024018038175021,0.030241776134344388,0.03043504350265444,0.030512957670627016,0.030256799209700497,0.030011866974967685,0.03029005067600587,0.030361442642194363,0.030248710353507412,0.030434783072934114,0.030306013649237254,0.03021279919229797,0.03034439274044192,0.030372375072295135,0.03045662141265362,0.030187667264757526,0.030289611289739497
TRA_14_9c743,0.03019872880022625,0.03018550544177174,0.030359997609854347,0.030178318775197298,0.030307315567756395,0.03026334502325082,0.030267853304367705,0.030280250990943263,0.03033057971877706,0.030543554108681068,0.03030784284394152,0.030314191858397038,0.030571553314600736,0.03023777220720535,0.030285760171732602,0.03021696256435829,0.030184579595430704,0.030242697602379305,0.030482639709298806,0.030531027298958777,0.03029419700521521,0.029896695361538383,0.030329199725074935,0.03041860548927522,0.03020775266915438,0.030384138997066892,0.030311088005228935,0.030144973816103517,0.030378947116669032,0.030367251377936864,0.030487229177206452,0.030243155333378274,0.030246289419022767
TRA_15_a15d9,0.030170729031001684,0.030162815411631398,0.030432942577034914,0.030129244845846535,0.030302345829413053,0.030278558829360622,0.03031053846523134,0.03030764733790148,0.03033764568026346,0.03066046865118099,0.030321493300429672,0.030342251860646454,0.030589627111581474,0.030207669131120184,0.03025282002807572,0.030175206953716255,0.03014949852434371,0.030236038511632986,0.03054440910389906,0.030647699543234583,0.03029760593939821,0.029715612301752122,0.030343690871648645,0.030438089999313345,0.030171377766626137,0.030473116822280422,0.030315382283924424,0.030081383793295922,0.030381900523256487,0.030333184842488623,0.030470544861545285,0.030162945022308568,0.03025551424461614
TRA_16_aad47,0.03024482604604529,0.030240508488776602,0.03031916981461765,0.030242942526915794,0.030310112399369718,0.03026954662594957,0.03026927956037602,0.03028204396853758,0.03031890171309245,0.030407115191326446,0.030304593409771253,0.030298614299195132,0.03045593047829349,0.030268705844337867,0.030296852952673498,0.030266521091955427,0.030246223916005913,0.030265376148395366,0.030397321574533228,0.030406601853835043,0.030293738548528945,0.03011531996066802,0.030309395594691244,0.03036792697887082,0.030256602394621916,0.03032696438421098,0.030306233779139533,0.030226513602298954,0.030349365410180774,0.030358064027595662,0.03042274575773914,0.030285991280228023,0.030269950377222708
TRA_17_b751a,0.03020962720530035,0.03020672872783199,0.03036175703105455,0.030197367984206327,0.03031875495994174,0.030265745960022464,0.030284689581026047,0.0302952180795335,0.03032006335434629,0.030476792896679893,0.030327619555686688,0.03030241581606197,0.030497342885897182,0.030231906078471354,0.03025320103611985,0.030242012179118347,0.03023442466982587,0.030247198446448218,0.03043918710686133,0.030491157998732074,0.030276242228997288,0.029985345460085525,0.030307203282386144,0.030393627492407125,0.030240303312596584,0.03039073718366541,0.030304930921445324,0.030185326046251737,0.030370287073564855,0.03037777914362419,0.030468981346421013,0.030221240060355002,0.030274784895033824
