,Cluster_1,Cluster_2,Cluster_3
AGR_01_06825,0.4998259516294412,0.5003081922046533,0.4998658561659054
AGR_02_225ce,0.49992505196948267,0.5002236484943401,0.49985129953617713
AGR_03_3834d,0.4999053480729212,0.5000686194234278,0.5000260325036511
AGR_04_4248c,0.499953343507735,0.500273170981199,0.499773485511066
AGR_05_7d386,0.49989099271392723,0.5002265682031313,0.49988243908294155
AGR_06_86d5e,0.4997925381215047,0.5002979558000757,0.49990950607841944
AGR_07_8b7c5,0.5000840363098542,0.5000733966869276,0.49984256700321805
AGR_08_8dbee,0.4999058401805714,0.5003377366105183,0.49975642320891034
AGR_09_8dd61,0.49978151313955943,0.5002757807090824,0.4999427061513583
AGR_10_9781f,0.4998601353570967,0.5002440251491482,0.49989583949375493
AGR_11_a8ba8,0.5000260297377099,0.500032137400605,0.4999418328616851
AGR_12_c170b,0.49987008551078566,0.50018194986461,0.49994796462460445
AGR_13_d7fa3,0.49989302648676054,0.5002267205213156,0.499880252991924
AGR_14_f501a,0.49989005417445886,0.5002686387809674,0.49984130704457375
AGR_15_fe6d3,0.49987834392795416,0.5001961027192886,0.49992555335275735
DIS_01_0c5e4,0.4998306506040475,0.5001159148568468,0.5000534345391057
DIS_02_24fa8,0.4997970232271668,0.5000920698401172,0.500110906932716
DIS_03_28e55,0.49971489480090214,0.5002387531279906,0.5000463520711071
DIS_04_3296a,0.4998899083929607,0.5000930855988978,0.5000170060081415
DIS_05_4c0e5,0.49979694122417717,0.5002378111312136,0.49996524764460915
DIS_06_605ba,0.49977125296389957,0.50002399804004,0.5002047489960604
DIS_07_67eb1,0.4998267461567201,0.500024954268209,0.5001482995750708
DIS_08_71203,0.49978379895083,0.5001320400653921,0.5000841609837778
DIS_09_891e7,0.49969973500376375,0.5002118250006482,0.500088439995588
DIS_10_9a1d5,0.49982163930735657,0.5000787412146375,0.5000996194780059
DIS_11_b2825,0.49991018066091675,0.4999123564515647,0.5001774628875186
DIS_12_daad3,0.49989230304982557,0.5000508203267475,0.5000568766234269
DIS_13_f7310,0.49985744444856595,0.5001274714747034,0.5000150840767309
ENE_01_0ce22,0.5001216435621657,0.5001239618059806,0.4997543946318538
ENE_02_24d51,0.5001110432534995,0.5000111286658471,0.4998778280806534
ENE_03_31059,0.500118091979977,0.5000325656908907,0.49984934232913225
ENE_04_3143a,0.4999839425282092,0.5001183522714578,0.49989770520033283
ENE_05_47c10,0.5000070374795744,0.5001471939391876,0.49984576858123797
ENE_06_68cc5,0.5001368031227782,0.5000297236884892,0.49983347318873284
ENE_07_6b773,0.5001600113240368,0.4999796900238924,0.4998602986520708
ENE_08_76dd7,0.5000431078415342,0.49998918477812937,0.4999677073803364
ENE_09_82f47,0.5002437544952054,0.5000393601793225,0.4997168853254721
ENE_10_a6418,0.5001822084170768,0.5000709598130308,0.49974683176989243
ENE_11_b6eb2,0.5000693963826086,0.5000448364603886,0.49988576715700306
ENE_12_bf662,0.5001732517425231,0.5000575555493801,0.4997691927080967
ENE_13_d269b,0.5001475917942799,0.5001031385520143,0.4997492696537058
ENE_14_dc481,0.49994079907462996,0.5001452807525401,0.49991392017283
ENE_15_f6fae,0.5002400723141702,0.4999939718661773,0.49976595581965255
ENV_01_0cfd4,0.5000210071472945,0.5000270362715853,0.4999519565811202
ENV_02_0f9b0,0.4998657046366731,0.49999913469523927,0.5001351606680875
ENV_03_2f819,0.500035959720011,0.5000478121509699,0.49991622812901915
ENV_04_46549,0.5000357328327072,0.4998037310384933,0.5001605361287995
ENV_05_4e2b7,0.4999126203701665,0.5000357753534161,0.5000516042764174
ENV_06_5bd1c,0.500052142295095,0.49996273981876815,0.49998511788613687
ENV_07_6070a,0.4998391988563556,0.5000124261043615,0.5001483750392828
ENV_08_6c0c3,0.49984053920618005,0.5000843727735759,0.500075088020244
ENV_09_80007,0.49998550440781053,0.5000482479360182,0.49996624765617137
ENV_10_8f360,0.4998760950157355,0.5001496446559053,0.49997426032835923
ENV_11_97928,0.4998889589286706,0.49999681635899684,0.5001142247123326
ENV_12_d933a,0.5001220290295452,0.4999227291320141,0.49995524183844064
ENV_13_e223a,0.4998883992894725,0.5000195074632968,0.5000920932472307
ENV_14_e4670,0.5000050981603176,0.4998272843324554,0.5001676175072272
ENV_15_f1429,0.5000517390478261,0.49990409958088583,0.5000441613712879
ENV_16_f8183,0.4999324503583259,0.49997639065401767,0.5000911589876562
HEA_01_07f11,0.4999458526217189,0.5001184256977363,0.4999357216805449
HEA_02_0a422,0.4998816317126247,0.5001683901944693,0.49994997809290576
HEA_03_12168,0.5000131445380651,0.5001104949561637,0.49987636050577133
HEA_04_19bb1,0.4998890323636869,0.5000742517889811,0.500036715847332
HEA_05_65dc0,0.4998736223080534,0.5002589719845221,0.4998674057074248
HEA_06_6bf25,0.49986957237978813,0.5002402349391148,0.499890192681097
HEA_07_7822c,0.49998276683719256,0.5001496552529348,0.49986757790987274
HEA_08_7c732,0.500120043388924,0.5000076877053319,0.499872268905744
HEA_09_8b6f3,0.49991640181051367,0.5001223738613851,0.4999612243281012
HEA_10_95108,0.5000019030688665,0.49993226769135446,0.500065829239779
HEA_11_a46bf,0.49998239191647514,0.5001180099505349,0.4998995981329899
HEA_12_cb742,0.5001648012465812,0.4998466070269061,0.49998859172651255
HEA_13_e6d1e,0.4998803034752802,0.5001489976069391,0.49997069891778056
HEA_14_eb0b8,0.5000428502162211,0.5000448668783706,0.49991228290540846
MAN_01_00138,0.5002163160244454,0.4997389774854773,0.5000447064900773
MAN_02_0bce5,0.5002904337144548,0.49986880910801845,0.49984075717752685
MAN_03_368c1,0.5003863189190689,0.49988406323638357,0.4997296178445475
MAN_04_38948,0.500349122844074,0.4997787261683531,0.499872150987573
MAN_05_5144b,0.5001645390982222,0.4998100462053108,0.5000254146964671
MAN_06_5a689,0.5002404408614295,0.4999385470788229,0.4998210120597477
MAN_07_5faab,0.5001252111053118,0.49985068803360133,0.5000241008610868
MAN_08_678a7,0.5002245297032024,0.49973767363185273,0.5000377966649449
MAN_09_678b1,0.5002209898549866,0.4998496226727186,0.4999293874722947
MAN_10_b0685,0.5001381994796634,0.49983524389731965,0.500026556623017
MAN_11_d7e72,0.500145531395048,0.49974959405683916,0.5001048745481127
MAN_12_da3b4,0.5003410370578606,0.4999214128362932,0.49973755010584614
SMA_01_0592f,0.49991048687435724,0.5000675115468327,0.50002200157881
SMA_02_1b70d,0.4998819937227439,0.5000355365311443,0.5000824697461119
SMA_03_20b1e,0.49999488517859425,0.4999860429277418,0.5000190718936639
SMA_04_28b4e,0.5001239333335353,0.499781880773439,0.5000941858930256
SMA_05_29f8e,0.499954430864979,0.4999885103265709,0.5000570588084501
SMA_06_2df5b,0.5001152643525897,0.5000493943418957,0.49983534130551466
SMA_07_57127,0.5000863291772503,0.5000804004346716,0.4998332703880783
SMA_08_6d7ad,0.4999890256963755,0.5000013685831372,0.5000096057204872
SMA_09_87975,0.500052196070365,0.49989186844208255,0.5000559354875526
SMA_10_8b8dc,0.5000068970492946,0.4999854918654725,0.5000076110852328
SMA_11_a504b,0.5001245410361037,0.5000398285592264,0.49983563040467016
SMA_12_c6e00,0.4999273109396718,0.5001440637930618,0.49992862526726656
SMA_13_c9088,0.5001287575696209,0.49999319328844066,0.4998780491419385
SMA_14_cdb07,0.5000398408008518,0.5000180071812337,0.49994215201791425
TRA_01_10265,0.4999727620593414,0.4998506945237797,0.5001765434168788
TRA_02_12fb4,0.49990384689653566,0.49984097137490313,0.5002551817285613
TRA_03_21d93,0.4999659854442523,0.4997432830274623,0.5002907315282853
TRA_04_2ad9e,0.5001437204749358,0.49972699452458114,0.500129285000483
TRA_05_4f9a6,0.5001422306846197,0.4997009463586808,0.5001568229566994
TRA_06_50971,0.5001624363986729,0.49958786238289365,0.5002497012184335
TRA_07_669a5,0.5000319914766058,0.4997952879113119,0.5001727206120822
TRA_08_6d02c,0.5000343606208171,0.4996543405020885,0.5003112988770945
TRA_09_74397,0.500088574155845,0.4996205961394324,0.5002908297047228
TRA_10_785d6,0.5000205948497668,0.49966217493951137,0.5003172302107219
TRA_11_7d8bf,0.4999697056226632,0.4997784132698865,0.5002518811074503
TRA_12_9234f,0.5000125058923521,0.49971452155899265,0.5002729725486553
TRA_13_99007,0.4999796365834001,0.49968236330264404,0.5003380001139559
TRA_14_9c743,0.4999617545999328,0.49969901751754564,0.5003392278825215
TRA_15_a15d9,0.49984132073402887,0.4998076079970125,0.5003510712689585
TRA_16_aad47,0.5000803621329776,0.49959297733037095,0.5003266605366514
TRA_17_b751a,0.4998766354483104,0.49973419346305803,0.5003891710886315
