,AGR_01_06825,AGR_02_225ce,AGR_03_3834d,AGR_04_4248c,AGR_05_7d386,AGR_06_86d5e,AGR_07_8b7c5,AGR_08_8dbee,AGR_09_8dd61,AGR_10_9781f,AGR_11_a8ba8,AGR_12_c170b,AGR_13_d7fa3,AGR_14_f501a,AGR_15_fe6d3,DIS_01_0c5e4,DIS_02_24fa8,DIS_03_28e55,DIS_04_3296a,DIS_05_4c0e5,DIS_06_605ba,DIS_07_67eb1,DIS_08_71203,DIS_09_891e7,DIS_10_9a1d5,DIS_11_b2825,DIS_12_daad3,DIS_13_f7310,ENE_01_0ce22,ENE_02_24d51,ENE_03_31059,ENE_04_3143a,ENE_05_47c10,ENE_06_68cc5,ENE_07_6b773,ENE_08_76dd7,ENE_09_82f47,ENE_10_a6418,ENE_11_b6eb2,ENE_12_bf662,ENE_13_d269b,ENE_14_dc481,ENE_15_f6fae,ENV_01_0cfd4,ENV_02_0f9b0,ENV_03_2f819,ENV_04_46549,ENV_05_4e2b7,ENV_06_5bd1c,ENV_07_6070a,ENV_08_6c0c3,ENV_09_80007,ENV_10_8f360,ENV_11_97928,ENV_12_d933a,ENV_13_e223a,ENV_14_e4670,ENV_15_f1429,ENV_16_f8183,HEA_01_07f11,HEA_02_0a422,HEA_03_12168,HEA_04_19bb1,HEA_05_65dc0,HEA_06_6bf25,HEA_07_7822c,HEA_08_7c732,HEA_09_8b6f3,HEA_10_95108,HEA_11_a46bf,HEA_12_cb742,HEA_13_e6d1e,HEA_14_eb0b8,MAN_01_00138,MAN_02_0bce5,MAN_03_368c1,MAN_04_38948,MAN_05_5144b,MAN_06_5a689,MAN_07_5faab,MAN_08_678a7,MAN_09_678b1,MAN_10_b0685,MAN_11_d7e72,MAN_12_da3b4,SMA_01_0592f,SMA_02_1b70d,SMA_03_20b1e,SMA_04_28b4e,SMA_05_29f8e,SMA_06_2df5b,SMA_07_57127,SMA_08_6d7ad,SMA_09_87975,SMA_10_8b8dc,SMA_11_a504b,SMA_12_c6e00,SMA_13_c9088,SMA_14_cdb07,TRA_01_10265,TRA_02_12fb4,TRA_03_21d93,TRA_04_2ad9e,TRA_05_4f9a6,TRA_06_50971,TRA_07_669a5,TRA_08_6d02c,TRA_09_74397,TRA_10_785d6,TRA_11_7d8bf,TRA_12_9234f,TRA_13_99007,TRA_14_9c743,TRA_15_a15d9,TRA_16_aad47,TRA_17_b751a
AGR_01_06825,1.0,0.85,0.25,0.6,0.85,0.95,0.15,0.85,0.8,0.25,0.0,0.5,0.8,0.85,0.45,0.0,0.0,0.25,0.5,0.0,0.0,0.0,0.0,0.0,0.0,0.0,0.0,0.0,0.0,0.0,0.0,0.5,0.0,0.25,0.0,0.0,0.0,0.0,0.0,0.0,0.0,0.5,0.4,0.0,0.0,0.0,0.0,0.0,0.0,0.0,0.4,0.0,0.0,0.35,0.0,0.0,0.0,0.0,0.0,0.0,0.0,0.0,0.0,0.0,0.0,0.05,0.1,0.0,0.0,0.0,0.0,0.4,0.0,0.0,0.0,0.0,0.0,0.0,0.5,0.0,0.0,0.0,0.0,0.0,0.0,0.0,0.0,0.0,0.0,0.0,0.0,0.0,0.4,0.0,0.0,0.0,0.0,0.0,0.0,0.0,0.0,0.0,0.0,0.0,0.0,0.0,0.0,0.0,0.0,0.0,0.0,0.0,0.0,0.0,0.0,0.0
AGR_02_225ce,0.85,1.0,0.4,0.8,0.6,0.85,0.15,0.65,0.85,0.92,0.42,0.0,0.5,0.8,0.0,0.0,0.0,0.0,0.0,0.0,0.0,0.0,0.0,0.0,0.0,0.0,0.0,0.0,0.0,0.0,0.0,0.0,0.0,0.0,0.0,0.0,0.0,0.35,0.0,0.0,0.0,0.0,0.0,0.0,0.0,0.5,0.25,0.65,0.25,0.15,0.0,0.4,0.0,0.0,0.0,0.0,0.0,0.0,0.0,0.0,0.0,0.0,0.0,0.25,0.0,0.0,0.0,0.0,0.0,0.6,0.4,0.0,0.25,0.0,0.0,0.25,0.35,0.0,0.0,0.0,0.0,0.0,0.0,0.0,0.25,0.15,0.0,0.0,0.0,0.0,0.15,0.25,0.0,0.0,0.0,0.0,0.0,0.0,0.0,0.35,0.25,0.0,0.05,0.0,0.0,0.0,0.0,0.0,0.0,0.0,0.0,0.0,0.0,0.0,0.0,0.0
AGR_03_3834d,0.25,0.4,1.0,0.0,0.0,0.4,0.0,0.6,0.4,0.4,0.0,0.0,0.6,0.0,0.4,0.0,0.0,0.6,0.0,0.4,0.25,0.0,0.0,0.0,0.0,0.0,0.0,0.0,0.0,0.0,0.0,0.0,0.0,0.0,0.6,0.0,0.0,0.0,0.0,0.0,0.0,0.45,0.0,0.0,0.0,0.85,0.45,0.1,0.85,0.0,0.35,0.5,0.0,0.0,0.0,0.5,0.6,0.0,0.0,0.0,0.85,0.0,0.5,0.0,0.4,0.0,0.85,0.65,0.15,0.0,0.0,0.0,0.0,0.0,0.0,0.0,0.0,0.0,0.7,0.8,0.3,0.0,0.0,0.0,0.0,0.0,0.0,0.0,0.0,0.0,0.0,0.25,0.0,0.45,0.35,0.0,0.0,0.0,0.0,0.0,0.4,0.0,0.0,0.4,0.5,0.0,0.0,0.0,0.0,0.0,0.0,0.8,0.0,0.0,0.0,0.6
AGR_04_4248c,0.6,0.8,0.0,1.0,0.4,0.6,0.0,0.85,0.95,0.4,0.0,0.6,0.4,0.0,0.4,0.0,0.0,0.4,0.6,0.5,0.0,0.25,0.0,0.0,0.0,0.0,0.0,0.0,0.0,0.4,0.0,0.0,0.4,0.6,0.0,0.0,0.0,0.0,0.4,0.6,0.0,0.4,0.0,0.85,0.15,0.65,0.0,0.25,0.6,0.0,0.0,0.0,0.85,0.15,0.05,0.0,0.4,0.6,0.0,0.4,0.6,0.0,0.0,0.0,0.0,0.4,0.6,0.0,0.0,0.0,0.0,0.5,0.0,0.0,0.5,0.4,0.0,0.0,0.6,0.0,0.0,0.0,0.0,0.0,0.5,0.0,0.0,0.0,0.0,0.0,0.0,0.85,0.65,0.15,0.6,0.8,0.4,0.85,0.45,0.15,0.0,0.0,0.4,0.0,0.0,0.0,0.0,0.0,0.0,0.0,0.0,0.0,0.0,0.0,0.0,0.0
AGR_05_7d386,0.85,0.6,0.0,0.4,1.0,0.85,0.0,0.65,0.5,0.0,0.25,0.0,0.6,0.4,0.0,0.0,0.0,0.0,0.6,0.4,0.0,0.0,0.0,0.0,0.4,0.0,0.0,0.0,0.6,0.0,0.6,0.4,0.0,0.8,0.4,0.0,0.0,0.0,0.0,0.0,0.0,0.0,0.0,0.0,0.0,0.8,0.0,0.0,0.5,0.6,0.85,0.0,0.45,0.0,0.0,0.0,0.0,0.0,0.0,0.0,0.5,0.0,0.0,0.0,0.5,0.0,0.0,0.0,0.0,0.0,0.0,0.0,0.0,0.0,0.0,0.4,0.0,0.85,0.25,0.15,0.0,0.0,0.0,0.0,0.0,0.0,0.0,0.0,0.0,0.0,0.0,0.0,0.0,0.0,0.0,0.0,0.8,0.4,0.0,0.25,0.35,0.0,0.25,0.35,0.0,0.0,0.0,0.0,0.05,0.25,0.0,0.0,0.0,0.0,0.0,0.0
AGR_06_86d5e,0.95,0.85,0.4,0.6,0.85,1.0,0.0,0.8,0.6,0.85,0.0,0.15,0.0,0.8,0.4,0.0,0.0,0.4,0.0,0.6,0.0,0.0,0.0,0.0,0.5,0.0,0.0,0.0,0.0,0.0,0.0,0.25,0.5,0.0,0.4,0.6,0.0,0.0,0.0,0.0,0.4,0.6,0.0,0.0,0.0,0.85,0.45,0.1,0.0,0.5,0.4,0.85,0.15,0.05,0.0,0.4,0.0,0.0,0.0,0.0,0.0,0.0,0.0,0.0,0.4,0.0,0.0,0.0,0.0,0.0,0.0,0.0,0.0,0.0,0.0,0.0,0.0,0.0,0.0,0.0,0.0,0.4,0.0,0.0,0.0,0.0,0.0,0.0,0.0,0.0,0.0,0.4,0.8,0.0,0.0,0.0,0.8,0.4,0.1,0.0,0.4,0.0,0.0,0.0,0.0,0.0,0.0,0.0,0.0,0.0,0.0,0.0,0.0,0.0,0.0,0.4
AGR_07_8b7c5,0.15,0.15,0.0,0.0,0.0,0.0,1.0,0.6,0.4,0.8,0.85,0.15,0.65,0.6,0.8,0.0,0.0,0.0,0.0,0.0,0.4,0.0,0.0,0.4,0.0,0.0,0.0,0.0,0.0,0.4,0.0,0.0,0.4,0.6,0.0,0.4,0.0,0.0,0.4,0.0,0.0,0.4,0.6,0.0,0.4,0.0,0.0,0.4,0.8,0.0,0.4,0.6,0.0,0.4,0.0,0.0,0.4,0.0,0.0,0.0,0.0,0.0,0.0,0.5,0.0,0.4,0.6,0.0,0.0,0.0,0.0,0.4,0.25,0.85,0.65,0.45,0.85,0.45,0.65,0.0,0.4,0.6,0.0,0.0,0.6,0.0,0.0,0.0,0.0,0.0,0.0,0.0,0.0,0.0,0.0,0.0,0.0,0.0,0.0,0.0,0.0,0.0,0.0,0.0,0.4,0.0,0.0,0.0,0.0,0.0,0.0,0.0,0.0,0.0,0.0,0.0
AGR_08_8dbee,0.85,0.65,0.6,0.85,0.65,0.8,0.6,1.0,0.85,0.35,0.15,0.8,0.6,0.4,0.85,0.0,0.0,0.0,0.4,0.75,0.0,0.0,0.0,0.0,0.0,0.0,0.0,0.0,0.5,0.0,0.4,0.0,0.0,0.4,0.6,0.0,0.0,0.0,0.0,0.0,0.0,0.0,0.4,0.3,0.0,0.4,0.0,0.0,0.4,0.6,0.0,0.4,0.6,0.0,0.0,0.0,0.0,0.0,0.0,0.0,0.4,0.0,0.0,0.4,0.8,0.8,0.0,0.4,0.0,0.0,0.0,0.0,0.4,0.0,0.0,0.4,0.0,0.85,0.15,0.25,0.0,0.0,0.0,0.0,0.4,0.0,0.0,0.0,0.0,0.0,0.4,0.6,0.0,0.0,0.0,0.0,0.6,0.4,0.0,0.0,0.4,0.0,0.05,0.25,0.0,0.0,0.0,0.0,0.0,0.0,0.0,0.0,0.0,0.0,0.0,0.0
AGR_09_8dd61,0.8,0.85,0.4,0.95,0.5,0.6,0.4,0.85,1.0,0.85,0.45,0.0,0.6,0.0,0.4,0.0,0.0,0.0,0.0,0.8,0.4,0.0,0.0,0.0,0.0,0.0,0.0,0.0,0.4,0.6,0.0,0.0,0.0,0.0,0.4,0.25,0.0,0.0,0.0,0.0,0.5,0.6,0.0,0.0,0.0,0.0,0.0,0.0,0.0,0.8,0.0,0.0,0.6,0.0,0.0,0.4,0.3,0.0,0.5,0.0,0.65,0.0,0.15,0.0,0.4,0.0,0.0,0.0,0.0,0.0,0.0,0.0,0.0,0.0,0.0,0.0,0.0,0.0,0.0,0.0,0.0,0.0,0.0,0.0,0.0,0.6,0.4,0.0,0.0,0.0,0.0,0.0,0.0,0.0,0.0,0.0,0.4,0.6,0.2,0.85,0.6,0.25,0.0,0.0,0.0,0.0,0.0,0.0,0.0,0.0,0.0,0.0,0.0,0.0,0.0,0.6
AGR_10_9781f,0.25,0.92,0.4,0.4,0.0,0.85,0.8,0.35,0.85,1.0,0.65,0.15,0.85,0.85,0.55,0.0,0.0,0.4,0.5,0.0,0.6,0.4,0.0,0.0,0.0,0.0,0.0,0.0,0.0,0.0,0.0,0.0,0.0,0.0,0.0,0.0,0.0,0.0,0.0,0.0,0.0,0.0,0.0,0.0,0.0,0.0,0.0,0.55,0.35,0.0,0.4,0.8,0.0,0.0,0.0,0.0,0.0,0.0,0.0,0.0,0.0,0.0,0.0,0.25,0.0,0.0,0.0,0.0,0.0,0.0,0.0,0.0,0.0,0.0,0.4,0.0,0.0,0.0,0.0,0.0,0.0,0.0,0.0,0.0,0.85,0.0,0.0,0.0,0.0,0.0,0.0,0.0,0.0,0.0,0.0,0.0,0.0,0.0,0.0,0.0,0.0,0.0,0.5,0.0,0.0,0.0,0.0,0.0,0.0,0.0,0.0,0.0,0.0,0.0,0.0,0.0
AGR_11_a8ba8,0.0,0.42,0.0,0.0,0.25,0.0,0.85,0.15,0.45,0.65,1.0,0.0,0.8,0.4,0.85,0.0,0.0,0.0,0.4,0.6,0.0,0.4,0.6,0.0,0.0,0.0,0.0,0.0,0.0,0.0,0.4,0.0,0.0,0.0,0.0,0.0,0.4,0.8,0.0,0.0,0.0,0.0,0.4,0.0,0.85,0.15,0.4,0.0,0.5,0.0,0.0,0.25,0.5,0.0,0.0,0.4,0.8,0.5,0.3,0.0,0.0,0.0,0.0,0.0,0.0,0.0,0.0,0.0,0.0,0.0,0.0,0.0,0.4,0.0,0.0,0.4,0.0,0.0,0.4,0.6,0.0,0.4,0.0,0.0,0.5,0.25,0.0,0.0,0.0,0.0,0.6,0.4,0.0,0.0,0.0,0.0,0.0,0.0,0.0,0.0,0.0,0.0,0.4,0.6,0.0,0.4,0.0,0.4,0.0,0.0,0.0,0.0,0.0,0.5,0.0,0.4
AGR_12_c170b,0.5,0.0,0.0,0.6,0.0,0.15,0.15,0.8,0.0,0.15,0.0,1.0,0.0,0.4,0.0,0.0,0.0,0.4,0.0,0.5,0.4,0.0,0.4,0.6,0.0,0.0,0.0,0.0,0.0,0.0,0.0,0.4,0.0,0.0,0.5,0.0,0.85,0.15,0.65,0.0,0.45,0.65,0.0,0.0,0.0,0.6,0.0,0.4,0.5,0.0,0.0,0.0,0.35,0.0,0.0,0.4,0.5,0.0,0.0,0.0,0.85,0.25,0.35,0.85,0.6,0.3,0.85,0.65,0.25,0.85,0.15,0.4,0.0,0.0,0.0,0.0,0.4,0.0,0.0,0.4,0.0,0.0,0.0,0.0,0.0,0.0,0.0,0.0,0.8,0.0,0.0,0.4,0.0,0.0,0.4,0.0,0.25,0.3,0.1,0.85,0.35,0.25,0.0,0.0,0.0,0.0,0.0,0.0,0.0,0.0,0.0,0.45,0.25,0.35,0.0,0.6
AGR_13_d7fa3,0.8,0.5,0.6,0.4,0.6,0.0,0.65,0.6,0.6,0.85,0.8,0.0,1.0,0.6,0.4,0.0,0.0,0.0,0.0,0.0,0.0,0.0,0.0,0.0,0.0,0.0,0.0,0.0,0.0,0.4,0.0,0.0,0.0,0.0,0.0,0.0,0.0,0.0,0.4,0.0,0.0,0.0,0.0,0.0,0.4,0.0,0.0,0.0,0.5,0.0,0.0,0.4,0.0,0.4,0.0,0.0,0.4,0.0,0.0,0.0,0.0,0.0,0.0,0.0,0.0,0.4,0.0,0.0,0.0,0.0,0.0,0.35,0.0,0.0,0.0,0.0,0.0,0.0,0.6,0.0,0.0,0.0,0.0,0.0,0.0,0.0,0.0,0.0,0.0,0.0,0.0,0.0,0.0,0.0,0.0,0.0,0.0,0.0,0.0,0.0,0.0,0.0,0.0,0.0,0.0,0.0,0.0,0.0,0.0,0.0,0.0,0.0,0.0,0.0,0.0,0.0
AGR_14_f501a,0.85,0.8,0.0,0.0,0.4,0.8,0.6,0.4,0.0,0.85,0.4,0.4,0.6,1.0,0.85,0.0,0.0,0.0,0.4,0.6,0.0,0.0,0.0,0.0,0.0,0.0,0.0,0.0,0.0,0.0,0.0,0.0,0.0,0.0,0.0,0.0,0.4,0.5,0.0,0.0,0.0,0.0,0.0,0.0,0.0,0.4,0.0,0.0,0.4,0.15,0.0,0.8,0.0,0.0,0.0,0.0,0.0,0.0,0.0,0.0,0.0,0.0,0.0,0.4,0.5,0.0,0.0,0.0,0.0,0.0,0.0,0.0,0.0,0.0,0.0,0.4,0.0,0.0,0.0,0.0,0.0,0.0,0.0,0.0,0.0,0.0,0.0,0.0,0.0,0.0,0.0,0.0,0.0,0.0,0.0,0.0,0.0,0.0,0.0,0.0,0.0,0.0,0.0,0.0,0.0,0.0,0.0,0.0,0.0,0.0,0.0,0.0,0.0,0.0,0.0,0.0
AGR_15_fe6d3,0.45,0.0,0.4,0.4,0.0,0.4,0.8,0.85,0.4,0.55,0.85,0.0,0.4,0.85,1.0,0.0,0.0,0.0,0.0,0.5,0.0,0.0,0.0,0.0,0.4,0.0,0.0,0.0,0.0,0.0,0.0,0.0,0.0,0.0,0.4,0.0,0.0,0.0,0.0,0.0,0.0,0.4,0.0,0.0,0.0,0.0,0.0,0.0,0.0,0.4,0.0,0.0,0.4,0.0,0.0,0.0,0.0,0.0,0.0,0.0,0.0,0.0,0.0,0.0,0.0,0.0,0.0,0.0,0.0,0.0,0.0,0.0,0.0,0.0,0.0,0.4,0.0,0.1,0.0,0.0,0.0,0.6,0.0,0.4,0.0,0.0,0.4,0.0,0.0,0.0,0.0,0.0,0.0,0.0,0.0,0.0,0.0,0.0,0.0,0.0,0.0,0.0,0.0,0.0,0.0,0.0,0.0,0.0,0.0,0.0,0.0,0.0,0.0,0.0,0.0,0.6
DIS_01_0c5e4,0.0,0.0,0.0,0.0,0.0,0.0,0.0,0.0,0.0,0.0,0.0,0.0,0.0,0.0,0.0,1.0,0.4,0.8,0.0,0.0,0.0,0.5,0.85,0.65,0.15,0.65,0.35,0.15,0.0,0.0,0.0,0.0,0.4,0.0,0.0,0.0,0.0,0.0,0.25,0.5,0.0,0.4,0.0,0.0,0.4,0.0,0.0,0.0,0.4,0.0,0.5,0.25,0.0,0.0,0.0,0.0,0.4,0.0,0.0,0.0,0.0,0.0,0.0,0.0,0.0,0.0,0.0,0.0,0.0,0.0,0.0,0.4,0.0,0.0,0.0,0.25,0.0,0.0,0.0,0.0,0.0,0.0,0.0,0.0,0.0,0.0,0.0,0.0,0.0,0.0,0.0,0.0,0.0,0.0,0.0,0.0,0.0,0.0,0.0,0.0,0.85,0.15,0.25,0.0,0.0,0.0,0.0,0.0,0.0,0.0,0.0,0.0,0.0,0.0,0.0,0.0
DIS_02_24fa8,0.0,0.0,0.0,0.0,0.0,0.0,0.0,0.0,0.0,0.0,0.0,0.0,0.0,0.0,0.0,0.4,1.0,0.85,0.25,0.15,0.85,0.25,0.35,0.6,0.4,0.0,0.85,0.55,0.0,0.0,0.0,0.0,0.0,0.0,0.0,0.0,0.0,0.0,0.0,0.0,0.0,0.85,0.0,0.25,0.0,0.0,0.0,0.0,0.6,0.4,0.0,0.4,0.6,0.0,0.0,0.0,0.65,0.25,0.0,0.0,0.0,0.0,0.0,0.4,0.6,0.0,0.0,0.0,0.0,0.0,0.0,0.42,0.35,0.0,0.0,0.4,0.0,0.0,0.0,0.0,0.0,0.4,0.0,0.0,0.0,0.0,0.6,0.0,0.0,0.0,0.0,0.0,0.0,0.0,0.0,0.0,0.0,0.0,0.0,0.0,0.0,0.0,0.4,0.0,0.0,0.0,0.0,0.55,0.25,0.05,0.0,0.0,0.0,0.85,0.05,0.65
DIS_03_28e55,0.25,0.0,0.6,0.4,0.0,0.4,0.0,0.0,0.0,0.4,0.0,0.4,0.0,0.0,0.0,0.8,0.85,1.0,0.6,0.8,0.4,0.85,0.95,0.65,0.85,0.65,0.25,0.85,0.05,0.1,0.85,0.15,0.35,0.42,0.21,0.0,0.0,0.0,0.0,0.0,0.4,0.0,0.0,0.0,0.0,0.0,0.0,0.4,0.0,0.4,0.8,0.0,0.5,0.0,0.0,0.0,0.0,0.0,0.0,0.0,0.0,0.0,0.0,0.85,0.0,0.0,0.0,0.0,0.0,0.0,0.0,0.0,0.0,0.0,0.6,0.0,0.0,0.0,0.0,0.0,0.0,0.0,0.0,0.0,0.0,0.4,0.6,0.0,0.0,0.0,0.0,0.0,0.0,0.0,0.0,0.0,0.4,0.3,0.25,0.0,0.4,0.0,0.0,0.0,0.0,0.0,0.0,0.0,0.0,0.0,0.0,0.4,0.0,0.6,0.45,0.05
DIS_04_3296a,0.5,0.0,0.0,0.6,0.6,0.0,0.0,0.4,0.0,0.5,0.4,0.0,0.0,0.4,0.0,0.0,0.25,0.6,1.0,0.0,0.4,0.6,0.85,0.65,0.3,0.65,0.45,0.85,0.0,0.0,0.0,0.0,0.0,0.0,0.0,0.0,0.0,0.0,0.0,0.0,0.0,0.0,0.0,0.0,0.0,0.0,0.0,0.0,0.6,0.0,0.4,0.0,0.0,0.0,0.0,0.0,0.6,0.4,0.0,0.4,0.6,0.0,0.0,0.0,0.0,0.0,0.0,0.0,0.0,0.0,0.85,0.65,0.3,0.0,0.5,0.0,0.0,0.0,0.0,0.0,0.0,0.0,0.85,0.95,0.15,0.0,0.0,0.0,0.0,0.0,0.0,0.0,0.0,0.0,0.0,0.0,0.0,0.0,0.0,0.0,0.0,0.0,0.65,0.0,0.4,0.0,0.0,0.8,0.0,0.0,0.0,0.0,0.0,0.0,0.0,0.0
DIS_05_4c0e5,0.0,0.0,0.4,0.5,0.4,0.6,0.0,0.75,0.8,0.0,0.6,0.5,0.0,0.6,0.5,0.0,0.15,0.8,0.0,1.0,0.85,0.25,0.15,0.0,0.4,0.6,0.0,0.0,0.0,0.5,0.8,0.3,0.85,0.35,0.15,0.0,0.6,0.0,0.85,0.15,0.05,0.55,0.0,0.35,0.4,0.0,0.0,0.85,0.25,0.95,0.0,0.0,0.8,0.0,0.0,0.4,0.65,0.4,0.85,0.0,0.5,0.0,0.5,0.0,0.75,0.0,0.0,0.4,0.0,0.5,0.0,0.0,0.25,0.0,0.0,0.0,0.0,0.0,0.0,0.0,0.0,0.0,0.0,0.0,0.6,0.8,0.4,0.0,0.1,0.0,0.4,0.6,0.0,0.0,0.0,0.85,0.25,0.65,0.0,0.4,0.6,0.0,0.0,0.0,0.0,0.0,0.0,0.85,0.15,0.05,0.0,0.0,0.0,0.85,0.0,0.6
DIS_06_605ba,0.0,0.0,0.25,0.0,0.0,0.0,0.4,0.0,0.4,0.6,0.0,0.4,0.0,0.0,0.0,0.0,0.85,0.4,0.4,0.85,1.0,0.85,0.25,0.45,0.4,0.0,0.0,0.4,0.0,0.0,0.25,0.0,0.0,0.5,0.0,0.0,0.0,0.0,0.0,0.0,0.0,0.6,0.0,0.0,0.8,0.0,0.0,0.75,0.85,0.45,0.15,0.0,0.4,0.0,0.0,0.4,0.8,0.0,0.0,0.0,0.42,0.0,0.31,0.0,0.0,0.0,0.0,0.0,0.0,0.0,0.4,0.0,0.0,0.0,0.0,0.0,0.0,0.0,0.0,0.0,0.0,0.0,0.8,0.4,0.0,0.8,0.4,0.0,0.0,0.0,0.0,0.0,0.0,0.0,0.0,0.0,0.4,0.3,0.1,0.0,0.5,0.0,0.0,0.0,0.0,0.0,0.0,0.5,0.65,0.25,0.35,0.65,0.35,0.25,0.45,0.85
DIS_07_67eb1,0.0,0.0,0.0,0.25,0.0,0.0,0.0,0.0,0.0,0.4,0.4,0.0,0.0,0.0,0.0,0.5,0.25,0.85,0.6,0.25,0.85,1.0,0.85,0.65,0.35,0.85,0.35,0.15,0.0,0.4,0.0,0.0,0.5,0.25,0.0,0.0,0.0,0.0,0.4,0.0,0.0,0.5,0.25,0.0,0.4,0.0,0.0,0.4,0.6,0.0,0.4,0.0,0.0,0.0,0.0,0.0,0.4,0.6,0.0,0.5,0.6,0.0,0.4,0.6,0.0,0.4,0.0,0.0,0.6,0.4,0.85,0.35,0.15,0.0,0.0,0.0,0.0,0.0,0.0,0.85,0.0,0.15,0.0,0.0,0.4,0.85,0.25,0.15,0.0,0.4,0.6,0.0,0.0,0.4,0.0,0.0,0.0,0.0,0.0,0.0,0.85,0.15,0.25,0.0,0.4,0.0,0.85,0.15,0.25,0.0,0.0,0.0,0.85,0.65,0.35,0.5
DIS_08_71203,0.0,0.0,0.0,0.0,0.0,0.0,0.0,0.0,0.0,0.0,0.6,0.4,0.0,0.0,0.0,0.85,0.35,0.95,0.85,0.15,0.25,0.85,1.0,0.85,0.15,0.35,0.85,0.35,0.0,0.0,0.0,0.0,0.0,0.0,0.0,0.0,0.0,0.0,0.0,0.0,0.0,0.0,0.0,0.0,0.0,0.0,0.0,0.0,0.0,0.0,0.0,0.0,0.0,0.0,0.0,0.0,0.0,0.4,0.5,0.0,0.0,0.0,0.0,0.5,0.0,0.0,0.0,0.0,0.0,0.0,0.0,0.0,0.0,0.0,0.0,0.0,0.0,0.0,0.0,0.0,0.0,0.0,0.0,0.0,0.0,0.0,0.0,0.0,0.0,0.0,0.0,0.0,0.0,0.0,0.0,0.0,0.0,0.0,0.0,0.0,0.0,0.0,0.0,0.0,0.0,0.0,0.0,0.0,0.0,0.0,0.0,0.0,0.0,0.0,0.4,0.6
DIS_09_891e7,0.0,0.0,0.0,0.0,0.0,0.0,0.4,0.0,0.0,0.0,0.0,0.6,0.0,0.0,0.0,0.65,0.6,0.65,0.65,0.0,0.45,0.65,0.85,1.0,0.5,0.0,0.0,0.85,0.05,0.15,0.55,0.25,0.45,0.0,0.0,0.0,0.0,0.0,0.0,0.0,0.0,0.0,0.0,0.0,0.0,0.0,0.0,0.4,0.0,0.4,0.6,0.0,0.6,0.0,0.0,0.4,0.6,0.0,0.0,0.0,0.6,0.0,0.4,0.85,0.35,0.15,0.0,0.4,0.0,0.0,0.0,0.0,0.0,0.0,0.0,0.0,0.0,0.0,0.0,0.0,0.0,0.0,0.0,0.0,0.0,0.0,0.0,0.0,0.0,0.0,0.0,0.0,0.0,0.0,0.0,0.0,0.25,0.05,0.15,0.0,0.5,0.0,0.0,0.0,0.0,0.0,0.0,0.0,0.0,0.0,0.0,0.0,0.4,0.6,0.0,0.5
DIS_10_9a1d5,0.0,0.0,0.0,0.0,0.4,0.5,0.0,0.0,0.0,0.0,0.0,0.0,0.0,0.0,0.4,0.15,0.4,0.85,0.3,0.4,0.4,0.35,0.15,0.5,1.0,0.85,0.15,0.4,0.0,0.4,0.0,0.85,0.15,0.0,0.0,0.0,0.0,0.0,0.4,0.0,0.0,0.6,0.0,0.0,0.4,0.8,0.0,0.0,0.6,0.0,0.8,0.0,0.85,0.15,0.05,0.0,0.4,0.0,0.0,0.4,0.6,0.0,0.0,0.4,0.0,0.4,0.6,0.0,0.0,0.0,0.0,0.4,0.0,0.0,0.0,0.0,0.85,0.15,0.65,0.0,0.0,0.0,0.0,0.0,0.0,0.0,0.0,0.0,0.0,0.0,0.0,0.0,0.0,0.0,0.0,0.0,0.0,0.6,0.0,0.4,0.85,0.0,0.4,0.0,0.4,0.0,0.0,0.0,0.0,0.0,0.0,0.0,0.85,0.65,0.35,0.6
DIS_11_b2825,0.0,0.0,0.0,0.0,0.0,0.0,0.0,0.0,0.0,0.0,0.0,0.0,0.0,0.0,0.0,0.65,0.0,0.65,0.65,0.6,0.0,0.85,0.35,0.0,0.85,1.0,0.6,0.0,0.0,0.0,0.4,0.0,0.0,0.0,0.0,0.0,0.0,0.0,0.0,0.0,0.0,0.0,0.0,0.0,0.0,0.0,0.0,0.0,0.5,0.0,0.0,0.4,0.6,0.0,0.0,0.0,0.4,0.0,0.1,0.0,0.5,0.0,0.0,0.0,0.0,0.0,0.0,0.0,0.6,0.0,0.4,0.4,0.3,0.0,0.0,0.4,0.0,0.0,0.0,0.6,0.0,0.0,0.0,0.0,0.0,0.8,0.65,0.15,0.05,0.0,0.5,0.4,0.0,0.0,0.0,0.0,0.0,0.0,0.0,0.0,0.4,0.0,0.4,0.0,0.5,0.8,0.3,0.85,0.45,0.15,0.25,0.0,0.0,0.85,0.35,0.65
DIS_12_daad3,0.0,0.0,0.0,0.0,0.0,0.0,0.0,0.0,0.0,0.0,0.0,0.0,0.0,0.0,0.0,0.35,0.85,0.25,0.45,0.0,0.0,0.35,0.85,0.0,0.15,0.6,1.0,0.5,0.0,0.0,0.85,0.65,0.35,0.85,0.15,0.25,0.0,0.4,0.6,0.0,0.4,0.6,0.0,0.4,0.0,0.0,0.0,0.0,0.0,0.0,0.0,0.65,0.45,0.25,0.0,0.6,0.4,0.0,0.0,0.0,0.0,0.0,0.0,0.0,0.0,0.0,0.0,0.0,0.0,0.0,0.0,0.0,0.0,0.0,0.0,0.0,0.0,0.0,0.0,0.4,0.0,0.0,0.0,0.0,0.0,0.4,0.6,0.0,0.0,0.0,0.0,0.4,0.0,0.0,0.25,0.35,0.85,0.25,0.15,0.45,0.6,0.15,0.0,0.5,0.25,0.0,0.0,0.0,0.0,0.0,0.0,0.35,0.15,0.05,0.0,0.6
DIS_13_f7310,0.0,0.0,0.0,0.0,0.0,0.0,0.0,0.0,0.0,0.0,0.0,0.0,0.0,0.0,0.0,0.15,0.55,0.85,0.85,0.0,0.4,0.15,0.35,0.85,0.4,0.0,0.5,1.0,0.0,0.5,0.0,0.55,0.0,0.35,0.0,0.0,0.0,0.0,0.4,0.0,0.0,0.4,0.6,0.0,0.25,0.0,0.0,0.0,0.4,0.0,0.4,0.0,0.5,0.0,0.8,0.0,0.5,0.4,0.0,0.4,0.6,0.0,0.0,0.5,0.0,0.0,0.0,0.0,0.0,0.0,0.0,0.4,0.0,0.0,0.0,0.0,0.0,0.0,0.6,0.4,0.0,0.0,0.0,0.0,0.0,0.0,0.0,0.0,0.0,0.0,0.0,0.0,0.0,0.0,0.0,0.0,0.0,0.0,0.0,0.0,0.85,0.15,0.25,0.0,0.0,0.0,0.0,0.4,0.0,0.0,0.0,0.0,0.0,0.0,0.0,0.0
ENE_01_0ce22,0.0,0.0,0.0,0.0,0.6,0.0,0.0,0.5,0.4,0.0,0.0,0.0,0.0,0.0,0.0,0.0,0.0,0.05,0.0,0.0,0.0,0.0,0.0,0.05,0.0,0.0,0.0,0.0,1.0,0.85,0.55,0.15,0.85,0.15,0.25,0.0,0.6,0.8,0.0,0.0,0.81,0.85,0.65,0.0,0.0,0.4,0.0,0.0,0.4,0.6,0.0,0.4,0.8,0.0,0.0,0.0,0.0,0.0,0.0,0.0,0.4,0.0,0.0,0.0,0.6,0.0,0.0,0.4,0.0,0.0,0.0,0.0,0.0,0.0,0.0,0.6,0.4,0.85,0.25,0.15,0.0,0.0,0.0,0.0,0.4,0.0,0.42,0.0,0.0,0.0,0.4,0.6,0.0,0.0,0.0,0.85,0.15,0.35,0.0,0.0,0.4,0.0,0.5,0.0,0.0,0.0,0.0,0.0,0.0,0.0,0.0,0.0,0.0,0.0,0.0,0.0
ENE_02_24d51,0.0,0.0,0.0,0.4,0.0,0.0,0.4,0.0,0.6,0.0,0.0,0.0,0.4,0.0,0.0,0.0,0.0,0.1,0.0,0.5,0.0,0.4,0.0,0.15,0.4,0.0,0.0,0.5,0.85,1.0,0.85,0.15,0.65,0.0,0.6,0.4,0.65,0.25,0.85,0.85,0.65,0.95,0.85,0.0,0.25,0.0,0.0,0.5,0.0,0.4,0.0,0.0,0.5,0.0,0.0,0.5,0.4,0.0,0.5,0.4,0.0,0.0,0.0,0.0,0.0,0.0,0.0,0.0,0.0,0.0,0.0,0.0,0.0,0.0,0.35,0.85,0.0,0.15,0.0,0.4,0.0,0.0,0.4,0.6,0.85,0.0,0.35,0.0,0.0,0.0,0.85,0.45,0.3,0.42,0.32,0.85,0.4,0.3,0.8,0.0,0.0,0.0,0.0,0.4,0.6,0.0,0.0,0.0,0.0,0.0,0.0,0.6,0.0,0.0,0.65,0.85
ENE_03_31059,0.0,0.0,0.0,0.0,0.6,0.0,0.0,0.4,0.0,0.0,0.4,0.0,0.0,0.0,0.0,0.0,0.0,0.85,0.0,0.8,0.25,0.0,0.0,0.55,0.0,0.4,0.85,0.0,0.55,0.85,1.0,0.0,0.8,0.4,0.85,0.55,0.3,0.85,0.95,0.25,0.85,0.65,0.95,0.0,0.4,0.0,0.0,0.41,0.61,0.0,0.4,0.0,0.8,0.0,0.4,0.0,0.4,0.0,0.0,0.4,0.8,0.0,0.0,0.0,0.0,0.0,0.0,0.5,0.0,0.0,0.0,0.4,0.0,0.0,0.4,0.8,0.85,0.45,0.65,0.85,0.15,0.35,0.0,0.0,0.8,0.0,0.0,0.0,0.0,0.0,0.0,0.0,0.0,0.0,0.0,0.0,0.4,0.65,0.25,0.0,0.85,0.15,0.25,0.85,0.25,0.15,0.0,0.0,0.0,0.0,0.0,0.0,0.0,0.0,0.0,0.6
ENE_04_3143a,0.5,0.0,0.0,0.0,0.4,0.25,0.0,0.0,0.0,0.0,0.0,0.4,0.0,0.0,0.0,0.0,0.0,0.15,0.0,0.3,0.0,0.0,0.0,0.25,0.85,0.0,0.65,0.55,0.15,0.15,0.0,1.0,0.85,0.35,0.95,0.85,0.35,0.15,0.85,0.25,0.65,0.85,0.25,0.0,0.0,0.4,0.0,0.0,0.6,0.0,0.85,0.15,0.25,0.0,0.0,0.0,0.0,0.0,0.0,0.0,0.0,0.0,0.85,0.4,0.6,0.0,0.0,0.0,0.0,0.0,0.0,0.0,0.0,0.0,0.0,0.6,0.0,0.0,0.0,0.0,0.0,0.4,0.0,0.0,0.5,0.25,0.5,0.0,0.25,0.0,0.4,0.6,0.0,0.0,0.0,0.85,0.65,0.35,0.0,0.0,0.0,0.0,0.25,0.5,0.45,0.0,0.05,0.42,0.0,0.0,0.0,0.0,0.0,0.6,0.0,0.4
ENE_05_47c10,0.0,0.0,0.0,0.4,0.0,0.5,0.4,0.0,0.0,0.0,0.0,0.0,0.0,0.0,0.0,0.4,0.0,0.35,0.0,0.85,0.0,0.5,0.0,0.45,0.15,0.0,0.35,0.0,0.85,0.65,0.8,0.85,1.0,0.0,0.5,0.0,0.65,0.85,0.75,0.65,0.85,0.45,0.85,0.0,0.05,0.0,0.0,0.0,0.0,0.0,0.0,0.0,0.45,0.0,0.0,0.4,0.3,0.0,0.0,0.0,0.0,0.0,0.0,0.0,0.0,0.0,0.0,0.0,0.0,0.0,0.0,0.0,0.0,0.0,0.0,0.85,0.05,0.15,0.0,0.0,0.0,0.0,0.0,0.0,0.0,0.0,0.0,0.0,0.0,0.0,0.85,0.55,0.35,0.0,0.0,0.4,0.0,0.0,0.0,0.0,0.0,0.0,0.0,0.0,0.0,0.0,0.0,0.0,0.0,0.0,0.0,0.0,0.6,0.4,0.0,0.6
ENE_06_68cc5,0.25,0.0,0.0,0.6,0.8,0.0,0.6,0.4,0.0,0.0,0.0,0.0,0.0,0.0,0.0,0.0,0.0,0.42,0.0,0.35,0.5,0.25,0.0,0.0,0.0,0.0,0.85,0.35,0.15,0.0,0.4,0.35,0.0,1.0,0.6,0.0,0.4,0.85,0.65,0.35,0.85,0.65,0.45,0.0,0.4,0.6,0.0,0.5,0.6,0.0,0.4,0.0,0.65,0.0,0.45,0.45,0.65,0.35,0.0,0.5,0.8,0.0,0.0,0.0,0.0,0.4,0.0,0.0,0.0,0.0,0.45,0.05,0.0,0.0,0.6,0.4,0.85,0.65,0.4,0.85,0.15,0.25,0.0,0.0,0.6,0.0,0.0,0.0,0.0,0.0,0.0,0.0,0.0,0.0,0.0,0.4,0.8,0.8,0.4,0.0,0.85,0.15,0.25,0.85,0.15,0.25,0.0,0.0,0.0,0.0,0.0,0.0,0.0,0.0,0.0,0.42
ENE_07_6b773,0.0,0.0,0.6,0.0,0.4,0.4,0.0,0.6,0.4,0.0,0.0,0.5,0.0,0.0,0.4,0.0,0.0,0.21,0.0,0.15,0.0,0.0,0.0,0.0,0.0,0.0,0.15,0.0,0.25,0.6,0.85,0.95,0.5,0.6,1.0,0.65,0.45,0.85,0.85,0.65,0.45,0.65,0.25,0.05,0.0,0.6,0.0,0.0,0.4,0.0,0.4,0.0,0.6,0.0,0.0,0.0,0.45,0.85,0.05,0.0,0.0,0.0,0.65,0.45,0.35,0.0,0.0,0.0,0.0,0.0,0.0,0.0,0.4,0.0,0.85,0.65,0.35,0.0,0.4,0.6,0.0,0.4,0.0,0.0,0.5,0.3,0.45,0.0,0.35,0.0,0.4,0.6,0.0,0.4,0.6,0.85,0.15,0.65,0.0,0.42,0.0,0.0,0.4,0.3,0.85,0.15,0.35,0.4,0.0,0.0,0.0,0.4,0.0,0.65,0.0,0.85
ENE_08_76dd7,0.0,0.0,0.0,0.0,0.0,0.6,0.4,0.0,0.25,0.0,0.0,0.0,0.0,0.0,0.0,0.0,0.0,0.0,0.0,0.0,0.0,0.0,0.0,0.0,0.0,0.0,0.25,0.0,0.0,0.4,0.55,0.85,0.0,0.0,0.65,1.0,0.6,0.0,0.4,0.65,0.45,0.85,0.0,0.0,0.0,0.0,0.0,0.45,0.0,0.25,0.5,0.0,0.25,0.0,0.0,0.4,0.6,0.0,0.0,0.0,0.0,0.0,0.0,0.0,0.0,0.0,0.0,0.0,0.0,0.0,0.0,0.0,0.0,0.0,0.0,0.85,0.15,0.1,0.0,0.0,0.0,0.0,0.4,0.6,0.0,0.0,0.6,0.0,0.0,0.0,0.0,0.4,0.6,0.0,0.0,0.4,0.4,0.3,0.65,0.45,0.0,0.15,0.0,0.4,0.25,0.0,0.0,0.0,0.0,0.0,0.0,0.45,0.0,0.0,0.0,0.4
ENE_09_82f47,0.0,0.0,0.0,0.0,0.0,0.0,0.0,0.0,0.0,0.0,0.4,0.85,0.0,0.4,0.0,0.0,0.0,0.0,0.0,0.6,0.0,0.0,0.0,0.0,0.0,0.0,0.0,0.0,0.6,0.65,0.3,0.35,0.65,0.4,0.45,0.6,1.0,0.85,0.65,0.25,0.85,0.95,0.6,0.0,0.0,0.0,0.0,0.25,0.5,0.0,0.0,0.0,0.6,0.0,0.4,0.0,0.4,0.6,0.0,0.0,0.0,0.0,0.0,0.0,0.0,0.5,0.4,0.0,0.0,0.0,0.0,0.6,0.4,0.0,0.6,0.8,0.85,0.35,0.65,0.0,0.0,0.0,0.0,0.0,0.8,0.0,0.0,0.0,0.0,0.0,0.0,0.65,0.0,0.15,0.0,0.4,0.0,0.85,0.65,0.15,0.0,0.0,0.0,0.0,0.4,0.0,0.0,0.0,0.0,0.0,0.0,0.0,0.0,0.0,0.0,0.0
ENE_10_a6418,0.0,0.35,0.0,0.0,0.0,0.0,0.0,0.0,0.0,0.0,0.8,0.15,0.0,0.5,0.0,0.0,0.0,0.0,0.0,0.0,0.0,0.0,0.0,0.0,0.0,0.0,0.4,0.0,0.8,0.25,0.85,0.15,0.85,0.85,0.85,0.0,0.85,1.0,0.5,0.25,0.95,0.85,0.65,0.1,0.0,0.6,0.4,0.0,0.0,0.0,0.0,0.0,0.6,0.0,0.0,0.42,0.0,0.0,0.0,0.0,0.0,0.0,0.0,0.45,0.15,0.0,0.0,0.0,0.0,0.4,0.0,0.0,0.25,0.0,0.0,0.8,0.4,0.0,0.0,0.0,0.0,0.0,0.0,0.0,0.6,0.0,0.0,0.0,0.0,0.0,0.85,0.5,0.0,0.0,0.0,0.85,0.15,0.25,0.0,0.0,0.0,0.0,0.55,0.0,0.0,0.0,0.0,0.0,0.0,0.0,0.0,0.25,0.45,0.0,0.0,0.0
ENE_11_b6eb2,0.0,0.0,0.0,0.4,0.0,0.0,0.4,0.0,0.0,0.0,0.0,0.65,0.4,0.0,0.0,0.25,0.0,0.0,0.0,0.85,0.0,0.4,0.0,0.0,0.4,0.0,0.6,0.4,0.0,0.85,0.95,0.85,0.75,0.65,0.85,0.4,0.65,0.5,1.0,0.45,0.85,0.65,0.5,0.0,0.0,0.0,0.0,0.6,0.0,0.25,0.5,0.0,0.4,0.0,0.0,0.4,0.6,0.0,0.0,0.0,0.65,0.15,0.45,0.85,0.45,0.35,0.85,0.15,0.05,0.85,0.15,0.65,0.0,0.0,0.0,0.85,0.65,0.15,0.65,0.35,0.15,0.0,0.4,0.6,0.0,0.4,0.6,0.0,0.6,0.0,0.0,0.5,0.25,0.0,0.0,0.4,0.25,0.35,0.45,0.85,0.45,0.15,0.0,0.5,0.6,0.0,0.0,0.0,0.0,0.0,0.0,0.4,0.0,0.0,0.35,0.65
ENE_12_bf662,0.0,0.0,0.0,0.6,0.0,0.0,0.0,0.0,0.0,0.0,0.0,0.0,0.0,0.0,0.0,0.5,0.0,0.0,0.0,0.15,0.0,0.0,0.0,0.0,0.0,0.0,0.0,0.0,0.0,0.85,0.25,0.25,0.65,0.35,0.65,0.65,0.25,0.25,0.45,1.0,0.85,0.95,0.6,0.4,0.0,0.6,0.0,0.4,0.6,0.0,0.0,0.0,0.0,0.6,0.0,0.0,0.6,0.4,0.0,0.4,0.6,0.0,0.0,0.0,0.0,0.0,0.0,0.0,0.0,0.0,0.0,0.0,0.0,0.0,0.3,0.8,0.6,0.0,0.4,0.0,0.0,0.0,0.0,0.0,0.8,0.0,0.0,0.0,0.0,0.0,0.0,0.85,0.0,0.15,0.0,0.45,0.0,0.0,0.6,0.0,0.0,0.0,0.0,0.0,0.0,0.0,0.0,0.0,0.0,0.0,0.0,0.0,0.0,0.0,0.0,0.0
ENE_13_d269b,0.0,0.0,0.0,0.0,0.0,0.4,0.0,0.0,0.5,0.0,0.0,0.45,0.0,0.0,0.0,0.0,0.0,0.4,0.0,0.05,0.0,0.0,0.0,0.0,0.0,0.0,0.4,0.0,0.81,0.65,0.85,0.65,0.85,0.85,0.45,0.45,0.85,0.95,0.85,0.85,1.0,0.85,0.65,0.0,0.0,0.4,0.0,0.0,0.0,0.0,0.0,0.0,0.0,0.0,0.0,0.0,0.0,0.0,0.5,0.0,0.0,0.0,0.0,0.6,0.4,0.0,0.0,0.0,0.0,0.0,0.0,0.0,0.45,0.0,0.85,0.55,0.3,0.0,0.0,0.0,0.0,0.0,0.0,0.0,0.73,0.0,0.0,0.0,0.0,0.0,0.6,0.4,0.0,0.0,0.0,0.85,0.25,0.65,0.0,0.0,0.4,0.0,0.35,0.0,0.0,0.0,0.0,0.0,0.0,0.0,0.0,0.0,0.0,0.0,0.4,0.6
ENE_14_dc481,0.5,0.0,0.45,0.4,0.0,0.6,0.4,0.0,0.6,0.0,0.0,0.65,0.0,0.0,0.4,0.4,0.85,0.0,0.0,0.55,0.6,0.5,0.0,0.0,0.6,0.0,0.6,0.4,0.85,0.95,0.65,0.85,0.45,0.65,0.65,0.85,0.95,0.85,0.65,0.95,0.85,1.0,0.0,0.4,0.0,0.0,0.0,0.0,0.0,0.4,0.0,0.0,0.0,0.0,0.0,0.4,0.3,0.0,0.0,0.0,0.0,0.0,0.0,0.0,0.0,0.0,0.0,0.0,0.0,0.0,0.0,0.0,0.0,0.0,0.0,0.85,0.15,0.0,0.0,0.0,0.0,0.0,0.0,0.0,0.0,0.0,0.0,0.0,0.0,0.0,0.85,0.65,0.35,0.0,0.0,0.4,0.0,0.0,0.8,0.0,0.0,0.0,0.0,0.0,0.0,0.0,0.0,0.0,0.5,0.0,0.25,0.0,0.4,0.6,0.45,0.65
ENE_15_f6fae,0.4,0.0,0.0,0.0,0.0,0.0,0.6,0.4,0.0,0.0,0.4,0.0,0.0,0.0,0.0,0.0,0.0,0.0,0.0,0.0,0.0,0.25,0.0,0.0,0.0,0.0,0.0,0.6,0.65,0.85,0.95,0.25,0.85,0.45,0.25,0.0,0.6,0.65,0.5,0.6,0.65,0.0,1.0,0.0,0.0,0.0,0.85,0.15,0.65,0.0,0.0,0.0,0.0,0.0,0.0,0.0,0.6,0.4,0.0,0.0,0.0,0.0,0.0,0.0,0.0,0.4,0.5,0.0,0.0,0.0,0.0,0.0,0.0,0.0,0.45,0.8,0.65,0.25,0.85,0.0,0.0,0.0,0.0,0.0,0.6,0.0,0.0,0.0,0.0,0.0,0.42,0.0,0.4,0.0,0.0,0.4,0.0,0.6,0.0,0.4,0.0,0.0,0.0,0.0,0.0,0.0,0.0,0.0,0.5,0.0,0.0,0.0,0.0,0.0,0.0,0.0
ENV_01_0cfd4,0.0,0.0,0.0,0.85,0.0,0.0,0.0,0.3,0.0,0.0,0.0,0.0,0.0,0.0,0.0,0.0,0.25,0.0,0.0,0.35,0.0,0.0,0.0,0.0,0.0,0.0,0.4,0.0,0.0,0.0,0.0,0.0,0.0,0.0,0.05,0.0,0.0,0.1,0.0,0.4,0.0,0.4,0.0,1.0,0.0,0.6,0.4,0.0,0.4,0.0,0.0,0.4,0.8,0.0,0.0,0.4,0.85,0.45,0.1,0.85,0.95,0.15,0.65,0.35,0.55,0.4,0.0,0.1,0.0,0.0,0.0,0.65,0.45,0.15,0.85,0.35,0.25,0.0,0.4,0.6,0.0,0.4,0.0,0.0,0.0,0.6,0.85,0.05,0.15,0.4,0.0,0.6,0.85,0.15,0.95,0.85,0.25,0.65,0.4,0.8,0.0,0.0,0.0,0.0,0.0,0.4,0.0,0.0,0.0,0.0,0.0,0.6,0.4,0.0,0.0,0.6
ENV_02_0f9b0,0.0,0.0,0.0,0.15,0.0,0.0,0.4,0.0,0.0,0.0,0.85,0.0,0.4,0.0,0.0,0.4,0.0,0.0,0.0,0.4,0.8,0.4,0.0,0.0,0.4,0.0,0.0,0.25,0.0,0.25,0.4,0.0,0.05,0.4,0.0,0.0,0.0,0.0,0.0,0.0,0.0,0.0,0.0,0.0,1.0,0.85,0.25,0.15,0.4,0.0,0.25,0.85,0.5,0.3,0.0,0.4,0.6,0.5,0.0,0.0,0.8,0.0,0.4,0.0,0.5,0.0,0.0,0.8,0.0,0.0,0.0,0.0,0.0,0.0,0.0,0.0,0.0,0.8,0.0,0.0,0.0,0.0,0.0,0.0,0.0,0.0,0.0,0.0,0.0,0.0,0.0,0.0,0.0,0.4,0.0,0.0,0.6,0.4,0.3,0.55,0.85,0.35,0.0,0.0,0.0,0.0,0.0,0.0,0.0,0.5,0.0,0.85,0.25,0.4,0.0,0.6
ENV_03_2f819,0.0,0.5,0.85,0.65,0.8,0.85,0.0,0.4,0.0,0.0,0.15,0.6,0.0,0.4,0.0,0.0,0.0,0.0,0.0,0.0,0.0,0.0,0.0,0.0,0.8,0.0,0.0,0.0,0.4,0.0,0.0,0.4,0.0,0.6,0.6,0.0,0.0,0.6,0.0,0.6,0.4,0.0,0.0,0.6,0.85,1.0,0.5,0.0,0.4,0.0,0.8,0.4,0.45,0.0,0.35,0.6,0.8,0.5,0.0,0.6,0.8,0.0,0.6,0.4,0.0,0.4,0.5,0.0,0.0,0.0,0.0,0.5,0.0,0.0,0.5,0.3,0.0,0.4,0.6,0.85,0.15,0.25,0.0,0.0,0.6,0.0,0.0,0.0,0.0,0.0,0.0,0.0,0.0,0.0,0.85,0.15,0.75,0.0,0.4,0.8,0.0,0.0,0.6,0.0,0.0,0.0,0.0,0.0,0.0,0.0,0.0,0.6,0.0,0.25,0.5,0.5
ENV_04_46549,0.0,0.25,0.45,0.0,0.0,0.45,0.0,0.0,0.0,0.0,0.4,0.0,0.0,0.0,0.0,0.0,0.0,0.0,0.0,0.0,0.0,0.0,0.0,0.0,0.0,0.0,0.0,0.0,0.0,0.0,0.0,0.0,0.0,0.0,0.0,0.0,0.0,0.4,0.0,0.0,0.0,0.0,0.85,0.4,0.25,0.5,1.0,0.0,0.4,0.0,0.0,0.4,0.6,0.0,0.6,0.8,0.85,1.0,0.25,0.0,0.6,0.0,0.0,0.0,0.0,0.0,0.0,0.0,0.0,0.0,0.0,0.0,0.0,0.0,0.0,0.4,0.0,0.0,0.0,0.0,0.0,0.0,0.0,0.0,0.0,0.0,0.42,0.0,0.0,0.0,0.4,0.6,0.6,0.0,0.4,0.0,0.4,0.6,0.0,0.4,0.5,0.0,0.4,0.0,0.6,0.0,0.4,0.55,0.35,0.25,0.0,0.6,0.4,0.85,0.25,0.65
ENV_05_4e2b7,0.0,0.65,0.1,0.25,0.0,0.1,0.4,0.0,0.0,0.55,0.0,0.4,0.0,0.0,0.0,0.0,0.0,0.4,0.0,0.85,0.75,0.4,0.0,0.4,0.0,0.0,0.0,0.0,0.0,0.5,0.41,0.0,0.0,0.5,0.0,0.45,0.25,0.0,0.6,0.4,0.0,0.0,0.15,0.0,0.15,0.0,0.0,1.0,0.0,0.4,0.8,0.85,0.92,0.78,0.6,0.8,0.4,0.85,0.65,0.0,0.85,0.65,0.4,0.0,0.0,0.0,0.0,0.0,0.0,0.0,0.4,0.5,0.0,0.0,0.75,0.0,0.0,0.0,0.0,0.0,0.0,0.0,0.0,0.0,0.85,0.25,0.35,0.0,0.0,0.0,0.0,0.4,0.6,0.0,0.4,0.6,0.55,0.65,0.3,0.85,0.92,0.45,0.0,0.0,0.0,0.0,0.0,0.0,0.0,0.0,0.0,0.85,0.45,0.65,0.65,0.25
ENV_06_5bd1c,0.0,0.25,0.85,0.6,0.5,0.0,0.8,0.4,0.0,0.35,0.5,0.5,0.5,0.4,0.0,0.4,0.6,0.0,0.6,0.25,0.85,0.6,0.0,0.0,0.6,0.5,0.0,0.4,0.4,0.0,0.61,0.6,0.0,0.6,0.4,0.0,0.5,0.0,0.0,0.6,0.0,0.0,0.65,0.4,0.4,0.4,0.4,0.0,1.0,0.95,0.0,0.05,0.42,0.85,0.15,0.0,0.8,0.4,0.0,0.5,0.6,0.0,0.0,0.5,0.0,0.4,0.6,0.0,0.0,0.0,0.85,0.35,0.15,0.0,0.25,0.5,0.8,0.0,0.4,0.65,0.0,0.45,0.85,0.45,0.15,0.0,0.0,0.0,0.0,0.0,0.0,0.0,0.0,0.0,0.0,0.4,0.6,0.0,0.4,0.6,0.85,0.15,0.65,0.85,0.35,0.15,0.0,0.5,0.0,0.0,0.0,0.4,0.35,0.25,0.05,0.6
ENV_07_6070a,0.0,0.15,0.0,0.0,0.6,0.5,0.0,0.6,0.8,0.0,0.0,0.0,0.0,0.15,0.4,0.0,0.4,0.4,0.0,0.95,0.45,0.0,0.0,0.4,0.0,0.0,0.0,0.0,0.6,0.4,0.0,0.0,0.0,0.0,0.0,0.25,0.0,0.0,0.25,0.0,0.0,0.4,0.0,0.0,0.0,0.0,0.0,0.4,0.95,1.0,0.42,0.0,0.85,0.85,0.15,0.35,0.85,0.55,0.3,0.0,0.4,0.0,0.5,0.0,0.75,0.0,0.4,0.8,0.0,0.0,0.0,0.55,0.35,0.0,0.0,0.4,0.0,0.8,0.0,0.0,0.0,0.4,0.0,0.0,0.0,0.0,0.4,0.0,0.0,0.0,0.25,0.6,0.0,0.0,0.4,0.0,0.4,0.6,0.0,0.4,0.6,0.0,0.6,0.4,0.45,0.35,0.25,0.6,0.0,0.4,0.0,0.4,0.6,0.85,0.25,0.65
ENV_08_6c0c3,0.4,0.0,0.35,0.0,0.85,0.4,0.4,0.0,0.0,0.4,0.0,0.0,0.0,0.0,0.0,0.5,0.0,0.8,0.4,0.0,0.15,0.4,0.0,0.6,0.8,0.0,0.0,0.4,0.0,0.0,0.4,0.85,0.0,0.4,0.4,0.5,0.0,0.0,0.5,0.0,0.0,0.0,0.0,0.0,0.25,0.8,0.0,0.8,0.0,0.42,1.0,0.0,0.6,0.0,0.0,0.42,0.0,0.85,0.25,0.0,0.85,0.0,0.25,0.85,0.3,0.1,0.0,0.6,0.0,0.0,0.0,0.0,0.0,0.0,0.4,0.4,0.0,0.25,0.8,0.6,0.0,0.0,0.0,0.0,0.0,0.0,0.6,0.0,0.0,0.0,0.0,0.4,0.0,0.0,0.0,0.0,0.85,0.25,0.1,0.85,0.45,0.15,0.0,0.4,0.5,0.0,0.0,0.0,0.65,0.15,0.05,0.65,0.0,0.25,0.0,0.8
ENV_09_80007,0.0,0.4,0.5,0.0,0.0,0.85,0.6,0.4,0.0,0.8,0.25,0.0,0.4,0.8,0.0,0.25,0.4,0.0,0.0,0.0,0.0,0.0,0.0,0.0,0.0,0.4,0.65,0.0,0.4,0.0,0.0,0.15,0.0,0.0,0.0,0.0,0.0,0.0,0.0,0.0,0.0,0.0,0.0,0.4,0.85,0.4,0.4,0.85,0.05,0.0,0.0,1.0,0.4,0.0,0.05,0.55,0.85,0.35,0.0,0.5,0.6,0.0,0.0,0.0,0.0,0.0,0.0,0.0,0.0,0.0,0.0,0.5,0.0,0.0,0.5,0.25,0.6,0.0,0.4,0.4,0.0,0.0,0.0,0.0,0.5,0.0,0.0,0.0,0.0,0.0,0.0,0.0,0.0,0.0,0.6,0.0,0.4,0.0,0.0,0.0,0.8,0.0,0.4,0.0,0.4,0.0,0.0,0.0,0.0,0.0,0.0,0.4,0.0,0.0,0.0,0.0
ENV_10_8f360,0.0,0.0,0.0,0.85,0.45,0.15,0.0,0.6,0.6,0.0,0.5,0.35,0.0,0.0,0.4,0.0,0.6,0.5,0.0,0.8,0.4,0.0,0.0,0.6,0.85,0.6,0.45,0.5,0.8,0.5,0.8,0.25,0.45,0.65,0.6,0.25,0.6,0.6,0.4,0.0,0.0,0.0,0.0,0.8,0.5,0.45,0.6,0.92,0.42,0.85,0.6,0.4,1.0,0.0,0.4,0.8,0.85,0.35,0.1,0.5,0.8,0.0,0.85,0.45,0.95,0.5,0.0,0.4,0.0,0.0,0.0,0.65,0.85,0.15,0.0,0.5,0.0,0.85,0.35,0.15,0.0,0.4,0.0,0.0,0.45,0.65,0.65,0.15,0.05,0.0,0.4,0.6,0.85,0.25,0.95,0.85,0.35,0.65,0.0,0.85,0.15,0.0,0.4,0.0,0.45,0.0,0.25,0.0,0.4,0.6,0.0,0.6,0.4,0.85,0.0,0.4
ENV_11_97928,0.35,0.0,0.0,0.15,0.0,0.05,0.4,0.0,0.0,0.0,0.0,0.0,0.4,0.0,0.0,0.0,0.0,0.0,0.0,0.0,0.0,0.0,0.0,0.0,0.15,0.0,0.25,0.0,0.0,0.0,0.0,0.0,0.0,0.0,0.0,0.0,0.0,0.0,0.0,0.6,0.0,0.0,0.0,0.0,0.3,0.0,0.0,0.78,0.85,0.85,0.0,0.0,0.0,1.0,0.0,0.4,0.6,0.25,0.0,0.0,0.65,0.0,0.4,0.0,0.0,0.0,0.0,0.0,0.0,0.0,0.0,0.0,0.0,0.0,0.0,0.0,0.0,0.0,0.0,0.0,0.0,0.0,0.0,0.0,0.0,0.0,0.0,0.0,0.0,0.0,0.0,0.0,0.0,0.0,0.0,0.0,0.25,0.15,0.1,0.85,0.45,0.15,0.0,0.0,0.0,0.0,0.0,0.0,0.0,0.0,0.0,0.4,0.0,0.6,0.0,0.6
ENV_12_d933a,0.0,0.0,0.0,0.05,0.0,0.0,0.0,0.0,0.0,0.0,0.0,0.0,0.0,0.0,0.0,0.0,0.0,0.0,0.0,0.0,0.0,0.0,0.0,0.0,0.05,0.0,0.0,0.8,0.0,0.0,0.4,0.0,0.0,0.45,0.0,0.0,0.4,0.0,0.0,0.0,0.0,0.0,0.0,0.0,0.0,0.35,0.6,0.6,0.15,0.15,0.0,0.05,0.4,0.0,1.0,0.0,0.4,0.6,0.0,0.4,0.6,0.0,0.4,0.0,0.0,0.05,0.1,0.0,0.0,0.0,0.0,0.4,0.0,0.35,0.55,0.45,0.0,0.0,0.4,0.4,0.0,0.0,0.0,0.0,0.6,0.0,0.0,0.0,0.0,0.0,0.0,0.0,0.0,0.6,0.0,0.0,0.0,0.0,0.0,0.0,0.0,0.0,0.8,0.0,0.0,0.0,0.0,0.0,0.0,0.0,0.0,0.6,0.0,0.0,0.0,0.0
ENV_13_e223a,0.0,0.0,0.5,0.0,0.0,0.4,0.0,0.0,0.4,0.0,0.4,0.4,0.0,0.0,0.0,0.0,0.0,0.0,0.0,0.4,0.4,0.0,0.0,0.4,0.0,0.0,0.6,0.0,0.0,0.5,0.0,0.0,0.4,0.45,0.0,0.4,0.0,0.42,0.4,0.0,0.0,0.4,0.0,0.4,0.4,0.6,0.8,0.8,0.0,0.35,0.42,0.55,0.8,0.4,0.0,1.0,0.85,0.35,0.05,0.0,0.85,0.0,0.0,0.6,0.4,0.0,0.0,0.0,0.0,0.4,0.0,0.85,0.65,0.15,0.0,0.4,0.0,0.0,0.0,0.0,0.0,0.0,0.0,0.0,0.4,0.0,0.0,0.0,0.0,0.0,0.4,0.0,0.85,0.15,0.65,0.85,0.35,0.4,0.0,0.85,0.55,0.0,0.5,0.0,0.0,0.0,0.0,0.0,0.0,0.0,0.0,0.85,0.6,0.85,0.65,0.8
ENV_14_e4670,0.0,0.0,0.6,0.4,0.0,0.0,0.4,0.0,0.3,0.0,0.8,0.5,0.4,0.0,0.0,0.4,0.65,0.0,0.6,0.65,0.8,0.4,0.0,0.6,0.4,0.4,0.4,0.5,0.0,0.4,0.4,0.0,0.3,0.65,0.45,0.6,0.4,0.0,0.6,0.6,0.0,0.3,0.6,0.85,0.6,0.8,0.85,0.4,0.8,0.85,0.0,0.85,0.85,0.6,0.4,0.85,1.0,0.85,0.25,0.05,0.85,0.15,0.25,0.0,0.0,0.0,0.85,0.65,0.3,0.0,0.5,0.25,0.0,0.0,0.0,0.85,0.25,0.15,0.0,0.6,0.0,0.0,0.8,0.4,0.0,0.0,0.0,0.0,0.0,0.0,0.0,0.4,0.6,0.85,0.95,0.3,0.5,0.3,0.4,0.85,0.3,0.1,0.85,0.35,0.65,0.0,0.4,0.8,0.85,0.35,0.25,0.85,0.15,0.05,0.85,0.95
ENV_15_f1429,0.0,0.0,0.0,0.6,0.0,0.0,0.0,0.0,0.0,0.0,0.5,0.0,0.0,0.0,0.0,0.0,0.25,0.0,0.4,0.4,0.0,0.6,0.4,0.0,0.0,0.0,0.0,0.4,0.0,0.0,0.0,0.0,0.0,0.35,0.85,0.0,0.6,0.0,0.0,0.4,0.0,0.0,0.4,0.45,0.5,0.5,1.0,0.85,0.4,0.55,0.85,0.35,0.35,0.25,0.6,0.35,0.85,1.0,0.0,0.6,0.4,0.0,0.6,0.4,0.65,0.45,0.35,0.0,0.0,0.0,0.0,0.4,0.6,0.0,0.5,0.4,0.6,0.0,0.4,0.8,0.0,0.0,0.0,0.0,0.5,0.0,0.0,0.0,0.0,0.0,0.0,0.0,0.4,0.6,0.0,0.6,0.4,0.85,0.15,0.05,0.85,0.15,0.35,0.0,0.0,0.0,0.42,0.0,0.21,0.0,0.0,0.8,0.85,0.65,0.35,0.85
ENV_16_f8183,0.0,0.0,0.0,0.0,0.0,0.0,0.0,0.0,0.5,0.0,0.3,0.0,0.0,0.0,0.0,0.0,0.0,0.0,0.0,0.85,0.0,0.0,0.5,0.0,0.0,0.1,0.0,0.0,0.0,0.5,0.0,0.0,0.0,0.0,0.05,0.0,0.0,0.0,0.0,0.0,0.5,0.0,0.0,0.1,0.0,0.0,0.25,0.65,0.0,0.3,0.25,0.0,0.1,0.0,0.0,0.05,0.25,0.0,1.0,0.0,0.4,0.0,0.0,0.5,0.6,0.0,0.0,0.0,0.0,0.0,0.0,0.55,0.45,0.05,0.0,0.25,0.0,0.0,0.0,0.0,0.0,0.0,0.0,0.0,0.0,0.0,0.85,0.15,0.05,0.0,0.5,0.6,0.4,0.0,0.6,0.85,0.15,0.65,0.35,0.0,0.25,0.0,0.4,0.0,0.0,0.25,0.5,0.5,0.0,0.25,0.0,0.4,0.0,0.85,0.45,0.95
HEA_01_07f11,0.0,0.0,0.0,0.4,0.0,0.0,0.0,0.0,0.0,0.0,0.0,0.0,0.0,0.0,0.0,0.0,0.0,0.0,0.4,0.0,0.0,0.5,0.0,0.0,0.4,0.0,0.0,0.4,0.0,0.4,0.4,0.0,0.0,0.5,0.0,0.0,0.0,0.0,0.0,0.4,0.0,0.0,0.0,0.85,0.0,0.6,0.0,0.0,0.5,0.0,0.0,0.5,0.5,0.0,0.4,0.0,0.05,0.6,0.0,1.0,0.35,0.0,0.4,0.85,0.35,0.4,0.5,0.8,0.3,0.0,0.4,0.6,0.0,0.0,0.0,0.0,0.0,0.0,0.0,0.6,0.0,0.0,0.0,0.0,0.0,0.4,0.6,0.0,0.0,0.0,0.0,0.0,0.0,0.0,0.0,0.0,0.0,0.0,0.0,0.0,0.4,0.0,0.0,0.0,0.0,0.0,0.0,0.0,0.0,0.0,0.0,0.0,0.0,0.0,0.0,0.4
HEA_02_0a422,0.0,0.0,0.85,0.6,0.5,0.0,0.0,0.4,0.65,0.0,0.0,0.85,0.0,0.0,0.0,0.0,0.0,0.0,0.6,0.5,0.42,0.6,0.0,0.6,0.6,0.5,0.0,0.6,0.4,0.0,0.8,0.0,0.0,0.8,0.0,0.0,0.0,0.0,0.65,0.6,0.0,0.0,0.0,0.95,0.8,0.8,0.6,0.85,0.6,0.4,0.85,0.6,0.8,0.65,0.6,0.85,0.85,0.4,0.4,0.35,1.0,0.85,0.65,0.4,0.85,0.35,0.45,0.85,0.15,0.25,0.65,0.35,0.25,0.0,0.0,0.0,0.85,0.45,0.3,0.85,0.0,0.15,0.0,0.0,0.0,0.0,0.4,0.0,0.0,0.0,0.0,0.85,0.0,0.15,0.85,0.35,0.6,0.85,0.25,0.6,0.85,0.15,0.25,0.0,0.0,0.0,0.0,0.0,0.0,0.0,0.0,0.6,0.0,0.0,0.0,0.0
HEA_03_12168,0.0,0.0,0.0,0.0,0.0,0.0,0.0,0.0,0.0,0.0,0.0,0.25,0.0,0.0,0.0,0.0,0.0,0.0,0.0,0.0,0.0,0.0,0.0,0.0,0.0,0.0,0.0,0.0,0.0,0.0,0.0,0.0,0.0,0.0,0.0,0.0,0.0,0.0,0.15,0.0,0.0,0.0,0.0,0.15,0.0,0.0,0.0,0.65,0.0,0.0,0.0,0.0,0.0,0.0,0.0,0.0,0.15,0.0,0.0,0.0,0.85,1.0,0.85,0.6,0.35,0.85,0.15,0.4,0.6,0.4,0.8,0.85,0.92,0.0,0.0,0.4,0.0,0.0,0.0,0.0,0.0,0.4,0.0,0.0,0.4,0.6,0.4,0.0,0.0,0.0,0.4,0.6,0.0,0.0,0.0,0.0,0.0,0.0,0.0,0.0,0.0,0.0,0.0,0.0,0.0,0.0,0.0,0.0,0.0,0.0,0.0,0.0,0.0,0.0,0.0,0.0
HEA_04_19bb1,0.0,0.0,0.5,0.0,0.0,0.0,0.0,0.0,0.15,0.0,0.0,0.35,0.0,0.0,0.0,0.0,0.0,0.0,0.0,0.5,0.31,0.4,0.0,0.4,0.0,0.0,0.0,0.0,0.0,0.0,0.0,0.85,0.0,0.0,0.65,0.0,0.0,0.0,0.45,0.0,0.0,0.0,0.0,0.65,0.4,0.6,0.0,0.4,0.0,0.5,0.25,0.0,0.85,0.4,0.4,0.0,0.25,0.6,0.0,0.4,0.65,0.85,1.0,0.85,0.6,0.0,0.85,0.45,0.15,0.85,0.0,0.6,0.85,0.15,0.05,0.0,0.0,0.0,0.4,0.6,0.0,0.0,0.0,0.0,0.0,0.4,0.6,0.0,0.0,0.0,0.0,0.0,0.0,0.0,0.4,0.0,0.0,0.0,0.0,0.55,0.0,0.0,0.0,0.5,0.4,0.0,0.0,0.0,0.0,0.0,0.0,0.6,0.0,0.0,0.0,0.8
HEA_05_65dc0,0.0,0.25,0.0,0.0,0.0,0.0,0.5,0.4,0.0,0.25,0.0,0.85,0.0,0.4,0.0,0.0,0.4,0.85,0.0,0.0,0.0,0.6,0.5,0.85,0.4,0.0,0.0,0.5,0.0,0.0,0.0,0.4,0.0,0.0,0.45,0.0,0.0,0.45,0.85,0.0,0.6,0.0,0.0,0.35,0.0,0.4,0.0,0.0,0.5,0.0,0.85,0.0,0.45,0.0,0.0,0.6,0.0,0.4,0.5,0.85,0.4,0.6,0.85,1.0,0.85,0.55,0.95,0.0,0.0,0.75,0.5,0.6,0.8,0.0,0.0,0.0,0.0,0.0,0.0,0.0,0.0,0.0,0.0,0.0,0.4,0.0,0.0,0.0,0.0,0.0,0.0,0.0,0.0,0.0,0.0,0.0,0.0,0.0,0.0,0.0,0.0,0.0,0.5,0.0,0.0,0.0,0.0,0.0,0.0,0.0,0.0,0.0,0.0,0.0,0.0,0.0
HEA_06_6bf25,0.0,0.0,0.4,0.0,0.5,0.4,0.0,0.8,0.4,0.0,0.0,0.6,0.0,0.5,0.0,0.0,0.6,0.0,0.0,0.75,0.0,0.0,0.0,0.35,0.0,0.0,0.0,0.0,0.6,0.0,0.0,0.6,0.0,0.0,0.35,0.0,0.0,0.15,0.45,0.0,0.4,0.0,0.0,0.55,0.5,0.0,0.0,0.0,0.0,0.75,0.3,0.0,0.95,0.0,0.0,0.4,0.0,0.65,0.6,0.35,0.85,0.35,0.6,0.85,1.0,0.5,0.9,0.8,0.0,0.8,0.4,0.85,0.65,0.15,0.0,0.4,0.0,0.65,0.0,0.0,0.0,0.0,0.0,0.0,0.0,0.0,0.0,0.0,0.0,0.0,0.4,0.0,0.0,0.0,0.5,0.0,0.6,0.4,0.0,0.4,0.6,0.0,0.0,0.0,0.0,0.5,0.25,0.0,0.0,0.0,0.0,0.0,0.0,0.0,0.0,0.0
HEA_07_7822c,0.05,0.0,0.0,0.4,0.0,0.0,0.4,0.8,0.0,0.0,0.0,0.3,0.4,0.0,0.0,0.0,0.0,0.0,0.0,0.0,0.0,0.4,0.0,0.15,0.4,0.0,0.0,0.0,0.0,0.0,0.0,0.0,0.0,0.4,0.0,0.0,0.5,0.0,0.35,0.0,0.0,0.0,0.4,0.4,0.0,0.4,0.0,0.0,0.4,0.0,0.1,0.0,0.5,0.0,0.05,0.0,0.0,0.45,0.0,0.4,0.35,0.85,0.0,0.55,0.5,1.0,0.85,0.65,0.25,0.0,0.8,0.4,0.0,0.0,0.0,0.0,0.0,0.0,0.0,0.0,0.0,0.0,0.4,0.6,0.0,0.0,0.0,0.0,0.0,0.0,0.0,0.0,0.0,0.0,0.0,0.0,0.35,0.25,0.05,0.0,0.0,0.0,0.0,0.0,0.0,0.0,0.0,0.0,0.0,0.0,0.0,0.0,0.0,0.0,0.0,0.4
HEA_08_7c732,0.1,0.0,0.85,0.6,0.0,0.0,0.6,0.0,0.0,0.0,0.0,0.85,0.0,0.0,0.0,0.0,0.0,0.0,0.0,0.0,0.0,0.0,0.0,0.0,0.6,0.0,0.0,0.0,0.0,0.0,0.0,0.0,0.0,0.0,0.0,0.0,0.4,0.0,0.85,0.0,0.0,0.0,0.5,0.0,0.0,0.5,0.0,0.0,0.6,0.4,0.0,0.0,0.0,0.0,0.1,0.0,0.85,0.35,0.0,0.5,0.45,0.15,0.85,0.95,0.9,0.85,1.0,0.85,0.25,0.4,0.85,0.95,0.15,0.0,0.4,0.0,0.85,0.25,0.65,0.85,0.15,0.35,0.0,0.0,0.6,0.0,0.0,0.0,0.0,0.0,0.0,0.0,0.0,0.0,0.0,0.0,0.0,0.0,0.0,0.4,0.0,0.0,0.6,0.0,0.4,0.0,0.0,0.0,0.0,0.0,0.0,0.0,0.0,0.0,0.0,0.0
HEA_09_8b6f3,0.0,0.0,0.65,0.0,0.0,0.0,0.0,0.4,0.0,0.0,0.0,0.65,0.0,0.0,0.0,0.0,0.0,0.0,0.0,0.4,0.0,0.0,0.0,0.4,0.0,0.0,0.0,0.0,0.4,0.0,0.5,0.0,0.0,0.0,0.0,0.0,0.0,0.0,0.15,0.0,0.0,0.0,0.0,0.1,0.8,0.0,0.0,0.0,0.0,0.8,0.6,0.0,0.4,0.0,0.0,0.0,0.65,0.0,0.0,0.8,0.85,0.4,0.45,0.0,0.8,0.65,0.85,1.0,0.0,0.6,0.4,0.85,0.6,0.0,0.0,0.0,0.0,0.4,0.0,0.0,0.0,0.4,0.0,0.0,0.4,0.6,0.0,0.0,0.0,0.0,0.0,0.0,0.0,0.0,0.0,0.0,0.4,0.0,0.0,0.4,0.8,0.0,0.0,0.0,0.0,0.4,0.3,0.0,0.0,0.0,0.0,0.0,0.0,0.0,0.0,0.0
HEA_10_95108,0.0,0.0,0.15,0.0,0.0,0.0,0.0,0.0,0.0,0.0,0.0,0.25,0.0,0.0,0.0,0.0,0.0,0.0,0.0,0.0,0.0,0.6,0.0,0.0,0.0,0.6,0.0,0.0,0.0,0.0,0.0,0.0,0.0,0.0,0.0,0.0,0.0,0.0,0.05,0.0,0.0,0.0,0.0,0.0,0.0,0.0,0.0,0.0,0.0,0.0,0.0,0.0,0.0,0.0,0.0,0.0,0.3,0.0,0.0,0.3,0.15,0.6,0.15,0.0,0.0,0.25,0.25,0.0,1.0,0.45,0.85,0.3,0.85,0.15,0.35,0.0,0.0,0.0,0.0,0.0,0.0,0.0,0.0,0.0,0.0,0.4,0.8,0.0,0.0,0.75,0.0,0.0,0.0,0.6,0.0,0.0,0.0,0.0,0.0,0.0,0.0,0.0,0.0,0.4,0.6,0.0,0.0,0.0,0.0,0.0,0.6,0.0,0.0,0.0,0.0,0.6
HEA_11_a46bf,0.0,0.6,0.0,0.0,0.0,0.0,0.0,0.0,0.0,0.0,0.0,0.85,0.0,0.0,0.0,0.0,0.0,0.0,0.0,0.5,0.0,0.4,0.0,0.0,0.0,0.0,0.0,0.0,0.0,0.0,0.0,0.0,0.0,0.0,0.0,0.0,0.0,0.4,0.85,0.0,0.0,0.0,0.0,0.0,0.0,0.0,0.0,0.0,0.0,0.0,0.0,0.0,0.0,0.0,0.0,0.4,0.0,0.0,0.0,0.0,0.25,0.4,0.85,0.75,0.8,0.0,0.4,0.6,0.45,1.0,0.65,0.85,0.45,0.0,0.0,0.0,0.0,0.0,0.0,0.0,0.0,0.0,0.0,0.0,0.8,0.0,0.0,0.0,0.0,0.0,0.0,0.0,0.0,0.0,0.0,0.0,0.0,0.0,0.0,0.0,0.0,0.0,0.75,0.0,0.0,0.0,0.0,0.0,0.0,0.0,0.0,0.0,0.0,0.0,0.0,0.0
HEA_12_cb742,0.0,0.4,0.0,0.0,0.0,0.0,0.0,0.0,0.0,0.0,0.0,0.15,0.0,0.0,0.0,0.0,0.0,0.0,0.85,0.0,0.4,0.85,0.0,0.0,0.0,0.4,0.0,0.0,0.0,0.0,0.0,0.0,0.0,0.45,0.0,0.0,0.0,0.0,0.15,0.0,0.0,0.0,0.0,0.0,0.0,0.0,0.0,0.4,0.85,0.0,0.0,0.0,0.0,0.0,0.0,0.0,0.5,0.0,0.0,0.4,0.65,0.8,0.0,0.5,0.4,0.8,0.85,0.4,0.85,0.65,1.0,0.85,0.65,0.15,0.85,0.35,0.4,0.0,0.6,0.4,0.0,0.4,0.8,0.6,0.4,0.0,0.0,0.0,0.6,0.0,0.4,0.6,0.0,0.4,0.6,0.0,0.0,0.0,0.0,0.4,0.6,0.0,0.4,0.6,0.85,0.15,0.3,0.85,0.15,0.05,0.0,0.0,0.0,0.0,0.0,0.0
HEA_13_e6d1e,0.4,0.0,0.0,0.5,0.0,0.0,0.4,0.0,0.0,0.0,0.0,0.4,0.35,0.0,0.0,0.4,0.42,0.0,0.65,0.0,0.0,0.35,0.0,0.0,0.4,0.4,0.0,0.4,0.0,0.0,0.4,0.0,0.0,0.05,0.0,0.0,0.6,0.0,0.65,0.0,0.0,0.0,0.0,0.65,0.0,0.5,0.0,0.5,0.35,0.55,0.0,0.5,0.65,0.0,0.4,0.85,0.25,0.4,0.55,0.6,0.35,0.85,0.6,0.6,0.85,0.4,0.95,0.85,0.3,0.85,0.85,1.0,0.85,0.05,0.15,0.0,0.0,0.0,0.0,0.0,0.0,0.0,0.0,0.0,0.0,0.0,0.0,0.0,0.0,0.0,0.0,0.0,0.0,0.0,0.0,0.0,0.25,0.05,0.15,0.5,0.0,0.25,0.0,0.0,0.0,0.0,0.0,0.0,0.0,0.0,0.0,0.0,0.4,0.6,0.0,0.6
HEA_14_eb0b8,0.0,0.25,0.0,0.0,0.0,0.0,0.25,0.4,0.0,0.0,0.4,0.0,0.0,0.0,0.0,0.0,0.35,0.0,0.3,0.25,0.0,0.15,0.0,0.0,0.0,0.3,0.0,0.0,0.0,0.0,0.0,0.0,0.0,0.0,0.4,0.0,0.4,0.25,0.0,0.0,0.45,0.0,0.0,0.45,0.0,0.0,0.0,0.0,0.15,0.35,0.0,0.0,0.85,0.0,0.0,0.65,0.0,0.6,0.45,0.0,0.25,0.92,0.85,0.8,0.65,0.0,0.15,0.6,0.85,0.45,0.65,0.85,1.0,0.0,0.0,0.0,0.85,0.15,0.65,0.85,0.15,0.25,0.0,0.0,0.0,0.0,0.0,0.0,0.0,0.0,0.0,0.0,0.0,0.0,0.0,0.0,0.0,0.0,0.0,0.0,0.0,0.0,0.5,0.0,0.0,0.0,0.0,0.0,0.0,0.0,0.0,0.5,0.0,0.0,0.0,0.0
MAN_01_00138,0.0,0.0,0.0,0.0,0.0,0.0,0.85,0.0,0.0,0.0,0.0,0.0,0.0,0.0,0.0,0.0,0.0,0.0,0.0,0.0,0.0,0.0,0.0,0.0,0.0,0.0,0.0,0.0,0.0,0.0,0.0,0.0,0.0,0.0,0.0,0.0,0.0,0.0,0.0,0.0,0.0,0.0,0.0,0.15,0.0,0.0,0.0,0.0,0.0,0.0,0.0,0.0,0.15,0.0,0.35,0.15,0.0,0.0,0.05,0.0,0.0,0.0,0.15,0.0,0.15,0.0,0.0,0.0,0.15,0.0,0.15,0.05,0.0,1.0,0.85,0.4,0.3,0.85,0.0,0.15,0.85,0.35,0.15,0.65,0.85,0.15,0.0,0.0,0.0,0.0,0.4,0.8,0.0,0.4,0.6,0.0,0.0,0.0,0.0,0.4,0.6,0.0,0.4,0.6,0.0,0.0,0.0,0.85,0.15,0.05,0.0,0.0,0.0,0.0,0.4,0.6
MAN_02_0bce5,0.0,0.0,0.0,0.5,0.0,0.0,0.65,0.0,0.0,0.4,0.0,0.0,0.0,0.0,0.0,0.0,0.0,0.6,0.5,0.0,0.0,0.0,0.0,0.0,0.0,0.0,0.0,0.0,0.0,0.35,0.4,0.0,0.0,0.6,0.85,0.0,0.6,0.0,0.0,0.3,0.85,0.0,0.45,0.85,0.0,0.5,0.0,0.75,0.25,0.0,0.4,0.5,0.0,0.0,0.55,0.0,0.0,0.5,0.0,0.0,0.0,0.0,0.05,0.0,0.0,0.0,0.4,0.0,0.35,0.0,0.85,0.15,0.0,0.85,1.0,0.85,0.95,0.65,0.85,0.65,0.95,0.85,0.15,0.35,0.85,0.0,0.0,0.0,0.0,0.0,0.0,0.0,0.0,0.0,0.0,0.0,0.25,0.85,0.15,0.0,0.4,0.0,0.0,0.0,0.0,0.0,0.0,0.0,0.0,0.0,0.0,0.0,0.4,0.0,0.42,0.0
MAN_03_368c1,0.0,0.25,0.0,0.4,0.4,0.0,0.45,0.4,0.0,0.0,0.4,0.0,0.0,0.4,0.4,0.25,0.4,0.0,0.0,0.0,0.0,0.0,0.0,0.0,0.0,0.4,0.0,0.0,0.6,0.85,0.8,0.6,0.85,0.4,0.65,0.85,0.8,0.8,0.85,0.8,0.55,0.85,0.8,0.35,0.0,0.3,0.4,0.0,0.5,0.4,0.4,0.25,0.5,0.0,0.45,0.4,0.85,0.4,0.25,0.0,0.0,0.4,0.0,0.0,0.4,0.0,0.0,0.0,0.0,0.0,0.35,0.0,0.0,0.4,0.85,1.0,0.85,0.35,0.65,0.0,0.4,0.6,0.42,0.21,0.83,0.0,0.0,0.0,0.4,0.0,0.6,0.85,0.15,0.05,0.0,0.8,0.4,0.85,0.95,0.15,0.0,0.0,0.6,0.65,0.85,0.35,0.0,0.4,0.0,0.0,0.0,0.0,0.0,0.0,0.4,0.0
MAN_04_38948,0.0,0.35,0.0,0.0,0.0,0.0,0.85,0.0,0.0,0.0,0.0,0.4,0.0,0.0,0.0,0.0,0.0,0.0,0.0,0.0,0.0,0.0,0.0,0.0,0.85,0.0,0.0,0.0,0.4,0.0,0.85,0.0,0.05,0.85,0.35,0.15,0.85,0.4,0.65,0.6,0.3,0.15,0.65,0.25,0.0,0.0,0.0,0.0,0.8,0.0,0.0,0.6,0.0,0.0,0.0,0.0,0.25,0.6,0.0,0.0,0.85,0.0,0.0,0.0,0.0,0.0,0.85,0.0,0.0,0.0,0.4,0.0,0.85,0.3,0.95,0.85,1.0,0.65,0.85,0.25,0.85,0.15,0.05,0.0,0.8,0.0,0.0,0.0,0.8,0.0,0.25,0.5,0.5,0.0,0.25,0.0,0.4,0.8,0.0,0.25,0.5,0.0,0.4,0.6,0.85,0.15,0.45,0.85,0.25,0.15,0.0,0.0,0.0,0.0,0.0,0.0
MAN_05_5144b,0.0,0.0,0.0,0.0,0.85,0.0,0.45,0.85,0.0,0.0,0.0,0.0,0.0,0.0,0.1,0.0,0.0,0.0,0.0,0.0,0.0,0.0,0.0,0.0,0.15,0.0,0.0,0.0,0.85,0.15,0.45,0.0,0.15,0.65,0.0,0.1,0.35,0.0,0.15,0.0,0.0,0.0,0.25,0.0,0.8,0.4,0.0,0.0,0.0,0.8,0.25,0.0,0.85,0.0,0.0,0.0,0.15,0.0,0.0,0.0,0.45,0.0,0.0,0.0,0.65,0.0,0.25,0.4,0.0,0.0,0.0,0.0,0.15,0.85,0.65,0.35,0.65,1.0,0.85,0.65,0.4,0.85,0.15,0.3,0.85,0.0,0.15,0.0,0.0,0.0,0.0,0.0,0.0,0.65,0.0,0.15,0.85,0.15,0.05,0.85,0.95,0.15,0.0,0.85,0.4,0.0,0.0,0.0,0.0,0.8,0.4,0.6,0.0,0.4,0.42,0.85
MAN_06_5a689,0.5,0.0,0.7,0.6,0.25,0.0,0.65,0.15,0.0,0.0,0.4,0.0,0.6,0.0,0.0,0.0,0.0,0.0,0.0,0.0,0.0,0.0,0.0,0.0,0.65,0.0,0.0,0.6,0.25,0.0,0.65,0.0,0.0,0.4,0.4,0.0,0.65,0.0,0.65,0.4,0.0,0.0,0.85,0.4,0.0,0.6,0.0,0.0,0.4,0.0,0.8,0.4,0.35,0.0,0.4,0.0,0.0,0.4,0.0,0.0,0.3,0.0,0.4,0.0,0.0,0.0,0.65,0.0,0.0,0.0,0.6,0.0,0.65,0.0,0.85,0.65,0.85,0.85,1.0,0.65,0.0,0.25,0.0,0.0,0.85,0.0,0.0,0.0,0.0,0.0,0.0,0.0,0.0,0.0,0.0,0.0,0.0,0.85,0.15,0.05,0.0,0.0,0.5,0.0,0.25,0.0,0.0,0.25,0.4,0.0,0.0,0.5,0.0,0.0,0.0,0.0
MAN_07_5faab,0.0,0.0,0.8,0.0,0.15,0.0,0.0,0.25,0.0,0.0,0.6,0.4,0.0,0.0,0.0,0.0,0.0,0.0,0.0,0.0,0.0,0.85,0.0,0.0,0.0,0.6,0.4,0.4,0.15,0.4,0.85,0.0,0.0,0.85,0.6,0.0,0.0,0.0,0.35,0.0,0.0,0.0,0.0,0.6,0.0,0.85,0.0,0.0,0.65,0.0,0.6,0.4,0.15,0.0,0.4,0.0,0.6,0.8,0.0,0.6,0.85,0.0,0.6,0.0,0.0,0.0,0.85,0.0,0.0,0.0,0.4,0.0,0.85,0.15,0.65,0.0,0.25,0.65,0.65,1.0,0.0,0.6,0.0,0.0,0.6,0.8,0.25,0.0,0.0,0.0,0.0,0.0,0.0,0.4,0.0,0.0,0.4,0.6,0.0,0.5,0.6,0.0,0.6,0.4,0.0,0.6,0.0,0.0,0.0,0.0,0.0,0.4,0.6,0.0,0.4,0.8
MAN_08_678a7,0.0,0.0,0.3,0.0,0.0,0.0,0.4,0.0,0.0,0.0,0.0,0.0,0.0,0.0,0.0,0.0,0.0,0.0,0.0,0.0,0.0,0.0,0.0,0.0,0.0,0.0,0.0,0.0,0.0,0.0,0.15,0.0,0.0,0.15,0.0,0.0,0.0,0.0,0.15,0.0,0.0,0.0,0.0,0.0,0.0,0.15,0.0,0.0,0.0,0.0,0.0,0.0,0.0,0.0,0.0,0.0,0.0,0.0,0.0,0.0,0.0,0.0,0.0,0.0,0.0,0.0,0.15,0.0,0.0,0.0,0.0,0.0,0.15,0.85,0.95,0.4,0.85,0.4,0.0,0.0,1.0,0.65,0.25,0.45,0.85,0.0,0.15,0.0,0.0,0.0,0.0,0.44,0.0,0.0,0.0,0.6,0.25,0.15,0.1,0.0,0.5,0.0,0.0,0.4,0.5,0.0,0.0,0.0,0.0,0.0,0.0,0.0,0.4,0.5,0.45,0.85
MAN_09_678b1,0.0,0.0,0.0,0.0,0.0,0.4,0.6,0.0,0.0,0.0,0.4,0.0,0.0,0.0,0.6,0.0,0.4,0.0,0.0,0.0,0.0,0.15,0.0,0.0,0.0,0.0,0.0,0.0,0.0,0.0,0.35,0.4,0.0,0.25,0.4,0.0,0.0,0.0,0.0,0.0,0.0,0.0,0.0,0.4,0.0,0.25,0.0,0.0,0.45,0.4,0.0,0.0,0.4,0.0,0.0,0.0,0.0,0.0,0.0,0.0,0.15,0.4,0.0,0.0,0.0,0.0,0.35,0.4,0.0,0.0,0.4,0.0,0.25,0.35,0.85,0.6,0.15,0.85,0.25,0.6,0.65,1.0,0.55,0.45,0.85,0.0,0.0,0.0,0.0,0.0,0.0,0.0,0.0,0.0,0.85,0.15,0.25,0.65,0.0,0.45,0.0,0.0,0.5,0.85,0.25,0.1,0.0,0.4,0.0,0.0,0.0,0.0,0.0,0.0,0.0,0.0
MAN_10_b0685,0.0,0.0,0.0,0.0,0.0,0.0,0.0,0.0,0.0,0.0,0.0,0.0,0.0,0.0,0.0,0.0,0.0,0.0,0.85,0.0,0.8,0.0,0.0,0.0,0.0,0.0,0.0,0.0,0.0,0.4,0.0,0.0,0.0,0.0,0.0,0.4,0.0,0.0,0.4,0.0,0.0,0.0,0.0,0.0,0.0,0.0,0.0,0.0,0.85,0.0,0.0,0.0,0.0,0.0,0.0,0.0,0.8,0.0,0.0,0.0,0.0,0.0,0.0,0.0,0.0,0.4,0.0,0.0,0.0,0.0,0.8,0.0,0.0,0.15,0.15,0.42,0.05,0.15,0.0,0.0,0.25,0.55,1.0,0.85,0.45,0.0,0.0,0.0,0.0,0.0,0.5,0.4,0.0,0.4,0.0,0.0,0.0,0.0,0.0,0.4,0.6,0.0,0.4,0.0,0.0,0.0,0.0,0.85,0.15,0.25,0.0,0.0,0.0,0.0,0.0,0.0
MAN_11_d7e72,0.0,0.0,0.0,0.0,0.0,0.0,0.0,0.0,0.0,0.0,0.0,0.0,0.0,0.0,0.4,0.0,0.0,0.0,0.95,0.0,0.4,0.0,0.0,0.0,0.0,0.0,0.0,0.0,0.0,0.6,0.0,0.0,0.0,0.0,0.0,0.6,0.0,0.0,0.6,0.0,0.0,0.0,0.0,0.0,0.0,0.0,0.0,0.0,0.45,0.0,0.0,0.0,0.0,0.0,0.0,0.0,0.4,0.0,0.0,0.0,0.0,0.0,0.0,0.0,0.0,0.6,0.0,0.0,0.0,0.0,0.6,0.0,0.0,0.65,0.35,0.21,0.0,0.3,0.0,0.0,0.45,0.45,0.85,1.0,0.8,0.0,0.0,0.0,0.0,0.0,0.0,0.0,0.0,0.6,0.0,0.4,0.4,0.3,0.1,0.0,0.5,0.0,0.0,0.4,0.6,0.0,0.0,0.8,0.0,0.0,0.0,0.6,0.0,0.4,0.85,0.65
MAN_12_da3b4,0.0,0.25,0.0,0.5,0.0,0.0,0.6,0.4,0.0,0.85,0.5,0.0,0.0,0.0,0.0,0.0,0.0,0.0,0.15,0.6,0.0,0.4,0.0,0.0,0.0,0.0,0.0,0.0,0.4,0.85,0.8,0.5,0.0,0.6,0.5,0.0,0.8,0.6,0.0,0.8,0.73,0.0,0.6,0.0,0.0,0.6,0.0,0.85,0.15,0.0,0.0,0.5,0.45,0.0,0.6,0.4,0.0,0.5,0.0,0.0,0.0,0.4,0.0,0.4,0.0,0.0,0.6,0.4,0.0,0.8,0.4,0.0,0.0,0.85,0.85,0.83,0.8,0.85,0.85,0.6,0.85,0.85,0.45,0.8,1.0,0.0,0.0,0.0,0.0,0.0,0.8,0.0,0.0,0.0,0.0,0.25,0.0,0.85,0.15,0.05,0.0,0.0,0.6,0.0,0.4,0.0,0.0,0.0,0.0,0.0,0.0,0.0,0.0,0.0,0.6,0.0
SMA_01_0592f,0.0,0.15,0.0,0.0,0.0,0.0,0.0,0.0,0.6,0.0,0.25,0.0,0.0,0.0,0.0,0.0,0.0,0.4,0.0,0.8,0.8,0.85,0.0,0.0,0.0,0.8,0.4,0.0,0.0,0.0,0.0,0.25,0.0,0.0,0.3,0.0,0.0,0.0,0.4,0.0,0.0,0.0,0.0,0.6,0.0,0.0,0.0,0.25,0.0,0.0,0.0,0.0,0.65,0.0,0.0,0.0,0.0,0.0,0.0,0.4,0.0,0.6,0.4,0.0,0.0,0.0,0.0,0.6,0.4,0.0,0.0,0.0,0.0,0.15,0.0,0.0,0.0,0.0,0.0,0.8,0.0,0.0,0.0,0.0,0.0,1.0,0.45,0.15,0.35,0.0,0.4,0.6,0.0,0.4,0.6,0.85,0.35,0.65,0.0,0.0,0.0,0.0,0.0,0.0,0.0,0.8,0.0,0.0,0.0,0.0,0.0,0.0,0.0,0.0,0.4,0.6
SMA_02_1b70d,0.0,0.0,0.0,0.0,0.0,0.0,0.0,0.0,0.4,0.0,0.0,0.0,0.0,0.0,0.4,0.0,0.6,0.6,0.0,0.4,0.4,0.25,0.0,0.0,0.0,0.65,0.6,0.0,0.42,0.35,0.0,0.5,0.0,0.0,0.45,0.6,0.0,0.0,0.6,0.0,0.0,0.0,0.0,0.85,0.0,0.0,0.42,0.35,0.0,0.4,0.6,0.0,0.65,0.0,0.0,0.0,0.0,0.0,0.85,0.6,0.4,0.4,0.6,0.0,0.0,0.0,0.0,0.0,0.8,0.0,0.0,0.0,0.0,0.0,0.0,0.0,0.0,0.15,0.0,0.25,0.15,0.0,0.0,0.0,0.0,0.45,1.0,0.4,0.0,0.6,0.85,0.45,0.25,0.6,0.4,0.0,0.25,0.4,0.5,0.6,0.0,0.0,0.0,0.4,0.6,0.0,0.4,0.0,0.0,0.0,0.0,0.0,0.4,0.0,0.0,0.5
SMA_03_20b1e,0.0,0.0,0.0,0.0,0.0,0.0,0.0,0.0,0.0,0.0,0.0,0.0,0.0,0.0,0.0,0.0,0.0,0.0,0.0,0.0,0.0,0.15,0.0,0.0,0.0,0.15,0.0,0.0,0.0,0.0,0.0,0.0,0.0,0.0,0.0,0.0,0.0,0.0,0.0,0.0,0.0,0.0,0.0,0.05,0.0,0.0,0.0,0.0,0.0,0.0,0.0,0.0,0.15,0.0,0.0,0.0,0.0,0.0,0.15,0.0,0.0,0.0,0.0,0.0,0.0,0.0,0.0,0.0,0.0,0.0,0.0,0.0,0.0,0.0,0.0,0.0,0.0,0.0,0.0,0.0,0.0,0.0,0.0,0.0,0.0,0.15,0.4,1.0,0.0,0.4,0.6,0.0,0.4,0.0,0.0,0.6,0.0,0.0,0.4,0.0,0.0,0.0,0.0,0.0,0.4,0.0,0.0,0.4,0.0,0.0,0.0,0.0,0.0,0.0,0.0,0.0
SMA_04_28b4e,0.0,0.0,0.0,0.0,0.0,0.0,0.0,0.0,0.0,0.0,0.0,0.8,0.0,0.0,0.0,0.0,0.0,0.0,0.0,0.1,0.0,0.0,0.0,0.0,0.0,0.05,0.0,0.0,0.0,0.0,0.0,0.25,0.0,0.0,0.35,0.0,0.0,0.0,0.6,0.0,0.0,0.0,0.0,0.15,0.0,0.0,0.0,0.0,0.0,0.0,0.0,0.0,0.05,0.0,0.0,0.0,0.0,0.0,0.05,0.0,0.0,0.0,0.0,0.0,0.0,0.0,0.0,0.0,0.0,0.0,0.6,0.0,0.0,0.0,0.0,0.4,0.8,0.0,0.0,0.0,0.0,0.0,0.0,0.0,0.0,0.35,0.0,0.0,1.0,0.0,0.4,0.8,0.0,0.5,0.8,0.85,0.35,0.95,0.0,0.4,0.5,0.0,0.4,0.6,0.85,0.15,0.4,0.55,0.25,0.4,0.0,0.0,0.0,0.0,0.4,0.6
SMA_05_29f8e,0.0,0.0,0.0,0.0,0.0,0.0,0.0,0.0,0.0,0.0,0.0,0.0,0.0,0.0,0.0,0.0,0.0,0.0,0.0,0.0,0.0,0.4,0.0,0.0,0.0,0.0,0.0,0.0,0.0,0.0,0.0,0.0,0.0,0.0,0.0,0.0,0.0,0.0,0.0,0.0,0.0,0.0,0.0,0.4,0.0,0.0,0.0,0.0,0.0,0.0,0.0,0.0,0.0,0.0,0.0,0.0,0.0,0.0,0.0,0.0,0.0,0.0,0.0,0.0,0.0,0.0,0.0,0.0,0.75,0.0,0.0,0.0,0.0,0.0,0.0,0.0,0.0,0.0,0.0,0.0,0.0,0.0,0.0,0.0,0.0,0.0,0.6,0.4,0.0,1.0,0.0,0.6,0.4,0.8,0.4,0.0,0.0,0.0,0.0,0.0,0.4,0.0,0.0,0.0,0.0,0.0,0.0,0.0,0.0,0.0,0.0,0.0,0.0,0.0,0.0,0.6
SMA_06_2df5b,0.0,0.15,0.0,0.0,0.0,0.0,0.0,0.4,0.0,0.0,0.6,0.0,0.0,0.0,0.0,0.0,0.0,0.0,0.0,0.4,0.0,0.6,0.0,0.0,0.0,0.5,0.0,0.0,0.4,0.85,0.0,0.4,0.85,0.0,0.4,0.0,0.0,0.85,0.0,0.0,0.6,0.85,0.42,0.0,0.0,0.0,0.4,0.0,0.0,0.25,0.0,0.0,0.4,0.0,0.0,0.4,0.0,0.0,0.5,0.0,0.0,0.4,0.0,0.0,0.4,0.0,0.0,0.0,0.0,0.0,0.4,0.0,0.0,0.4,0.0,0.6,0.25,0.0,0.0,0.0,0.0,0.0,0.5,0.0,0.8,0.4,0.85,0.6,0.4,0.0,1.0,0.85,0.65,0.15,0.0,0.95,0.0,0.85,0.65,0.0,0.0,0.0,0.5,0.0,0.0,0.0,0.0,0.0,0.0,0.0,0.0,0.0,0.0,0.0,0.0,0.0
SMA_07_57127,0.0,0.25,0.25,0.85,0.0,0.4,0.0,0.6,0.0,0.0,0.4,0.4,0.0,0.0,0.0,0.0,0.0,0.0,0.0,0.6,0.0,0.0,0.0,0.0,0.0,0.4,0.4,0.0,0.6,0.45,0.0,0.6,0.55,0.0,0.6,0.4,0.65,0.5,0.5,0.85,0.4,0.65,0.0,0.6,0.0,0.0,0.6,0.4,0.0,0.6,0.4,0.0,0.6,0.0,0.0,0.0,0.4,0.0,0.6,0.0,0.85,0.6,0.0,0.0,0.0,0.0,0.0,0.0,0.0,0.0,0.6,0.0,0.0,0.8,0.0,0.85,0.5,0.0,0.0,0.0,0.44,0.0,0.4,0.0,0.0,0.6,0.45,0.0,0.8,0.6,0.85,1.0,0.4,0.0,0.3,0.85,0.15,0.65,0.85,0.0,0.15,0.0,0.25,0.5,0.0,0.0,0.0,0.0,0.0,0.0,0.0,0.0,0.0,0.0,0.0,0.0
SMA_08_6d7ad,0.4,0.0,0.0,0.65,0.0,0.8,0.0,0.0,0.0,0.0,0.0,0.0,0.0,0.0,0.0,0.0,0.0,0.0,0.0,0.0,0.0,0.0,0.0,0.0,0.0,0.0,0.0,0.0,0.0,0.3,0.0,0.0,0.35,0.0,0.0,0.6,0.0,0.0,0.25,0.0,0.0,0.35,0.4,0.85,0.0,0.0,0.6,0.6,0.0,0.0,0.0,0.0,0.85,0.0,0.0,0.85,0.6,0.4,0.4,0.0,0.0,0.0,0.0,0.0,0.0,0.0,0.0,0.0,0.0,0.0,0.0,0.0,0.0,0.0,0.0,0.15,0.5,0.0,0.0,0.0,0.0,0.0,0.0,0.0,0.0,0.0,0.25,0.4,0.0,0.4,0.65,0.4,1.0,0.45,0.65,0.85,0.25,0.85,0.15,0.85,0.15,0.05,0.0,0.0,0.0,0.0,0.0,0.0,0.0,0.0,0.0,0.45,0.15,0.1,0.0,0.6
SMA_09_87975,0.0,0.0,0.45,0.15,0.0,0.0,0.0,0.0,0.0,0.0,0.0,0.0,0.0,0.0,0.0,0.0,0.0,0.0,0.0,0.0,0.0,0.4,0.0,0.0,0.0,0.0,0.0,0.0,0.0,0.42,0.0,0.0,0.0,0.0,0.4,0.0,0.15,0.0,0.0,0.15,0.0,0.0,0.0,0.15,0.4,0.0,0.0,0.0,0.0,0.0,0.0,0.0,0.25,0.0,0.6,0.15,0.85,0.6,0.0,0.0,0.15,0.0,0.0,0.0,0.0,0.0,0.0,0.0,0.6,0.0,0.4,0.0,0.0,0.4,0.0,0.05,0.0,0.65,0.0,0.4,0.0,0.0,0.4,0.6,0.0,0.4,0.6,0.0,0.5,0.8,0.15,0.0,0.45,1.0,0.4,0.0,0.5,0.0,0.4,0.0,0.0,0.0,0.0,0.0,0.0,0.0,0.0,0.0,0.0,0.0,0.4,0.8,0.0,0.0,0.0,0.0
SMA_10_8b8dc,0.0,0.0,0.35,0.6,0.0,0.0,0.0,0.0,0.0,0.0,0.0,0.4,0.0,0.0,0.0,0.0,0.0,0.0,0.0,0.0,0.0,0.0,0.0,0.0,0.0,0.0,0.25,0.0,0.0,0.32,0.0,0.0,0.0,0.0,0.6,0.0,0.0,0.0,0.0,0.0,0.0,0.0,0.0,0.95,0.0,0.85,0.4,0.4,0.0,0.4,0.0,0.6,0.95,0.0,0.0,0.65,0.95,0.0,0.6,0.0,0.85,0.0,0.4,0.0,0.5,0.0,0.0,0.0,0.0,0.0,0.6,0.0,0.0,0.6,0.0,0.0,0.25,0.0,0.0,0.0,0.0,0.85,0.0,0.0,0.0,0.6,0.4,0.0,0.8,0.4,0.0,0.3,0.65,0.4,1.0,0.85,0.25,0.65,0.65,0.85,0.25,0.0,0.0,0.0,0.0,0.0,0.0,0.0,0.0,0.0,0.0,0.4,0.0,0.0,0.0,0.0
SMA_11_a504b,0.0,0.0,0.0,0.8,0.0,0.0,0.0,0.0,0.0,0.0,0.0,0.0,0.0,0.0,0.0,0.0,0.0,0.0,0.0,0.85,0.0,0.0,0.0,0.0,0.0,0.0,0.35,0.0,0.85,0.85,0.0,0.85,0.4,0.4,0.85,0.4,0.4,0.85,0.4,0.45,0.85,0.4,0.4,0.85,0.0,0.15,0.0,0.6,0.4,0.0,0.0,0.0,0.85,0.0,0.0,0.85,0.3,0.6,0.85,0.0,0.35,0.0,0.0,0.0,0.0,0.0,0.0,0.0,0.0,0.0,0.0,0.0,0.0,0.0,0.0,0.8,0.0,0.15,0.0,0.0,0.6,0.15,0.0,0.4,0.25,0.85,0.0,0.6,0.85,0.0,0.95,0.85,0.85,0.0,0.85,1.0,0.25,0.85,0.35,0.42,0.0,0.0,0.0,0.0,0.0,0.0,0.0,0.0,0.0,0.0,0.0,0.0,0.41,0.0,0.0,0.4
SMA_12_c6e00,0.0,0.0,0.0,0.4,0.8,0.8,0.0,0.6,0.4,0.0,0.0,0.25,0.0,0.0,0.0,0.0,0.0,0.4,0.0,0.25,0.4,0.0,0.0,0.25,0.0,0.0,0.85,0.0,0.15,0.4,0.4,0.65,0.0,0.8,0.15,0.4,0.0,0.15,0.25,0.0,0.25,0.0,0.0,0.25,0.6,0.75,0.4,0.55,0.6,0.4,0.85,0.4,0.35,0.25,0.0,0.35,0.5,0.4,0.15,0.0,0.6,0.0,0.0,0.0,0.6,0.35,0.0,0.4,0.0,0.0,0.0,0.25,0.0,0.0,0.25,0.4,0.4,0.85,0.0,0.4,0.25,0.25,0.0,0.4,0.0,0.35,0.25,0.0,0.35,0.0,0.0,0.15,0.25,0.5,0.25,0.25,1.0,0.85,0.3,0.0,0.85,0.15,0.35,0.0,0.0,0.0,0.0,0.0,0.0,0.0,0.0,0.0,0.0,0.0,0.0,0.0
SMA_13_c9088,0.0,0.0,0.0,0.85,0.4,0.4,0.0,0.4,0.6,0.0,0.0,0.3,0.0,0.0,0.0,0.0,0.0,0.3,0.0,0.65,0.3,0.0,0.0,0.05,0.6,0.0,0.25,0.0,0.35,0.3,0.65,0.35,0.0,0.8,0.65,0.3,0.85,0.25,0.35,0.0,0.65,0.0,0.6,0.65,0.4,0.0,0.6,0.65,0.0,0.6,0.25,0.0,0.65,0.15,0.0,0.4,0.3,0.85,0.65,0.0,0.85,0.0,0.0,0.0,0.4,0.25,0.0,0.0,0.0,0.0,0.0,0.05,0.0,0.0,0.85,0.85,0.8,0.15,0.85,0.6,0.15,0.65,0.0,0.3,0.85,0.65,0.4,0.0,0.95,0.0,0.85,0.65,0.85,0.0,0.65,0.85,0.85,1.0,0.6,0.0,0.0,0.0,0.0,0.0,0.6,0.0,0.4,0.35,0.25,0.3,0.0,0.0,0.0,0.0,0.4,0.6
SMA_14_cdb07,0.0,0.0,0.0,0.45,0.0,0.1,0.0,0.0,0.2,0.0,0.0,0.1,0.0,0.0,0.0,0.0,0.0,0.25,0.0,0.0,0.1,0.0,0.0,0.15,0.0,0.0,0.15,0.0,0.0,0.8,0.25,0.0,0.0,0.4,0.0,0.65,0.65,0.0,0.45,0.6,0.0,0.8,0.0,0.4,0.3,0.4,0.0,0.3,0.4,0.0,0.1,0.0,0.0,0.1,0.0,0.0,0.4,0.15,0.35,0.0,0.25,0.0,0.0,0.0,0.0,0.05,0.0,0.0,0.0,0.0,0.0,0.15,0.0,0.0,0.15,0.95,0.0,0.05,0.15,0.0,0.1,0.0,0.0,0.1,0.15,0.0,0.5,0.4,0.0,0.0,0.65,0.85,0.15,0.4,0.65,0.35,0.3,0.6,1.0,0.0,0.0,0.0,0.0,0.0,0.0,0.0,0.4,0.0,0.0,0.0,0.0,0.0,0.6,0.4,0.0,0.6
TRA_01_10265,0.0,0.35,0.0,0.15,0.25,0.0,0.0,0.0,0.85,0.0,0.0,0.85,0.0,0.0,0.0,0.0,0.0,0.0,0.0,0.4,0.0,0.0,0.0,0.0,0.4,0.0,0.45,0.0,0.0,0.0,0.0,0.0,0.0,0.0,0.42,0.45,0.15,0.0,0.85,0.0,0.0,0.0,0.4,0.8,0.55,0.8,0.4,0.85,0.6,0.4,0.85,0.0,0.85,0.85,0.0,0.85,0.85,0.05,0.0,0.0,0.6,0.0,0.55,0.0,0.4,0.0,0.4,0.4,0.0,0.0,0.4,0.5,0.0,0.4,0.0,0.15,0.25,0.85,0.05,0.5,0.0,0.45,0.4,0.0,0.05,0.0,0.6,0.0,0.4,0.0,0.0,0.0,0.85,0.0,0.85,0.42,0.0,0.0,0.0,1.0,0.85,0.15,0.35,0.0,0.6,0.0,0.85,0.25,0.4,0.0,0.0,0.6,0.85,0.45,0.05,0.65
TRA_02_12fb4,0.0,0.25,0.4,0.0,0.35,0.4,0.0,0.4,0.6,0.0,0.0,0.35,0.0,0.0,0.0,0.85,0.0,0.4,0.0,0.6,0.5,0.85,0.0,0.5,0.85,0.4,0.6,0.85,0.4,0.0,0.85,0.0,0.0,0.85,0.0,0.0,0.0,0.0,0.45,0.0,0.4,0.0,0.0,0.0,0.85,0.0,0.5,0.92,0.85,0.6,0.45,0.8,0.15,0.45,0.0,0.55,0.3,0.85,0.25,0.4,0.85,0.0,0.0,0.0,0.6,0.0,0.0,0.8,0.0,0.0,0.6,0.0,0.0,0.6,0.4,0.0,0.5,0.95,0.0,0.6,0.5,0.0,0.6,0.5,0.0,0.0,0.0,0.0,0.5,0.4,0.0,0.15,0.15,0.0,0.25,0.0,0.85,0.0,0.0,0.85,1.0,0.0,0.6,0.4,0.85,0.6,0.4,0.6,0.85,0.3,0.0,0.4,0.8,0.85,0.35,0.95
TRA_03_21d93,0.0,0.0,0.0,0.0,0.0,0.0,0.0,0.0,0.25,0.0,0.0,0.25,0.0,0.0,0.0,0.15,0.0,0.0,0.0,0.0,0.0,0.15,0.0,0.0,0.0,0.0,0.15,0.15,0.0,0.0,0.15,0.0,0.0,0.15,0.0,0.15,0.0,0.0,0.15,0.0,0.0,0.0,0.0,0.0,0.35,0.0,0.0,0.45,0.15,0.0,0.15,0.0,0.0,0.15,0.0,0.0,0.1,0.15,0.0,0.0,0.15,0.0,0.0,0.0,0.0,0.0,0.0,0.0,0.0,0.0,0.0,0.25,0.0,0.0,0.0,0.0,0.0,0.15,0.0,0.0,0.0,0.0,0.0,0.0,0.0,0.0,0.0,0.0,0.0,0.0,0.0,0.0,0.05,0.0,0.0,0.0,0.15,0.0,0.0,0.15,0.0,1.0,0.85,0.15,0.65,0.0,0.6,0.0,0.85,0.05,0.15,0.85,0.65,0.4,0.85,0.65
TRA_04_2ad9e,0.0,0.05,0.0,0.4,0.25,0.0,0.0,0.05,0.0,0.5,0.4,0.0,0.0,0.0,0.0,0.25,0.4,0.0,0.65,0.0,0.0,0.25,0.0,0.0,0.4,0.4,0.0,0.25,0.5,0.0,0.25,0.25,0.0,0.25,0.4,0.0,0.0,0.55,0.0,0.0,0.35,0.0,0.0,0.0,0.0,0.6,0.4,0.0,0.65,0.6,0.0,0.4,0.4,0.0,0.8,0.5,0.85,0.35,0.4,0.0,0.25,0.0,0.0,0.5,0.0,0.0,0.6,0.0,0.0,0.75,0.4,0.0,0.5,0.4,0.0,0.6,0.4,0.0,0.5,0.6,0.0,0.5,0.4,0.0,0.6,0.0,0.0,0.0,0.4,0.0,0.5,0.25,0.0,0.0,0.0,0.0,0.35,0.0,0.0,0.35,0.6,0.85,1.0,0.0,0.35,0.55,0.85,0.25,0.65,0.0,0.4,0.6,0.85,0.45,0.95,0.85
TRA_05_4f9a6,0.0,0.0,0.4,0.0,0.35,0.0,0.0,0.25,0.0,0.0,0.6,0.0,0.0,0.0,0.0,0.0,0.0,0.0,0.0,0.0,0.0,0.0,0.0,0.0,0.0,0.0,0.5,0.0,0.0,0.4,0.85,0.5,0.0,0.85,0.3,0.4,0.0,0.0,0.5,0.0,0.0,0.0,0.0,0.0,0.0,0.0,0.0,0.0,0.85,0.4,0.4,0.0,0.0,0.0,0.0,0.0,0.35,0.0,0.0,0.0,0.0,0.0,0.5,0.0,0.0,0.0,0.0,0.0,0.4,0.0,0.6,0.0,0.0,0.6,0.0,0.65,0.6,0.85,0.0,0.4,0.4,0.85,0.0,0.4,0.0,0.0,0.4,0.0,0.6,0.0,0.0,0.5,0.0,0.0,0.0,0.0,0.0,0.0,0.0,0.0,0.4,0.15,0.0,1.0,0.6,0.0,0.4,0.55,0.35,0.65,0.5,0.0,0.25,0.85,0.35,0.65
TRA_06_50971,0.0,0.0,0.5,0.0,0.0,0.0,0.4,0.0,0.0,0.0,0.0,0.0,0.0,0.0,0.0,0.0,0.0,0.0,0.4,0.0,0.0,0.4,0.0,0.0,0.4,0.5,0.25,0.0,0.0,0.6,0.25,0.45,0.0,0.15,0.85,0.25,0.4,0.0,0.6,0.0,0.0,0.0,0.0,0.0,0.0,0.0,0.6,0.0,0.35,0.45,0.5,0.4,0.45,0.0,0.0,0.0,0.65,0.0,0.0,0.0,0.0,0.0,0.4,0.0,0.0,0.0,0.4,0.0,0.6,0.0,0.85,0.0,0.0,0.0,0.0,0.85,0.85,0.4,0.25,0.0,0.5,0.25,0.0,0.6,0.4,0.0,0.6,0.4,0.85,0.0,0.0,0.0,0.0,0.0,0.0,0.0,0.0,0.6,0.0,0.6,0.85,0.65,0.35,0.6,1.0,0.0,0.5,0.75,0.85,0.15,0.35,0.85,0.45,0.3,0.85,0.92
TRA_07_669a5,0.0,0.0,0.0,0.0,0.0,0.0,0.0,0.0,0.0,0.0,0.4,0.0,0.0,0.0,0.0,0.0,0.0,0.0,0.0,0.0,0.0,0.0,0.0,0.0,0.0,0.8,0.0,0.0,0.0,0.0,0.15,0.0,0.0,0.25,0.15,0.0,0.0,0.0,0.0,0.0,0.0,0.0,0.0,0.4,0.0,0.0,0.0,0.0,0.15,0.35,0.0,0.0,0.0,0.0,0.0,0.0,0.0,0.0,0.25,0.0,0.0,0.0,0.0,0.0,0.5,0.0,0.0,0.4,0.0,0.0,0.15,0.0,0.0,0.0,0.0,0.35,0.15,0.0,0.0,0.6,0.0,0.1,0.0,0.0,0.0,0.8,0.0,0.0,0.15,0.0,0.0,0.0,0.0,0.0,0.0,0.0,0.0,0.0,0.0,0.0,0.6,0.0,0.55,0.0,0.0,1.0,0.6,0.0,0.4,0.0,0.4,0.6,0.6,0.0,0.4,0.85
TRA_08_6d02c,0.0,0.0,0.0,0.0,0.0,0.0,0.0,0.0,0.0,0.0,0.0,0.0,0.0,0.0,0.0,0.0,0.0,0.0,0.0,0.0,0.0,0.85,0.0,0.0,0.0,0.3,0.0,0.0,0.0,0.0,0.0,0.05,0.0,0.0,0.35,0.0,0.0,0.0,0.0,0.0,0.0,0.0,0.0,0.0,0.0,0.0,0.4,0.0,0.0,0.25,0.0,0.0,0.25,0.0,0.0,0.0,0.4,0.42,0.5,0.0,0.0,0.0,0.0,0.0,0.25,0.0,0.0,0.3,0.0,0.0,0.3,0.0,0.0,0.0,0.0,0.0,0.45,0.0,0.0,0.0,0.0,0.0,0.0,0.0,0.0,0.0,0.4,0.0,0.4,0.0,0.0,0.0,0.0,0.0,0.0,0.0,0.0,0.4,0.4,0.85,0.4,0.6,0.85,0.4,0.5,0.6,1.0,0.4,0.0,0.0,0.0,0.4,0.8,0.5,0.6,0.8
TRA_09_74397,0.0,0.0,0.0,0.0,0.0,0.0,0.0,0.0,0.0,0.0,0.4,0.0,0.0,0.0,0.0,0.0,0.55,0.0,0.8,0.85,0.5,0.15,0.0,0.0,0.0,0.85,0.0,0.4,0.0,0.0,0.0,0.42,0.0,0.0,0.4,0.0,0.0,0.0,0.0,0.0,0.0,0.0,0.0,0.0,0.0,0.0,0.55,0.0,0.5,0.6,0.0,0.0,0.0,0.0,0.0,0.0,0.8,0.0,0.5,0.0,0.0,0.0,0.0,0.0,0.0,0.0,0.0,0.0,0.0,0.0,0.85,0.0,0.0,0.85,0.0,0.4,0.85,0.0,0.25,0.0,0.0,0.4,0.85,0.8,0.0,0.0,0.0,0.4,0.55,0.0,0.0,0.0,0.0,0.0,0.0,0.0,0.0,0.35,0.0,0.25,0.6,0.0,0.25,0.55,0.75,0.0,0.4,1.0,0.65,0.15,0.45,0.85,0.65,0.35,0.85,0.65
TRA_10_785d6,0.0,0.0,0.0,0.0,0.05,0.0,0.0,0.0,0.0,0.0,0.0,0.0,0.0,0.0,0.0,0.0,0.25,0.0,0.0,0.15,0.65,0.25,0.0,0.0,0.0,0.45,0.0,0.0,0.0,0.0,0.0,0.0,0.0,0.0,0.0,0.0,0.0,0.0,0.0,0.0,0.0,0.5,0.5,0.0,0.0,0.0,0.35,0.0,0.0,0.0,0.65,0.0,0.4,0.0,0.0,0.0,0.85,0.21,0.0,0.0,0.0,0.0,0.0,0.0,0.0,0.0,0.0,0.0,0.0,0.0,0.15,0.0,0.0,0.15,0.0,0.0,0.25,0.0,0.4,0.0,0.0,0.0,0.15,0.0,0.0,0.0,0.0,0.0,0.25,0.0,0.0,0.0,0.0,0.0,0.0,0.0,0.0,0.25,0.0,0.4,0.85,0.85,0.65,0.35,0.85,0.4,0.0,0.65,1.0,0.0,0.0,0.6,0.85,0.35,0.65,0.85
TRA_11_7d8bf,0.0,0.0,0.0,0.0,0.25,0.0,0.0,0.0,0.0,0.0,0.0,0.0,0.0,0.0,0.0,0.0,0.05,0.0,0.0,0.05,0.25,0.0,0.0,0.0,0.0,0.15,0.0,0.0,0.0,0.0,0.0,0.0,0.0,0.0,0.0,0.0,0.0,0.0,0.0,0.0,0.0,0.0,0.0,0.0,0.5,0.0,0.25,0.0,0.0,0.4,0.15,0.0,0.6,0.0,0.0,0.0,0.35,0.0,0.25,0.0,0.0,0.0,0.0,0.0,0.0,0.0,0.0,0.0,0.0,0.0,0.05,0.0,0.0,0.05,0.0,0.0,0.15,0.8,0.0,0.0,0.0,0.0,0.25,0.0,0.0,0.0,0.0,0.0,0.4,0.0,0.0,0.0,0.0,0.0,0.0,0.0,0.0,0.3,0.0,0.0,0.3,0.05,0.0,0.65,0.15,0.0,0.0,0.15,0.0,1.0,0.0,0.5,0.75,0.85,0.45,0.65
TRA_12_9234f,0.0,0.0,0.0,0.0,0.0,0.0,0.0,0.0,0.0,0.0,0.0,0.0,0.0,0.0,0.0,0.0,0.0,0.0,0.0,0.0,0.35,0.0,0.0,0.0,0.0,0.25,0.0,0.0,0.0,0.0,0.0,0.0,0.0,0.0,0.0,0.0,0.0,0.0,0.0,0.0,0.0,0.25,0.0,0.0,0.0,0.0,0.0,0.0,0.0,0.0,0.05,0.0,0.0,0.0,0.0,0.0,0.25,0.0,0.0,0.0,0.0,0.0,0.0,0.0,0.0,0.0,0.0,0.0,0.6,0.0,0.0,0.0,0.0,0.0,0.0,0.0,0.0,0.4,0.0,0.0,0.0,0.0,0.0,0.0,0.0,0.0,0.0,0.0,0.0,0.0,0.0,0.0,0.0,0.4,0.0,0.0,0.0,0.0,0.0,0.0,0.0,0.15,0.4,0.5,0.35,0.4,0.0,0.45,0.0,0.0,1.0,0.65,0.45,0.35,0.85,0.95
TRA_13_99007,0.0,0.0,0.8,0.0,0.0,0.0,0.0,0.0,0.0,0.0,0.0,0.45,0.0,0.0,0.0,0.0,0.0,0.4,0.0,0.0,0.65,0.0,0.0,0.0,0.0,0.0,0.35,0.0,0.0,0.6,0.0,0.0,0.0,0.0,0.4,0.45,0.0,0.25,0.4,0.0,0.0,0.0,0.0,0.6,0.85,0.6,0.6,0.85,0.4,0.4,0.65,0.4,0.6,0.4,0.6,0.85,0.85,0.8,0.4,0.0,0.6,0.0,0.6,0.0,0.0,0.0,0.0,0.0,0.0,0.0,0.0,0.0,0.5,0.0,0.0,0.0,0.0,0.6,0.5,0.4,0.0,0.0,0.0,0.6,0.0,0.0,0.0,0.0,0.0,0.0,0.0,0.0,0.45,0.8,0.4,0.0,0.0,0.0,0.0,0.6,0.4,0.85,0.6,0.0,0.85,0.6,0.4,0.85,0.6,0.5,0.65,1.0,0.85,0.65,0.45,0.85
TRA_14_9c743,0.0,0.0,0.0,0.0,0.0,0.0,0.0,0.0,0.0,0.0,0.0,0.25,0.0,0.0,0.0,0.0,0.0,0.0,0.0,0.0,0.35,0.85,0.0,0.4,0.85,0.0,0.15,0.0,0.0,0.0,0.0,0.0,0.6,0.0,0.0,0.0,0.0,0.45,0.0,0.0,0.0,0.4,0.0,0.4,0.25,0.0,0.4,0.45,0.35,0.6,0.0,0.0,0.4,0.0,0.0,0.6,0.15,0.85,0.0,0.0,0.0,0.0,0.0,0.0,0.0,0.0,0.0,0.0,0.0,0.0,0.0,0.4,0.0,0.0,0.4,0.0,0.0,0.0,0.0,0.6,0.4,0.0,0.0,0.0,0.0,0.0,0.4,0.0,0.0,0.0,0.0,0.0,0.15,0.0,0.0,0.41,0.0,0.0,0.6,0.85,0.8,0.65,0.85,0.25,0.45,0.6,0.8,0.65,0.85,0.75,0.45,0.85,1.0,0.85,0.65,0.95
TRA_15_a15d9,0.0,0.0,0.0,0.0,0.0,0.0,0.0,0.0,0.0,0.0,0.5,0.35,0.0,0.0,0.0,0.0,0.85,0.6,0.0,0.85,0.25,0.65,0.0,0.6,0.65,0.85,0.05,0.0,0.0,0.0,0.0,0.6,0.4,0.0,0.65,0.0,0.0,0.0,0.0,0.0,0.0,0.6,0.0,0.0,0.4,0.25,0.85,0.65,0.25,0.85,0.25,0.0,0.85,0.6,0.0,0.85,0.05,0.65,0.85,0.0,0.0,0.0,0.0,0.0,0.0,0.0,0.0,0.0,0.0,0.0,0.0,0.6,0.0,0.0,0.0,0.0,0.0,0.4,0.0,0.0,0.5,0.0,0.0,0.4,0.0,0.0,0.0,0.0,0.0,0.0,0.0,0.0,0.1,0.0,0.0,0.0,0.0,0.0,0.4,0.45,0.85,0.4,0.45,0.85,0.3,0.0,0.5,0.35,0.35,0.85,0.35,0.65,0.85,1.0,0.85,0.65
TRA_16_aad47,0.0,0.0,0.0,0.0,0.0,0.0,0.0,0.0,0.0,0.0,0.0,0.0,0.0,0.0,0.0,0.0,0.05,0.45,0.0,0.0,0.45,0.35,0.4,0.0,0.35,0.35,0.0,0.0,0.0,0.65,0.0,0.0,0.0,0.0,0.0,0.0,0.0,0.0,0.35,0.0,0.4,0.45,0.0,0.0,0.0,0.5,0.25,0.65,0.05,0.25,0.0,0.0,0.0,0.0,0.0,0.65,0.85,0.35,0.45,0.0,0.0,0.0,0.0,0.0,0.0,0.0,0.0,0.0,0.0,0.0,0.0,0.0,0.0,0.4,0.42,0.4,0.0,0.42,0.0,0.4,0.45,0.0,0.0,0.85,0.6,0.4,0.0,0.0,0.4,0.0,0.0,0.0,0.0,0.0,0.0,0.0,0.0,0.4,0.0,0.05,0.35,0.85,0.95,0.35,0.85,0.4,0.6,0.85,0.65,0.45,0.85,0.45,0.65,0.85,1.0,0.85
TRA_17_b751a,0.0,0.0,0.6,0.0,0.0,0.4,0.0,0.0,0.6,0.0,0.4,0.6,0.0,0.0,0.6,0.0,0.65,0.05,0.0,0.6,0.85,0.5,0.6,0.5,0.6,0.65,0.6,0.0,0.0,0.85,0.6,0.4,0.6,0.42,0.85,0.4,0.0,0.0,0.65,0.0,0.6,0.65,0.0,0.6,0.6,0.5,0.65,0.25,0.6,0.65,0.8,0.0,0.4,0.6,0.0,0.8,0.95,0.85,0.95,0.4,0.0,0.0,0.8,0.0,0.0,0.4,0.0,0.0,0.6,0.0,0.0,0.6,0.0,0.6,0.0,0.0,0.0,0.85,0.0,0.8,0.85,0.0,0.0,0.65,0.0,0.6,0.5,0.0,0.6,0.6,0.0,0.0,0.6,0.0,0.0,0.4,0.0,0.6,0.6,0.65,0.95,0.65,0.85,0.65,0.92,0.85,0.8,0.65,0.85,0.65,0.95,0.85,0.95,0.65,0.85,1.0
