K,fpc,uniform_fpc_baseline,fpc_excess,membership_std,mean_abs_deviation_from_uniform,membership_min,membership_max,row_sum_error,center_separation,fcm_objective,iterations,cosine_silhouette,euclidean_silhouette,davies_bouldin,calinski_harabasz
2,0.5000000000000004,0.5,4.440892098500626e-16,1.3168320869498255e-08,9.294136673638612e-09,0.49999995439903444,0.5000000456009654,1.1102230246251565e-16,2.1432509547460636e-07,1640.487732352792,14,0.07658770216986723,0.028523781701229465,5.168923262002062,4.123567703925926
3,0.33333333333333376,0.3333333333333333,4.440892098500626e-16,1.1777634049828247e-08,8.403429294058534e-09,0.33333328952832675,0.3333333886499172,2.220446049250313e-16,2.3835561532187705e-07,1339.4526245199343,15,0.07034365078275465,0.034599620682322973,4.462432942134308,4.034006822858358
4,0.25000000000000044,0.25,4.440892098500626e-16,1.012972894969377e-08,6.2527602130354155e-09,0.24999994802842446,0.2500000526759591,2.220446049250313e-16,2.4422379400635836e-07,1160.0000000000027,15,-0.03095518152817636,0.010422269556814497,4.53327585253509,2.7170579898161673
5,0.2000000000000004,0.2,3.885780586188048e-16,9.00230694045845e-09,6.168450046823445e-09,0.19999996839242978,0.20000004061783622,2.220446049250313e-16,2.930801211304533e-07,1037.535541559906,15,0.13199393010672753,0.04671941478579115,3.5354987314449504,4.400626277584232
6,0.16666666666666705,0.16666666666666666,3.885780586188048e-16,8.025150243991682e-09,4.73551256700764e-09,0.1666666424814158,0.1666667269783553,2.220446049250313e-16,2.499399360093098e-07,947.1360338761654,16,0.06811088148621874,0.026644856454638096,3.335938714386053,3.494345025224449
7,0.14285714285714315,0.14285714285714285,3.0531133177191805e-16,6.9248737718012726e-09,4.205285597511304e-09,0.14285712131304532,0.1428571952402258,2.220446049250313e-16,2.599710883977781e-07,876.8775773814102,16,0.07304765574614112,0.04743478449046037,2.8729950258624433,4.003207761193336
8,0.1250000000000003,0.125,3.0531133177191805e-16,6.26676314037639e-09,3.8178668110247265e-09,0.12499997837187787,0.12500004491773065,2.220446049250313e-16,2.7489547819712226e-07,820.2438661763986,16,0.05576171466639949,0.02349554284317393,2.9093019781315457,3.582227399598031
9,0.11111111111111145,0.1111111111111111,3.469446951953614e-16,6.198494018593014e-09,3.7586081301664265e-09,0.11111107798435411,0.11111115195153767,2.220446049250313e-16,3.1021468576405657e-07,773.3333333333371,16,-0.05670110473275756,0.016159170609320126,2.834373830758081,3.5782594489167163
10,0.10000000000000048,0.1,4.718447854656915e-16,6.960732772099227e-09,4.37405246629998e-09,0.09999996799194692,0.10000004488380182,2.220446049250313e-16,4.023705621266089e-07,733.6484171590699,16,0.15439946619835543,0.04766706214183523,2.881165679959832,4.242212601331445
11,0.0909090909090913,0.09090909090909091,3.885780586188048e-16,5.931467197057012e-09,3.000333761001376e-09,0.09090906258234545,0.09090915048785862,4.440892098500626e-16,2.98857839420965e-07,699.506319420416,17,-0.1621828979416753,0.014311590370528846,2.5972561383196453,3.487621775341727
12,0.08333333333333362,0.08333333333333333,2.914335439641036e-16,4.901797338577279e-09,2.8143179397514035e-09,0.08333329711187412,0.08333336428078049,3.3306690738754696e-16,2.9926179210266117e-07,669.72631225997,17,-0.2018477580822814,-0.006726411337415567,2.6567796375477157,2.99308301789836
13,0.07692307692307723,0.07692307692307693,3.0531133177191805e-16,4.893098225335057e-09,2.6697518651673264e-09,0.07692304271229734,0.07692312190219383,3.3306690738754696e-16,3.078275826289612e-07,643.4522276212699,17,-0.1119895691463583,0.023343501382962345,2.682001354615595,3.440214626134899
14,0.07142857142857174,0.07142857142857142,3.191891195797325e-16,4.726647088959671e-09,2.6841540856247252e-09,0.07142854663924311,0.07142861293181962,3.3306690738754696e-16,3.411883068956528e-07,620.0460812368289,17,-0.1102741909947938,0.014914835387325225,2.604919990253202,3.347197634783662
15,0.06666666666666696,0.06666666666666667,2.914335439641036e-16,4.295709184137342e-09,1.9610439622430458e-09,0.06666661594536923,0.06666671404322386,4.440892098500626e-16,2.6163453379349244e-07,599.0214242134186,18,0.039722731755980116,0.008641188079935443,3.2518715854356137,3.383466509639188
