K,fuzzy_silhouette,xie_beni,kwon_index,davies_bouldin,ordinary_silhouette
2,6.41328470112326e-05,305720.111129431,35463533.141013995,2.495903143965104,0.12176959550321943
3,4.7286350683664556e-05,348964.94361674145,40479934.32129558,1.9808439430904523,-0.012974544970350707
4,5.367114022509572e-05,3172848.370158162,368050424.42918116,2.9003866979602932,0.1172693267145031
5,8.447918148001269e-05,3244527.7281207843,376365248.34739786,2.6353024548847106,0.07787918674155407
6,2.1475598317288435e-05,166299.2476882001,19290714.948401354,2.476574268649284,0.019942551802792356
7,2.443103097699003e-05,322286.0468863652,37385186.114450626,2.3456533894210994,0.02007238234506841
8,2.3237505107448165e-05,125749.01412883333,14586887.445137845,2.537341092228466,0.009663486050000874
9,5.4524950507035224e-05,140741.03460501807,16325965.613889163,2.00587177894817,-0.007933671003969946
10,5.278525618103858e-05,207888.17364941904,24115038.57689881,2.062372167388761,-0.00679157900507587
11,3.0426862719838673e-05,163843.38125882595,19005840.95840727,2.3594451531988545,-0.008079242314994767
12,7.470528110515102e-05,163630.68529715057,18981164.917647734,1.9584232078616493,-0.08548660510624496
13,1.7170155775796027e-05,699297.4726153133,81118530.13637611,2.1845383102330005,0.011895966404255293
14,7.161314348590033e-05,110036.39328108738,12764229.245318122,1.8165172509459944,0.004818321075244976
15,9.452513887375304e-05,112974.89478279404,13105095.663019113,2.3824993339860154,0.06672439854363701
16,5.6276140221411435e-05,117887.66824544316,13674979.878599841,1.8752850667713157,-0.06737032709151515
17,1.539861570328969e-05,380750.1168135061,44167040.03863031,2.2699788412074486,-0.008512630399147712
18,2.665489667920228e-05,83709.3897191182,9710297.727115814,2.1011435780135943,-0.05727284193039938
19,2.682037609070966e-05,185432.93351586073,21510233.05008787,2.4567106836126267,0.02154578904932866
20,5.2523111099769336e-05,109233.43650700335,12671088.866935182,1.732235222429749,-0.10987199638589665
21,7.080579644659041e-05,191515.48242433995,22215811.54567746,1.9727859024369325,-0.026615527596857393
22,3.328501981049652e-05,149592.0198006268,17352690.267460007,2.4805928003509345,0.040462525075115115
23,6.0793316395019944e-05,257300.90553611296,29846928.536915332,2.123998844292524,-0.019713528454013828
24,5.09720867483749e-05,210870.6618551687,24461011.53404806,2.0312011131706447,-0.04564814846813345
25,3.348278288713758e-05,110760.43502679652,12848224.787166443,2.4238300600747382,0.055785988757536806
26,9.377194218722714e-05,118649.02909726728,13763302.85087088,2.019793098359902,0.008311770970376806
27,3.10257108448709e-05,195483.06569585262,22676059.617643055,1.8029578073158652,-0.06124683258115577
28,6.28351484407243e-05,112049.78533414695,12997793.459687294,2.060134147085567,-0.010197179949876033
29,4.7768323313942216e-05,105532.49057710195,12241781.239069061,2.2386634511065435,-0.024365197131683836
30,1.8934483861886568e-05,18296.028418159258,2122344.097839465,1.8714574719486956,-0.0745187846602523
31,0.0001027310434763376,130026.95034686012,15083143.332467135,2.0663634133651403,0.0038147280715117413
32,6.9107932622088e-05,18662.057691908678,2164807.6483684946,1.993658518065385,0.025004291966580293
33,4.386368125641202e-05,28009.214596176047,3249079.1372821145,1.7034528053162634,-0.019018372147488135
34,2.7256093832543824e-05,14494.766478047522,1681397.2497349542,1.9109980589907005,-0.04415143331953901
35,2.1796463806254524e-05,12897.898211037089,1496160.5122390264,1.8099668127778832,-0.01826354679346341
36,2.1390145982717624e-05,12639.366791364364,1466173.078722071,1.8433809058075137,-0.02172686760185164
37,3.3548975016829974e-05,12686.044724708161,1471586.081250615,1.7205471694088454,-0.049463325483153506
38,7.619536514969271e-05,16042.64763165285,1860955.8060001833,1.8592063527392324,-0.07736750439888963
39,3.9597225763438537e-05,14960.037956385226,1735372.8358029171,1.735088693550013,-0.10409892530564314
40,3.393659547453821e-05,15756.694238306041,1827784.4988554993,1.902851888992386,-0.06274588221839163
41,2.563933985015689e-05,14678.685240369752,1702736.934291275,1.8417509825780756,-0.07337823866087433
42,4.8310405099493586e-05,14979.919996564351,1737677.6682725034,1.750580309250399,-0.11051766672231589
43,0.00012942329975786294,13882.295225239624,1610353.1914064218,1.6554382234591118,-0.05414271637397295
44,9.379775047889018e-05,17198.071210056274,1994988.1299521518,1.814516318921333,0.04009054600435263
45,0.0001049000476250638,29083.450228647846,3373699.2351345937,1.7979999977955194,-0.04744762967897889
46,3.0399505210002832e-05,16089.002774005838,1866333.8490706976,2.1641323482632204,-0.05737990759822763
47,0.0002137412841148054,20037.007880171055,2324308.453747641,2.079711562241587,0.014233390570793761
48,4.08039864401936e-05,27455.17114387654,3184816.7145298794,1.8305388912509888,-0.06024537164906013
49,0.00017159385875569752,13518.006623824851,1568098.150996337,1.61261307029465,-0.10071282769212651
50,0.00011131165074224718,23077.447979371493,2676999.7282806463,1.5583903426471457,-0.1030293446553127
51,0.00012399879537719418,11986.856200904705,1390484.8805767258,1.9737339622305903,-0.012658259637936653
52,7.734074106960783e-05,14169.030833007153,1643618.410491468,1.8755957708576434,-0.10439451903579144
53,0.00011295699174250193,13700.622317901778,1589284.9332921414,1.71545686563891,-0.023493806077101286
54,3.860991368978484e-05,15575.396010865854,1806757.558097209,1.664744972759712,-0.10930163224273952
55,3.4163804303022416e-05,14771.152613394766,1713465.360796732,1.5985327088898098,-0.02467353591403202
56,0.0001824303303619659,14983.547877078281,1738104.9688216846,1.5814317310208585,-0.06104141850440851
57,4.5914263962336074e-05,12306.827474537613,1427602.4312193068,2.2568130417129484,0.0023244179094864077
58,0.0002230001119052719,12495.546250140773,1449493.421886034,1.760887565373573,-0.042262805019789206
