,Cluster_1,Cluster_2,Cluster_3,Cluster_4,Cluster_5,Cluster_6,Cluster_7,Cluster_8
AGR_01_06825,0.12505011110142406,0.12507345771678527,0.12501143128354816,0.12494176522291908,0.1249639174700274,0.12503165467605146,0.12494455624816411,0.1249831062810804
AGR_02_225ce,0.1250579318176298,0.12508196548374048,0.12500798682916867,0.12493207689504071,0.12496850899399967,0.12502390825403942,0.12496180553264882,0.12496581619373234
AGR_03_3834d,0.12502227570618413,0.12502549792699041,0.1249967169545042,0.12494649326431627,0.12501148019027103,0.1250061015541708,0.12502595551674803,0.12496547888681521
AGR_04_4248c,0.1250446354170405,0.12504906555286038,0.12504322360871303,0.12491989434372609,0.12495598401338542,0.12508778524997208,0.12491232199592193,0.12498708981838065
AGR_05_7d386,0.1250538237053395,0.12504393764715213,0.12500554983501738,0.12494187469988553,0.12497702503363947,0.1250278121658317,0.12495319983288299,0.12499677708025138
AGR_06_86d5e,0.12502323438968285,0.12503596192819474,0.1250233090924732,0.12492904611363626,0.1249705604450109,0.12505776382573458,0.12494834814874647,0.12501177605652097
AGR_07_8b7c5,0.1250516176807617,0.1250751113346541,0.12499630086595549,0.1249984911091221,0.12496627933236187,0.12498621999717564,0.12494616106610462,0.1249798186138645
AGR_08_8dbee,0.12508605195372013,0.12508273083138685,0.12501803999939406,0.12490333625136585,0.12496454041744857,0.12505807305026873,0.12491704930016445,0.12497017819625135
AGR_09_8dd61,0.12501307302163206,0.12502762159942488,0.1250211785568697,0.12492404784883136,0.12498537516351858,0.12505330049693622,0.12496781080353252,0.1250075925092547
AGR_10_9781f,0.12504333111702773,0.12507849871341756,0.12499738658731745,0.1249627423661128,0.12497014995063306,0.1249932217941423,0.12497891406022024,0.12497575541112889
AGR_11_a8ba8,0.12500614320086206,0.12503376540476133,0.12499528624722862,0.12500996337327674,0.12497728053465208,0.1249809359394344,0.12499718056302081,0.12499944473676398
AGR_12_c170b,0.12504459570815024,0.1250231995342678,0.12500586017700677,0.12494098446552118,0.12501341675315616,0.12503991187037686,0.12497473867691553,0.12495729281460544
AGR_13_d7fa3,0.1250493897529714,0.1250834694951829,0.12500445582309685,0.1249448397893901,0.1249706108068284,0.1250104829592947,0.12496888488081001,0.12496786649242561
AGR_14_f501a,0.1250572183184346,0.1250823369703313,0.12500480479715068,0.12494962321800816,0.1249642918492028,0.12501789682742379,0.12494975065140809,0.1249740773680406
AGR_15_fe6d3,0.12501962954033824,0.12504994344998513,0.1250046410732049,0.12496732836490373,0.12497657673814178,0.1250099320147349,0.1249717400914435,0.12500020872724787
DIS_01_0c5e4,0.12498193846581955,0.12498801478649983,0.12498782977661871,0.1250481645562183,0.12500051396740158,0.12496734115681073,0.1250086052382832,0.12501759205234816
DIS_02_24fa8,0.12497410829777289,0.12497485269846609,0.1249817750450531,0.12503545644109723,0.12502192437043827,0.12496043229257037,0.12504368266323262,0.1250077681913695
DIS_03_28e55,0.1249866689899581,0.1249806459126424,0.12499390408128606,0.12502185492872045,0.12500255081299846,0.1249907222740743,0.12499737086733177,0.12502628213298847
DIS_04_3296a,0.12501063581973204,0.12501992202771375,0.12497975045696813,0.12502807167811195,0.12500266030773519,0.12494833838894724,0.12502767142760038,0.12498294989319132
DIS_05_4c0e5,0.1249937777024755,0.12498851640473685,0.1250199732553826,0.12496036219883469,0.12499897277713133,0.1250510151327782,0.1249672235813378,0.125020158947323
DIS_06_605ba,0.12495406631909588,0.12496481372363506,0.12497683113194348,0.12502693593420727,0.1250368504177234,0.1249458114159165,0.12508101148615153,0.12501367957132692
DIS_07_67eb1,0.12497102568140848,0.12497285466672695,0.12496951712786862,0.12505628822978798,0.12503200097679082,0.12493599104238973,0.12506864568411344,0.12499367659091404
DIS_08_71203,0.12497915018154629,0.12498574670780181,0.1249818923963505,0.1250424046116882,0.12501090821785063,0.12495986517410575,0.12503103394444826,0.12500899876620847
DIS_09_891e7,0.12499794249937171,0.12498176984573807,0.12498470800465022,0.12500579152948854,0.12502865935886817,0.12498043032575769,0.1250229009290175,0.12499779750710802
DIS_10_9a1d5,0.12499424182688731,0.12498198819854314,0.12498035148664,0.12502341964865862,0.12501988118016497,0.1249666930151497,0.12503086635374247,0.12500255829021376
DIS_11_b2825,0.12495182862161189,0.12495654501199102,0.12497140069150527,0.12506470366378827,0.1250293991720402,0.12493244944627585,0.125079632665433,0.12501404072735456
DIS_12_daad3,0.12495714714830788,0.12495487848388068,0.12500722540185588,0.12503718940328742,0.12499723878759121,0.12501025181851214,0.1249920358953077,0.12504403306125708
DIS_13_f7310,0.12500333256040363,0.12499183661269367,0.12498915711225668,0.12503317318190296,0.12500318879672773,0.12497690265620526,0.12500332133465905,0.12499908774515106
ENE_01_0ce22,0.1250293836098965,0.12501838612545454,0.12502805465401734,0.12499996489311653,0.12494536660284161,0.12505883392023684,0.12488172278571082,0.12503828740872575
ENE_02_24d51,0.12496133063318786,0.12497965168122917,0.1250370863981506,0.12504461949615056,0.1249485282959655,0.1250512278439647,0.12490498746863236,0.12507256818271925
ENE_03_31059,0.12501326191418194,0.12499832008002898,0.12501063816394656,0.12504433815619412,0.12495980960912305,0.12501916729360968,0.12491160497199726,0.12504285981091845
ENE_04_3143a,0.12499725547764266,0.12498771465728047,0.12501977232662984,0.12502906578586817,0.12496692169072914,0.12504433631458278,0.12491046037318727,0.1250444733740797
ENE_05_47c10,0.12497509658347856,0.12498742400616203,0.12503217532936434,0.12505160911751756,0.12494220968132703,0.12505377238242021,0.1248846722880629,0.12507304061166744
ENE_06_68cc5,0.12502938891929033,0.12501201213569058,0.12501332229914708,0.12501690552754988,0.1249604079982993,0.1250268986178493,0.12491996987868181,0.1250210946234918
ENE_07_6b773,0.1249987385275595,0.12498989141176245,0.1250289156401153,0.1250176705072656,0.12495759507107987,0.12506035796084308,0.12490889832275294,0.12503793255862122
ENE_08_76dd7,0.12496067644450562,0.12497642494119576,0.12503198123050813,0.12502256773256729,0.12496805223469419,0.12504833558276524,0.1249325764534178,0.12505938538034603
ENE_09_82f47,0.1250285174140195,0.125028664321479,0.125034685653496,0.1250293491662858,0.12493188775843815,0.1250613083721494,0.12485758727410877,0.12502800004002343
ENE_10_a6418,0.12501623277058643,0.12501977142894258,0.12502999399003387,0.1250301413390799,0.12493230644934954,0.12505889187286043,0.12487472061505715,0.12503794153409015
ENE_11_b6eb2,0.1250110334013562,0.12499449826817424,0.12502159170155838,0.12501851774333034,0.1249795679771982,0.12505014803418898,0.1249085449647879,0.12501609790940577
ENE_12_bf662,0.12500603901597426,0.12501479622989417,0.12504176803381684,0.12502335786662505,0.12493487600487756,0.12506676424792082,0.1248776233019127,0.12503477529897858
ENE_13_d269b,0.12500843300210077,0.12500579682068252,0.12503348717494103,0.12504591189698086,0.12492824473565338,0.1250647770415357,0.1248517151613234,0.12506163416678234
ENE_14_dc481,0.12496353031451715,0.12498443814761889,0.12502812120342685,0.12504590603186574,0.12495087865062576,0.12504509219714915,0.1249109893391283,0.12507104411566808
ENE_15_f6fae,0.12502034017973196,0.12503078611105586,0.12502324889539126,0.12504220539336183,0.12493467787736298,0.1250295523100329,0.12489026182656462,0.1250289274064986
ENV_01_0cfd4,0.12500567949841654,0.12498798990999115,0.12503168198906056,0.12492069689398265,0.1250111816094654,0.125072988818136,0.12499955799797982,0.12497022328296789
ENV_02_0f9b0,0.12499161038440765,0.12498638426330419,0.1249876305095429,0.1249647118579013,0.1250351647581628,0.12498273609890226,0.12506668424422832,0.12498507788355064
ENV_03_2f819,0.12504762870143696,0.1250280060870553,0.1250098647220707,0.124933387772411,0.12499450477869332,0.12503889728388862,0.12498791284171203,0.12495979781273214
ENV_04_46549,0.1249493312796805,0.1249632081511477,0.12500063550048662,0.1249923207694045,0.1250179215774078,0.12498799834123064,0.12507918503951562,0.12500939934112656
ENV_05_4e2b7,0.12498644722978898,0.12498509746533379,0.12501343138607404,0.12496028652595235,0.12501458671202262,0.12502751093645165,0.12501385380547758,0.12499878593889899
ENV_06_5bd1c,0.12502309795608227,0.1250268655801797,0.12498228981595498,0.12502008966622066,0.12499826068950255,0.12495564230025816,0.12501853312597366,0.12497522086582798
ENV_07_6070a,0.12498503417504814,0.12497590176881783,0.12498777816840277,0.12496440584537855,0.1250408260631627,0.12498669536559603,0.12505911479372972,0.12500024381986433
ENV_08_6c0c3,0.12501146276865502,0.12498843834065188,0.12499168366328235,0.12497838213191946,0.12501991762499146,0.12500009189611136,0.12501492349841595,0.1249951000759725
ENV_09_80007,0.12502440128583828,0.12503245477208758,0.12500194005888524,0.12495706641854343,0.12499410607577517,0.12500412961249438,0.12501305963620127,0.12497284214017466
ENV_10_8f360,0.1250033022509633,0.12497178588607519,0.1250248808544788,0.12493098925021191,0.12501378159157103,0.1250690998148315,0.12498485353771824,0.12500130681415003
ENV_11_97928,0.12498751487854107,0.12499736628816333,0.12499522341853776,0.12497094481828872,0.12502362510461007,0.1249908903166209,0.12504777148675336,0.12498666368848486
ENV_12_d933a,0.12502207268402632,0.12501331626455114,0.12499816960583819,0.12499312576416188,0.1249977426708558,0.12499529779062818,0.12500940723357673,0.12497086798636174
ENV_13_e223a,0.12497489488235194,0.12497136645011228,0.12501381309068113,0.1249479162378436,0.12502240021181124,0.12503745080773118,0.12503330574151583,0.12499885257795271
ENV_14_e4670,0.12494822807395059,0.12495978647836173,0.12499820536871521,0.1250163394106129,0.125025946185272,0.12497569217095313,0.1250737699001349,0.12500203241199953
ENV_15_f1429,0.12500264012389944,0.12498888208657251,0.12499779360867755,0.12498077568750547,0.1250161795034225,0.12499890313969095,0.12504308189432667,0.12497174395590485
ENV_16_f8183,0.12495845086369028,0.12496261463250653,0.12500886107186004,0.12498906776587743,0.12501613274979964,0.12501429231020056,0.12503066942112465,0.12501991118494088
HEA_01_07f11,0.12504654846677987,0.12501794547455528,0.12499798516155912,0.12495688501909782,0.12501782816236107,0.12501652431388183,0.125002807424289,0.12494347597747592
HEA_02_0a422,0.12505628612546063,0.12501021362602366,0.12501342290657,0.1248916495579508,0.1250329600623151,0.12505554383922304,0.1250050741105946,0.12493484977186219
HEA_03_12168,0.12506405354041764,0.12503939574170622,0.1250018345869891,0.12494299005240635,0.12502006065732157,0.12502878337529869,0.12497526299990185,0.12492761904595863
HEA_04_19bb1,0.1250442953671035,0.12500479374477474,0.12499404595376391,0.12491934983417699,0.12505326220100615,0.12502887254004869,0.12503394230393658,0.1249214380551895
HEA_05_65dc0,0.12508023429883217,0.12504772374133655,0.12499337791588779,0.12495388941999368,0.1250098537645427,0.12502244250365185,0.124962786841561,0.1249296915141943
HEA_06_6bf25,0.12507624462425224,0.1250322471947594,0.12500551222404704,0.12489655078299026,0.12502450637001614,0.12505466105507873,0.12497118308530021,0.12493909466355592
HEA_07_7822c,0.1250702695329851,0.12504980651396566,0.12499942179270761,0.12494907108543128,0.1250060704944783,0.12501852615813774,0.12496907434978649,0.12493776007250776
HEA_08_7c732,0.12508989938761042,0.12506169287627106,0.12498627190609592,0.1249582591809366,0.12501385562688402,0.12499622230216467,0.12498436321136382,0.12490943550867349
HEA_09_8b6f3,0.12506608366417507,0.12502734533088475,0.12498829625394456,0.12492570323925191,0.12503987024765753,0.12501127986625504,0.12501009377555233,0.12493132762227875
HEA_10_95108,0.125005974520155,0.12500523458992233,0.12497981456823912,0.12500590706261433,0.12503119590555684,0.12496778476425072,0.1250463144682483,0.12495777412101339
HEA_11_a46bf,0.1250717678541832,0.12504937405631522,0.12498816217057042,0.12495581541884461,0.12501889935998645,0.1250084407381796,0.12498420158306078,0.12492333881885971
HEA_12_cb742,0.12503714726980042,0.1250270695781413,0.12497329421873664,0.1250189174829546,0.12502521221880208,0.12494393974042503,0.12503532113286248,0.12493909835827753
HEA_13_e6d1e,0.12506234075363112,0.12503432102987058,0.12498952103441102,0.12493416292053268,0.1250369451873901,0.12500979020999436,0.12501779812968997,0.12491512073448013
HEA_14_eb0b8,0.12506154224028534,0.12503754115509433,0.12498927658888792,0.12495852863273897,0.12501755677827436,0.12500483413109914,0.12500029082040368,0.12493042965321627
MAN_01_00138,0.12498663577985816,0.12500013995960818,0.1249805382697237,0.1250429348797314,0.12500732480016336,0.12494279170178481,0.12503505893297923,0.1250045756761511
MAN_02_0bce5,0.12503523133535774,0.12503555657210536,0.12499995780111435,0.12503234882409975,0.12496374928131776,0.12498527843330932,0.12495000744425877,0.12499787030843698
MAN_03_368c1,0.12500144833047558,0.1250177734518699,0.12503283008048774,0.1250699866517763,0.1249161321664535,0.1250341656381352,0.1248636340424497,0.12506402963835211
MAN_04_38948,0.1250232528259872,0.12502054518553105,0.12499937314141736,0.12504959142143074,0.12496779150629098,0.12498303263027356,0.12495069236488875,0.12500572092418036
MAN_05_5144b,0.1250181645389491,0.12500508538038255,0.1249779413947406,0.12500895395819683,0.12501133300400352,0.12495906714828975,0.1250187467565531,0.12500070781888456
MAN_06_5a689,0.12506060605871902,0.1250525370668499,0.12500080082185155,0.1250020026101523,0.12496543541193657,0.1250007752652041,0.12494811603074447,0.1249697267345421
MAN_07_5faab,0.1250185392210972,0.12499555528270892,0.12498293205220967,0.12500116515759488,0.12501825746904568,0.124975799410203,0.1250403011204658,0.12496745028667476
MAN_08_678a7,0.12498534302123691,0.12499928620474245,0.12497936954043738,0.1250598109264303,0.12499824751507212,0.12494074346254726,0.12501674486243175,0.12502045446710192
MAN_09_678b1,0.12502559365720164,0.12502404127765337,0.12498884551162726,0.12501611814287097,0.12499530639423001,0.12496958366894044,0.12499307866683851,0.12498743268063779
MAN_10_b0685,0.12498172656725191,0.12500273532074002,0.12498570496893639,0.12505826441695847,0.12499959975828186,0.12494195069551081,0.12502212174575836,0.12500789652656213
MAN_11_d7e72,0.12496474177063482,0.12498762747980682,0.12497762562158493,0.12506935018775728,0.12500892676456848,0.12492756896508642,0.12504423708050394,0.12501992213005733
MAN_12_da3b4,0.12505004983747622,0.12505321460298688,0.1250072242846264,0.1250330501668855,0.12494568593626361,0.1250032385836124,0.12490828600768367,0.12499925058046527
SMA_01_0592f,0.12497706210708727,0.12497015140197501,0.12501188836199253,0.12498171518139904,0.12501461934368177,0.12502993615602673,0.12500775094291466,0.12500687650492293
SMA_02_1b70d,0.12495807181766524,0.1249533893152637,0.1250166099254852,0.12498180486944564,0.1250204446044214,0.12503541910797014,0.12501416994195103,0.12502009041779763
SMA_03_20b1e,0.12497083421908346,0.12498717098488861,0.12500904807120902,0.12501066862989083,0.12499621269465848,0.12500535967349202,0.1250035506942344,0.12501715503254313
SMA_04_28b4e,0.124959339280453,0.1249639671602428,0.1249975895209525,0.12503784388883019,0.12500947519983727,0.1249817794902534,0.1250264832227418,0.12502352223668908
SMA_05_29f8e,0.12497462992565636,0.12498651397529933,0.12500558338735504,0.12499077352160402,0.12501098550829773,0.12500606286771618,0.12502515611386616,0.1250002947002051
SMA_06_2df5b,0.12497834697843183,0.12499199313845848,0.1250345691884475,0.12502359169474014,0.12495402645746731,0.12505276041492486,0.12491499197868557,0.12504972014884436
SMA_07_57127,0.12498298675627757,0.12498850110006016,0.12504908384037067,0.12498980526735791,0.12495703094536553,0.12508554519252726,0.12490119676995506,0.12504585012808583
SMA_08_6d7ad,0.12495339178166275,0.12497037155182267,0.1250422990730156,0.1249596998436653,0.12498749717218108,0.12507004325432403,0.12498478369973381,0.12503191362359475
SMA_09_87975,0.12497590653440735,0.12498493110520038,0.12500576169151187,0.12499217686477408,0.1250116433968617,0.12500100511619885,0.12503413154496817,0.12499444374607763
SMA_10_8b8dc,0.12498560669401365,0.12497687001675681,0.1250343339414234,0.12492036424182497,0.12501594593544818,0.1250689077728143,0.12501074961930786,0.1249872217784108
SMA_11_a504b,0.1249650445472339,0.12496992224938679,0.1250580544482992,0.12499703490031963,0.12495082936099271,0.12510099358521803,0.12489432396878629,0.12506379693976344
SMA_12_c6e00,0.1250198775866661,0.12499529143904663,0.1250248903502304,0.12493376165096151,0.12499390288065435,0.1250606076752562,0.12495992001534435,0.12501174840184048
SMA_13_c9088,0.12498542680874784,0.12497446527960213,0.12504159111961158,0.12498367747190305,0.12496627770834644,0.12507387692839445,0.12492523948391485,0.1250494451994797
SMA_14_cdb07,0.12496167068322361,0.12497537368959197,0.12503921340328653,0.12500236342968182,0.12497026224385888,0.12505928870169333,0.12494560609841218,0.12504622175025165
TRA_01_10265,0.1249809399745995,0.12496992010750774,0.12499351961472546,0.12495922074994309,0.1250481990330996,0.12499531863304598,0.12507587466921025,0.12497700721786838
TRA_02_12fb4,0.12496610622511546,0.12495758706217694,0.12496093402708647,0.1250263791088366,0.12505134149020009,0.12492072170345511,0.125110042718694,0.12500688766443538
TRA_03_21d93,0.1249465886446327,0.12496227122201088,0.12496068873625817,0.12504997349177943,0.12504120103820918,0.12491657760732118,0.12511720325298128,0.12500549600680716
TRA_04_2ad9e,0.12498115088671824,0.12498656659581182,0.12496307232269617,0.1250620919981809,0.12501627157393794,0.12491658126678465,0.12508340023228157,0.12499086512358873
TRA_05_4f9a6,0.12496274943042651,0.12497196583614689,0.1249677532793054,0.12507860181724031,0.12501729672304232,0.12492280464331332,0.1250518080432457,0.12502702022727963
TRA_06_50971,0.1249421784969922,0.12495552684253157,0.1249607729442397,0.1250947567730067,0.12503099570674822,0.12490156324220975,0.12509379504788676,0.12502041094638516
TRA_07_669a5,0.12496673692374714,0.1249708339479654,0.12496910357556401,0.12503678983245747,0.1250306421053002,0.12493763429308928,0.12508863342155974,0.12499962590031682
TRA_08_6d02c,0.12493089404789587,0.12494113874617145,0.12496232968473449,0.1250581620821526,0.12504935889596352,0.12491384915240154,0.12513324332162795,0.12501102406905248
TRA_09_74397,0.12492215465355673,0.12494945970305414,0.12495432355989396,0.12510700980687237,0.1250365242485159,0.12487551566060041,0.12512792511071236,0.1250270872567941
TRA_10_785d6,0.12492515971981735,0.12494525534190236,0.12495635429986063,0.12508590369434017,0.1250394264884917,0.12489391095366029,0.12513095699588941,0.12502303250603802
TRA_11_7d8bf,0.12494826974888244,0.1249585950766288,0.12496749306268379,0.125036018225077,0.12504034444276074,0.12492757290528245,0.12510265464416584,0.12501905189451895
TRA_12_9234f,0.12493941166456946,0.12496377502686186,0.12495745751324638,0.1250706199645578,0.12503600144368734,0.12490431205804181,0.12511659421763413,0.12501182811140119
TRA_13_99007,0.12493647496965235,0.12494297166933868,0.12497211916593769,0.12500668111618313,0.12505975111639303,0.12494177398594997,0.12514970789053942,0.12499052008600577
TRA_14_9c743,0.12491925795784191,0.12493416106767848,0.12496176999747809,0.12506099231874557,0.12505009243386125,0.12491387156057644,0.12513873901992156,0.1250211156438967
TRA_15_a15d9,0.12492065816267045,0.12493291620164339,0.12495996234727876,0.1250570749478082,0.12505416649999107,0.12491393791240434,0.1251317569380254,0.12502952699017833
TRA_16_aad47,0.12491203918844887,0.1249363084718545,0.12495309972027674,0.1251076887067546,0.12503639271522082,0.12488289357159502,0.1251315397890728,0.1250400378367767
TRA_17_b751a,0.12489687351905948,0.1249095501449406,0.12496757568840308,0.12506028305210057,0.12505789913631218,0.12492981894207869,0.12513682170402224,0.12504117781308313
