ID,Cluster,Max_Membership
AGR_01_06825,5,0.10000003364446194
AGR_02_225ce,5,0.10000003144629685
AGR_03_3834d,5,0.10000000788856837
AGR_04_4248c,5,0.10000000805958564
AGR_05_7d386,5,0.10000001376318321
AGR_06_86d5e,5,0.10000002320028178
AGR_07_8b7c5,5,0.10000001025412555
AGR_08_8dbee,5,0.10000002910948386
AGR_09_8dd61,5,0.10000002608626718
AGR_10_9781f,5,0.10000002680939334
AGR_11_a8ba8,5,0.10000000723229205
AGR_12_c170b,5,0.10000000466578535
AGR_13_d7fa3,5,0.10000003049931108
AGR_14_f501a,5,0.10000003899774386
AGR_15_fe6d3,5,0.10000002456579517
DIS_01_0c5e4,2,0.1000000148891553
DIS_02_24fa8,2,0.10000001401961842
DIS_03_28e55,2,0.10000001767523736
DIS_04_3296a,2,0.10000001204483998
DIS_05_4c0e5,7,0.10000000422203142
DIS_06_605ba,2,0.10000001358930309
DIS_07_67eb1,2,0.10000000621558071
DIS_08_71203,2,0.10000001462847778
DIS_09_891e7,2,0.10000002570035059
DIS_10_9a1d5,2,0.10000000822366095
DIS_11_b2825,9,0.10000000367311634
DIS_12_daad3,2,0.10000000824323174
DIS_13_f7310,2,0.10000003082237337
ENE_01_0ce22,2,0.1000000044209367
ENE_02_24d51,6,0.10000000896029139
ENE_03_31059,2,0.10000001114667176
ENE_04_3143a,7,0.1000000061959828
ENE_05_47c10,2,0.10000000669402564
ENE_06_68cc5,6,0.10000000887927968
ENE_07_6b773,6,0.1000000075180659
ENE_08_76dd7,6,0.10000000689033749
ENE_09_82f47,6,0.1000000146363097
ENE_10_a6418,6,0.10000000409779196
ENE_11_b6eb2,6,0.10000000778441734
ENE_12_bf662,6,0.100000014590942
ENE_13_d269b,6,0.10000000795806084
ENE_14_dc481,6,0.10000000543308465
ENE_15_f6fae,2,0.10000000506026388
ENV_01_0cfd4,7,0.10000000492483571
ENV_02_0f9b0,4,0.10000000383147865
ENV_03_2f819,7,0.10000000361428271
ENV_04_46549,4,0.10000000998001943
ENV_05_4e2b7,1,0.10000000214626292
ENV_06_5bd1c,6,0.1000000044987872
ENV_07_6070a,4,0.10000000281235105
ENV_08_6c0c3,2,0.10000000514128649
ENV_09_80007,5,0.10000000680808238
ENV_10_8f360,2,0.10000001231778294
ENV_11_97928,4,0.10000001061572356
ENV_12_d933a,2,0.10000001149880863
ENV_13_e223a,7,0.1000000077798959
ENV_14_e4670,2,0.10000000833112725
ENV_15_f1429,4,0.10000001111202741
ENV_16_f8183,4,0.10000001165524952
HEA_01_07f11,1,0.10000000783418009
HEA_02_0a422,2,0.10000001401444929
HEA_03_12168,1,0.10000001334476188
HEA_04_19bb1,1,0.10000000777174085
HEA_05_65dc0,2,0.1000000104854219
HEA_06_6bf25,1,0.1000000034095843
HEA_07_7822c,5,0.1000000029982889
HEA_08_7c732,1,0.1000000055268933
HEA_09_8b6f3,1,0.10000000814217962
HEA_10_95108,4,0.10000000955369137
HEA_11_a46bf,1,0.10000000963200924
HEA_12_cb742,1,0.10000000671556887
HEA_13_e6d1e,1,0.10000000824773059
HEA_14_eb0b8,1,0.10000000770728656
MAN_01_00138,7,0.1000000247846286
MAN_02_0bce5,7,0.10000000417227471
MAN_03_368c1,6,0.10000001090453428
MAN_04_38948,6,0.10000000197987997
MAN_05_5144b,7,0.10000000746630923
MAN_06_5a689,2,0.10000000588699971
MAN_07_5faab,2,0.10000000470934178
MAN_08_678a7,7,0.10000001966008806
MAN_09_678b1,7,0.100000021718048
MAN_10_b0685,7,0.10000000940276767
MAN_11_d7e72,7,0.10000000950600632
MAN_12_da3b4,7,0.10000000915472104
SMA_01_0592f,7,0.10000000597309075
SMA_02_1b70d,9,0.1000000082612693
SMA_03_20b1e,9,0.10000002452421368
SMA_04_28b4e,4,0.10000000595806778
SMA_05_29f8e,9,0.10000001524893683
SMA_06_2df5b,9,0.1000000089845708
SMA_07_57127,7,0.10000000816935196
SMA_08_6d7ad,9,0.10000001429857606
SMA_09_87975,9,0.10000000454856557
SMA_10_8b8dc,7,0.10000001494295535
SMA_11_a504b,7,0.10000001163782156
SMA_12_c6e00,2,0.10000000589658382
SMA_13_c9088,6,0.10000000221615996
SMA_14_cdb07,6,0.10000000766436423
TRA_01_10265,7,0.10000000683041675
TRA_02_12fb4,4,0.10000000529212442
TRA_03_21d93,4,0.10000004488380182
TRA_04_2ad9e,4,0.10000000819064453
TRA_05_4f9a6,4,0.10000000783455984
TRA_06_50971,4,0.10000001457921961
TRA_07_669a5,4,0.10000002035617758
TRA_08_6d02c,4,0.10000004016657255
TRA_09_74397,4,0.10000000770252078
TRA_10_785d6,4,0.10000003596127924
TRA_11_7d8bf,4,0.10000004090118368
TRA_12_9234f,4,0.10000003433194359
TRA_13_99007,4,0.10000001464458674
TRA_14_9c743,4,0.10000003066374598
TRA_15_a15d9,4,0.10000002270389981
TRA_16_aad47,4,0.10000002531034366
TRA_17_b751a,4,0.10000002306243674
