,Cluster_1,Cluster_2
AGR_01_06825,1,1
AGR_02_225ce,1,1
AGR_03_3834d,1,1
AGR_04_4248c,1,1
AGR_05_7d386,1,1
AGR_06_86d5e,1,1
AGR_07_8b7c5,1,1
AGR_08_8dbee,1,1
AGR_09_8dd61,1,1
AGR_10_9781f,1,1
AGR_11_a8ba8,1,1
AGR_12_c170b,1,1
AGR_13_d7fa3,1,1
AGR_14_f501a,1,1
AGR_15_fe6d3,1,1
DIS_01_0c5e4,1,1
DIS_02_24fa8,1,1
DIS_03_28e55,1,1
DIS_04_3296a,1,1
DIS_05_4c0e5,1,1
DIS_06_605ba,1,1
DIS_07_67eb1,1,1
DIS_08_71203,1,1
DIS_09_891e7,1,1
DIS_10_9a1d5,1,1
DIS_11_b2825,1,1
DIS_12_daad3,1,1
DIS_13_f7310,1,1
ENE_01_0ce22,1,1
ENE_02_24d51,1,1
ENE_03_31059,1,1
ENE_04_3143a,1,1
ENE_05_47c10,1,1
ENE_06_68cc5,1,1
ENE_07_6b773,1,1
ENE_08_76dd7,1,1
ENE_09_82f47,1,1
ENE_10_a6418,1,1
ENE_11_b6eb2,1,1
ENE_12_bf662,1,1
ENE_13_d269b,1,1
ENE_14_dc481,1,1
ENE_15_f6fae,1,1
ENV_01_0cfd4,1,1
ENV_02_0f9b0,1,1
ENV_03_2f819,1,1
ENV_04_46549,1,1
ENV_05_4e2b7,1,1
ENV_06_5bd1c,1,1
ENV_07_6070a,1,1
ENV_08_6c0c3,1,1
ENV_09_80007,1,1
ENV_10_8f360,1,1
ENV_11_97928,1,1
ENV_12_d933a,1,1
ENV_13_e223a,1,1
ENV_14_e4670,1,1
ENV_15_f1429,1,1
ENV_16_f8183,1,1
HEA_01_07f11,1,1
HEA_02_0a422,1,1
HEA_03_12168,1,1
HEA_04_19bb1,1,1
HEA_05_65dc0,1,1
HEA_06_6bf25,1,1
HEA_07_7822c,1,1
HEA_08_7c732,1,1
HEA_09_8b6f3,1,1
HEA_10_95108,1,1
HEA_11_a46bf,1,1
HEA_12_cb742,1,1
HEA_13_e6d1e,1,1
HEA_14_eb0b8,1,1
MAN_01_00138,1,1
MAN_02_0bce5,1,1
MAN_03_368c1,1,1
MAN_04_38948,1,1
MAN_05_5144b,1,1
MAN_06_5a689,1,1
MAN_07_5faab,1,1
MAN_08_678a7,1,1
MAN_09_678b1,1,1
MAN_10_b0685,1,1
MAN_11_d7e72,1,1
MAN_12_da3b4,1,1
SMA_01_0592f,1,1
SMA_02_1b70d,1,1
SMA_03_20b1e,1,1
SMA_04_28b4e,1,1
SMA_05_29f8e,1,1
SMA_06_2df5b,1,1
SMA_07_57127,1,1
SMA_08_6d7ad,1,1
SMA_09_87975,1,1
SMA_10_8b8dc,1,1
SMA_11_a504b,1,1
SMA_12_c6e00,1,1
SMA_13_c9088,1,1
SMA_14_cdb07,1,1
TRA_01_10265,1,1
TRA_02_12fb4,1,1
TRA_03_21d93,1,1
TRA_04_2ad9e,1,1
TRA_05_4f9a6,1,1
TRA_06_50971,1,1
TRA_07_669a5,1,1
TRA_08_6d02c,1,1
TRA_09_74397,1,1
TRA_10_785d6,1,1
TRA_11_7d8bf,1,1
TRA_12_9234f,1,1
TRA_13_99007,1,1
TRA_14_9c743,1,1
TRA_15_a15d9,1,1
TRA_16_aad47,1,1
TRA_17_b751a,1,1
