,Dimension_1,Dimension_2,Dimension_3,Dimension_4,Dimension_5,Dimension_6,Dimension_7,Dimension_8,Dimension_9,Dimension_10,Dimension_11,Dimension_12,Dimension_13,Dimension_14,Dimension_15,Dimension_16,Dimension_17,Dimension_18,Dimension_19,Dimension_20
AGR_01_06825,-0.6879259772089662,1.4482860043598993,-0.477533455573628,2.2992945917860808,-0.6950874024623657,0.5806563368948258,-0.2020011847000664,0.00691385708975768,-1.072191323158682,1.3411072318297208,-0.5758628676333538,0.7935419121393652,-0.5862607098230908,0.8522350859207265,-1.0455882234870533,0.9464273403659524,-0.9227398205824769,0.0024576879525454068,0.23150893306467923,-0.5831809852188121
AGR_02_225ce,-0.627384782890776,1.5211646451516707,-0.07422260255306111,1.7570369897266407,-1.0720358488326285,1.3312602596482292,-0.6326534773356146,-0.8899848342766309,0.06190508752729699,0.22613384223033728,-0.1645331351674671,0.922011373148359,-1.7045604021151393,-0.9112718582004788,0.3385502055691226,0.03611576609089369,-0.41878016436970267,0.8267626157867076,-0.9015361837775301,0.9230221230697352
AGR_03_3834d,0.3416451631182384,1.0808187265157696,-0.20993906393278935,0.41373154141941004,-1.438515430494129,0.29270112178324653,0.15568106620128389,0.2489537039136617,-0.6702737749359958,2.148844691293708,-0.12701740938729575,-0.7293638085255923,-0.5375343188710563,-1.1924723709033624,1.3453417625065736,-1.7142052269034027,-0.4179536361913683,-0.8416442466964303,3.0393440404189502,0.8163427534019282
AGR_04_4248c,-1.2621639450675044,1.1325649359448737,-0.8490549431995221,0.20877138354521949,-0.830320745444836,0.05826346988711365,-1.8924621818079133,0.9916448313976614,-0.4312544470998399,-0.21568820790669022,-1.1887012498657148,0.673141704183245,-0.801941588697918,2.7385782400110683,-1.5713819127810706,-0.6481056133428343,0.4128891624576875,0.36131583253206095,0.08398963056626699,1.1157530257937496
AGR_05_7d386,-0.649993930820316,1.1505587745879713,-0.2060370168645309,1.3135688637988563,-1.6370006042188694,-0.567466236388376,1.9847480536789563,0.7318690539870301,1.2800475114080654,0.23342432500515087,-1.2506293151778465,0.3898577825157189,-0.0527001341783635,0.5316358872297169,-1.3985412801939774,0.20529492540534758,-1.8204942879372354,0.8372512668016344,-1.7644203555821223,0.13800802403107823
AGR_06_86d5e,-0.7935807345585619,0.7612320458268728,-1.5430079300946213,1.9957374296764887,-1.568287246528272,0.39044642912482524,0.581806634259338,0.04078256733379902,-0.10220011618456534,0.8825471157851577,-0.2688048462109031,2.157865290523261,-0.35014469699861483,-0.33671404652521897,-0.692056417732064,-0.5841738626999888,-0.1846265566263133,0.3264490595243216,1.125608164628984,1.1260058929130612
AGR_07_8b7c5,-0.8734968309637005,1.114217605249485,1.498002939601564,1.3872886755600617,-0.34372064885973264,-0.04580158011158917,-0.5507409819024247,-0.17237246722187924,-1.9042444262632874,-0.42637147377105,1.621962200439373,-0.8822669042491779,0.9885499994601734,-0.4562269026278967,1.2049621949965639,2.074386087037632,1.9561568125301327,-0.8662445897224486,-0.14007465806476221,-0.5701196203315462
AGR_08_8dbee,-1.1912689762893085,1.9078363283199546,-0.355035754627008,1.3595651242426978,-1.4459622778392127,0.665229275028358,1.417138187876652,0.0956307082444238,0.9470742914214089,-0.34217691328129957,-0.4620415006188381,-0.6546839884621732,-0.2964065586853592,0.5474441197503191,-0.9280751857391505,-0.2700028642706131,-0.1253473131356931,-0.45930607252929484,0.412991154265862,-0.6101862046004041
AGR_09_8dd61,-0.4992668017572684,0.6192063882468924,-1.6624262281549842,1.6458261973001833,-1.4769541169435212,0.8845850350552881,0.7832074080510415,0.2292264698266118,-0.19488236147486035,-0.20430279287159062,0.39497930387230396,-1.2858625585749304,-0.9108579639251221,1.2432629988390564,0.40193503990805,-0.7182646148533501,-0.35946759187390415,0.5893417671763317,1.0503976864509001,-0.023871486843042477
AGR_10_9781f,-0.2590138222453784,1.555250973677363,0.19804118765938644,2.621650605880727,-0.5766968595974465,0.6571728307826831,-1.3925716661440035,-0.08380634235425988,-0.19034576797377672,0.11474775111711147,1.41610954904091,0.770423291785418,-0.8469089607514415,-0.018615028738365697,1.6107258126623856,-0.2065558740786096,-0.024944498787147294,0.15546196238404827,-0.22357769685503245,0.5695186211654206
AGR_11_a8ba8,-0.2795338573062429,0.42009849002730076,0.5858336141910638,1.599750849313174,-0.3897389862627794,0.47362011660951325,-1.1543640502633732,-1.486922486241558,1.8184681260890505,-0.20558174680427022,0.38164819028345076,-2.490469842980553,0.9631089960955814,-0.15771532903428165,2.056914052730904,-0.16928918731868944,0.9298079445115074,-0.797078607751539,-2.609511533437426,-1.1783348789576042
AGR_12_c170b,-0.004308272689915787,1.0820479947455053,-1.006085059568625,-0.6431683630912133,0.5624912889763687,0.017451166190083165,0.9729382461005429,-1.0354323794424305,-2.0393021179950805,0.02319931534379789,-0.6294512298742558,1.1875654749795628,-1.5594785767670165,0.21610076551358331,0.15716779027620909,-1.3619872421762365,1.2400052349283088,-1.813177098610486,0.8427212480204862,-1.2794080757076738
AGR_13_d7fa3,-0.4479544361743025,1.5427237552096131,0.1392237065500735,2.0511416339759965,-1.025684541966456,0.6610951866614089,-0.9779242596876498,-0.2069868364977891,-1.163339179590123,0.7004462967119401,-0.108017096549278,-1.8564479310750681,-0.26422203649046233,-0.021559815800100055,0.13909288297621253,0.909917001462379,0.18144704877477558,-0.1948701559288607,-1.0206924089326765,-1.0811830071243205
AGR_14_f501a,-0.6922144966053558,1.5600962851912832,-0.09187171272772846,2.2412568976663945,-0.5827374470969172,0.8901273670308036,-0.29304832611479387,-1.1595141872291312,-0.10907481189761167,0.4216941620042432,-0.1503284804411581,0.27986008563409676,0.25399617277020686,-0.6405686781555366,0.12505405860869567,0.04947761887374907,0.4923235823393145,-0.11981920485199953,-1.0217730600404562,-1.126042033278341
AGR_15_fe6d3,-0.45771938107200366,0.6950996775525707,-0.26738739198590794,2.153274256061651,-0.7689087881005249,1.111133963659276,0.26712468038147585,-0.07188111262309968,-0.4144721940603376,0.8317390857628645,0.5832190819676717,-1.1401882640334822,1.742799711847993,1.0596918608559032,0.45097771187921626,-0.1760404980544238,1.2218464984741522,-0.4004995645574964,0.39663190115525526,0.41416815805201784
DIS_01_0c5e4,0.5701701194742159,0.07467978030594603,-0.23025755277631152,1.0815302586337199,1.5464284934257826,-1.1292954318244264,-0.6174373860405401,0.5924011747608335,0.19350175874789047,-0.05722692797183776,-0.44567877869742933,0.26087794434962674,-0.1312556575255262,-2.09397257467379,-0.5975868869332914,1.2025510922011313,0.9259805220574516,0.9053073848723497,1.1451190587360403,-0.30412981036456116
DIS_02_24fa8,1.045866229131109,0.0733767864924389,-0.5147576497135533,0.933857323868114,1.4858066251195718,-0.7576766288533674,-0.24220508331370982,-0.07855058697451953,0.7153209535794725,-0.5245343823081842,-0.9666224722737441,0.3027565333141737,3.156383993704694,-0.13909615484278606,0.25889948360569087,0.18976793002908499,1.4457413712040055,1.0540682890207191,1.937492672259632,-0.7678060041203489
DIS_03_28e55,0.6220005005197173,0.22032671345945698,-1.0905615884320377,1.6015003950469107,1.6266253118802658,-1.5508290677801762,0.16441031923639604,1.6381300225079802,0.9170969690818287,-0.011681426870573143,1.289390428386072,2.0174659104372124,-0.18717502157744692,0.5837560708883197,0.9234079512506815,0.17988686507335316,-0.3972730585127736,-0.30216952995531443,1.7480375959108247,0.19295164045427046
DIS_04_3296a,0.8562883955987692,1.0757970435931101,0.8029936009360524,1.587470121073432,1.3752253830001004,-0.22075137906525338,-1.2802170168545395,1.3037077404289859,0.6003154044449053,-1.069081711008657,-1.804354093628345,0.9693741105370429,0.740767459948986,0.6648582605004845,0.15674702487869213,-0.7971782161789043,-1.645195000352133,0.649535549657283,-0.685385450607639,-0.5314010547678145
DIS_05_4c0e5,-0.2435005394722764,-0.03016268170082748,-2.0412261061970725,0.5754033299579006,0.10867664690178015,0.05009943410617689,1.1473586470463915,-0.0818141607518674,0.5006346267599168,-1.682996944805507,0.2643641898480066,-1.7457345126281172,-0.8310299909672938,2.0483560876358844,2.0873657539232493,-1.463270307265756,0.9697617612315975,-0.7031803622375632,0.31875000932711345,0.9791214912301434
DIS_06_605ba,1.4923805814267566,-0.20414304647771508,-0.5647074490120505,1.17547294456041,0.3329839508506629,-0.8170768495114581,-0.26542179402698063,1.1834594222462915,-0.7780012330411,-1.7792789240721376,0.33267626982526055,-1.0097551539199088,-0.24307804353555362,0.6688702054658853,1.3652029158003463,-2.0494798598146438,-0.10389342844233972,-1.211926275763782,0.9295140613857252,0.04690209688325811
DIS_07_67eb1,1.4965203371462106,0.12758631858749764,-0.045235760353068456,0.6809416053452686,2.497611480559358,-0.42671511901073633,-1.147743628236344,0.6669559335925713,0.7236563873585402,0.12643135727302515,0.7702628877703759,-0.7515486330723253,-1.5680404222180908,0.36474259361355543,-0.21529607791611102,0.023439192922965774,-0.33503811872902284,-1.120564046717362,-1.2086931926835027,1.4552603957837145
DIS_08_71203,0.9018839860075137,0.20388248081941135,-0.4213108312567788,1.350271422221818,1.9605450185035722,-0.4969725828672222,-0.7941756325072514,0.35802434893165375,0.9083072315462167,-0.0695426399364462,0.5323383732498145,0.9861956318290073,0.5828719254496095,-0.20660119174133815,0.17680021951559277,0.07583844484209852,0.5903575432108431,-0.8755649921798415,0.26003521159876414,-2.688017031040536
DIS_09_891e7,1.0441745810062593,0.5446781836154861,-1.042188724187032,0.6667098451903573,1.6053368983942145,-1.694303042706176,0.4283827233422748,0.422550873978375,-0.3526717703436001,-1.2704902105821232,0.5972431303561957,0.8582352937025673,1.1247383213048765,-0.8868632882042481,0.07699613394018918,0.8883509801898306,-0.06115427227204394,-1.1137862928261104,0.9408649770720658,-0.45990730946810776
DIS_10_9a1d5,0.8921761084533678,0.29795822433623337,-0.27431061452167,0.6451902962917356,0.8315025580545067,-1.8986534531012544,0.6192854868263004,0.2415200163095157,-0.1811585968354976,0.5223291705562682,-1.2520139819993987,0.9079056049127257,0.5157402623832297,1.1731558572553051,-0.6267431333094845,0.996270295720848,0.4741577245998798,-1.6621751527736999,0.27921712608487614,3.02966509235457
DIS_11_b2825,1.3692810479469668,-0.5059605293439898,0.12849241538864342,0.747022753134836,1.618714273346047,0.4908981417326534,-0.11724493881380994,0.6738923867299328,2.306307806729667,0.4750552089838873,-1.0244844498597814,-0.8807483626844621,-1.242109887276038,0.04406693054582042,0.6157255223136594,0.6782214726309769,0.6285638977529162,1.189255170253734,0.1089462743157663,1.4876184100027836
DIS_12_daad3,0.1786093576722103,-0.9031026013089124,-0.872230936555342,0.2783891610167299,1.0348671723003067,-0.9911755782519878,-0.024884164703526158,1.3908138565370718,0.7525152287622952,1.35102989483502,-0.5963859054306718,0.27889163760008867,-0.07651920497745526,-2.6804084722391353,0.5168408180761808,-0.06676506421237272,2.1458339157949857,0.9624568694340006,-1.180284753326701,-1.246939663251251
DIS_13_f7310,0.599762955504033,0.5231390727671745,0.034466171480345066,0.43595527196186484,1.56923674725227,-2.1079154535460516,-0.7000262418217947,0.9988232226675932,0.40693949671457263,-0.019965938610362517,-0.9700302866277433,0.33101131248975973,1.135101960811713,-0.3674268141073994,0.3092798449733493,0.35110759539084296,-1.409743154647941,-0.6595875065368576,0.5944738487093038,-1.0196224285328825
ENE_01_0ce22,-1.7190044902477422,-0.3068150491270292,-0.12615969752468062,0.019308151049699504,-0.08413852512997669,-0.4663282627331943,1.4624130860123756,-0.6929417586230299,1.8243950640003503,-0.9237650426869727,-0.25145635709144876,-1.290075562471974,-0.09978961804670346,-1.1239547566185562,-1.6080939416528144,0.5518003356457587,-1.2869824124563285,0.1421838557093971,1.4652124273566558,1.146768527705781
ENE_02_24d51,-1.4499332770770343,-1.6505783476437448,-0.45431809193741274,0.08573269440553279,0.47542888955212725,-0.348761324718838,-0.5522146940539083,0.42853245151709957,-1.1810919180898762,-0.5903419683094585,1.2984549488077632,-1.733863339881945,0.3882780834760703,0.30563180378280835,-0.3106434036392012,-0.7771562245396573,-1.8476051443171373,-0.008723594295903794,0.4819041942898187,0.6537260297320243
ENE_03_31059,-1.20669161970651,-0.5102084465326556,0.6217019646459002,-0.09236010788130233,0.3705389350197112,-2.2201511032852816,1.4093285984425947,0.9150555468836091,0.9617921179002374,-0.1490888097027859,0.7407130081512779,-1.9266937347044804,-1.0470156616699973,-0.6876688697126031,0.5219175656995608,0.27257920455240175,0.11786167930812223,1.0382837541491337,-0.07962265368749821,-0.21337287580820005
ENE_04_3143a,-1.086703124494773,-0.7644269592364523,-0.6594340796799965,0.371784089000054,1.1020214332810407,-0.5996417554965878,1.8374548600286176,0.022589658821142597,-0.500884788928856,1.758221328395913,-1.106331288069568,1.736020445450018,1.287119711993098,-0.17359110143425954,0.6717857275567634,-0.6199216486046611,-0.4461664398924816,-0.2994647139237003,-2.072759730700792,0.5116951253971791
ENE_05_47c10,-1.454963578311337,-1.2709282110461249,-0.9669063789066088,0.7394697262423819,1.4247790013399098,-0.95976986460377,-0.0011576574680668013,-1.0705625962787664,-0.26187183997575125,0.02688140562324375,0.14250360288783026,-0.9245098987684436,0.017341990459194642,-1.1811342508003975,-0.9587592748292924,0.4477760858002989,0.44435753323841165,-1.074492097221187,0.48891316943269303,1.7835859820291213
ENE_06_68cc5,-1.1152733434309525,0.02946598141866138,0.8150675813608285,-0.4301748409301342,-0.2788404753744053,-2.229971074441705,0.33123773853648797,1.3793928742614057,0.5711448045903922,0.09493379900835743,0.1241845057874294,-0.05939943594078196,-1.4489550708690864,0.3088234956375947,-0.5473586044840282,-0.8634191936468726,0.5747255282273448,0.22463927751701865,-1.9349408878914445,-1.0019277134282938
ENE_07_6b773,-1.4046827430517448,-0.907376866667568,-0.07612130783885168,-0.5981438937423773,-0.11392101942684378,-0.28684392951586757,1.231785024962376,-0.4608173454158774,0.2085140007903248,2.531698827434507,-0.3792510015423804,0.3334337559002283,0.6964399194496665,0.6982774634788345,1.653410256608479,-1.755643184976986,-0.5837491778712122,-0.15070145375938737,0.19994238042233856,-0.5633750428992752
ENE_08_76dd7,-0.964787734383736,-1.3787286799667118,-0.6230922661778556,0.10076761917393068,-0.21475900329599942,-0.06645149170931763,0.28643811919064127,0.7636332635916888,-2.476926776224859,0.6781148796179739,-0.06998196995026514,0.2298623091049989,1.0138913154624674,-0.8500881860695463,0.6414787893526658,0.051483361057597196,-1.0439758697967603,2.4406247865258903,-0.6100336903396767,-0.735970848009256
ENE_09_82f47,-2.074883427285524,-0.5116559664951539,0.5434720039499747,-0.6180129311519301,0.8304897175253434,-0.834288373145574,-0.24069770265736365,-1.1216655347721425,-0.9299645625595802,-0.19955221163220438,0.011550926479495193,-1.1494907865510147,-0.0677844004512291,1.0994421214562573,0.3283677742224854,0.6760210237292306,-0.17456826954406998,-0.02064059546070722,0.5647044554639912,-1.008633220313129
ENE_10_a6418,-1.9184199301345686,-0.6759644219754127,-0.07781315406228193,-0.0292499977647853,0.8486097728571234,-0.4306948159171818,-0.16308764265964035,-2.6323301378469766,1.225528610837865,0.2551362454950955,-0.011880803506558261,-0.10345639468548856,-0.2943286643212798,-2.11036967285879,-0.2437786666640286,-0.8530521327219862,-0.17038479448799532,-0.741517487147935,-1.3035833141363244,0.00839089611408387
ENE_11_b6eb2,-0.9715690703726894,-0.5700601693436838,-0.28457563710524486,-1.078106187862667,1.354651482957923,-0.7648238251240009,1.2292772136008945,0.10133750057932582,-2.8444574924873622,0.6616556037779242,-0.3816894423826554,-0.36157099015253685,-1.2088042259322433,-0.31458389568672235,1.3282862138039495,0.1792795098663979,0.1580140616161537,-0.5321239267754353,-1.0649177355915507,-0.461237829292846
ENE_12_bf662,-1.749799476249163,-0.5889674739951747,0.1289036862713383,-0.490432320630557,0.5471404656673466,-1.0613894727571056,-1.5791625079203078,0.23392622475271732,-1.2381723141204959,0.36606557896984404,-0.6816817740128035,-0.6034194337129458,-0.5607856122655398,0.1756652318295123,-0.8192712140238216,-0.5265125992460475,0.36509011973355376,2.377850139103921,0.5625614337559297,0.25501135961914845
ENE_13_d269b,-2.086790027637245,-1.05309683634479,-0.23616781700762393,0.1209441077413228,1.2240469157227465,-0.7638793683004127,0.8102104464188377,-1.107693217246515,0.23976304751736718,0.16837670385169723,0.8561522610572315,1.0521547553094521,-1.2196046479600582,-0.4535203555178444,-0.8376357478080232,-1.3708790089419114,-0.2006181773485822,0.43114842232383,0.8916790064008918,-1.3422509571137857
ENE_14_dc481,-1.2737565279569374,-1.4019518484018672,-1.292586700844292,1.3411134311196615,1.1098105746711937,-0.8507533435100242,-0.027421937357511826,-0.7550374762173121,-1.4670881243653136,0.8301042287792146,-0.5575754256131602,-0.7764513449643383,0.10313221475385853,-0.13478590034234536,-1.1687928342006884,-1.308435785805117,1.203419719065076,0.9698582932130275,2.340344725983335,0.7571076071901145
ENE_15_f6fae,-1.8076641825438793,-0.4146652786961518,1.090956899753492,-0.03520615703085921,0.42585628942057624,-1.0794103620910123,-0.9049516973770956,-0.9428323628720434,-0.1461612669311739,-0.28039473302096746,-0.405522795527622,-1.3880293294746928,-0.5055774955204172,0.29200129479299153,-0.10183329849354637,2.1708129123613737,-0.8499571896599593,-2.460368590730995,0.4318834674904318,-0.6281937748562704
ENV_01_0cfd4,-0.0840567414676165,0.3012050965967294,-1.028889031068514,-2.114140573826941,-0.6138147023166387,0.8687654342388029,-1.6847129488564807,0.7001368008417984,1.026974135859301,1.0922160132734013,-0.7099207204810162,0.23888552540574898,1.4596455752919792,0.7733054932895297,-0.9937962409689552,0.07630666875715739,2.7264143480464123,0.48555999998952876,0.6250033788415184,-0.550959502047206
ENV_02_0f9b0,0.9757152815504957,0.39450579892603954,-0.49402012282150704,-0.20911704011083154,-1.3959238855624634,-1.4387296853167326,-0.275239078869365,0.2691568244820491,-0.11671127586942857,-1.0692962446937067,0.9110262410340613,-1.978107224592445,-0.08017794112966724,-1.535653637969919,-0.613733713082782,0.3477641382242807,0.13226934261651996,-1.6319057183728702,-1.735360815946486,-0.6011795400405395
ENV_03_2f819,-0.34912347442007263,1.1986117855911957,0.02554299831293879,-1.122514151582229,-1.7275542750525603,-1.2499175566698897,-0.6839102412880558,-0.6397639444385856,0.5661391108676045,1.9633723970038965,-0.38483585305867263,1.7005682638894901,0.7550415327803512,-0.37731388333983135,-1.4693753735036008,-2.3615577266950094,0.028268041242257663,-0.5595235369787069,-0.9271663685876412,1.7273234126514398
ENV_04_46549,0.6336252811291079,-0.7859281711008717,-0.3752927781226818,-0.455735409015723,-1.7328864136099265,0.21079345368660393,-1.573407650536857,-1.4935695407393776,1.1918683305800484,-0.044112194727053744,-1.3410578934185915,0.44463420320853897,0.29373093780192655,-0.9899373578949402,0.36743769357056744,0.8998207919808799,-0.8605916213217789,-1.3813221426694284,-0.227479802200003,0.4488351178463678
ENV_05_4e2b7,0.31701114858970747,-0.1329715893763155,-1.1649143802220994,-0.7363314742138788,-0.7254765998541735,-0.6729969809128385,-1.4067095649524006,0.4868336699205286,-1.437266223369399,-2.0739280615318383,2.6508068819881085,1.0139357626954513,-1.9119301233989328,0.5466551660853897,2.2563559099872648,0.8543509419638243,-0.5111687726668712,1.8721234148856565,-1.0218627216492393,0.7889879368494085
ENV_06_5bd1c,0.31504846580838985,0.8646977253677933,1.4183976680608423,0.37478927790319844,-0.27204674580892063,-1.213733644977526,-0.594168786368664,0.2641440541958806,-0.24668507952477384,-0.4260871574196098,-2.960598204090942,-1.4177276815524387,0.4872250468552869,0.7869963663698997,-0.1098601760491779,-0.9344894883209515,1.0987383337173267,0.4768969673697827,-1.3190671587500544,0.4439702224799531
ENV_07_6070a,0.8050928670601495,-0.06478942775161263,-0.9911439178394976,0.15843207979619692,-1.22418405624424,0.12537679601324644,2.124321489842321,-0.6429138793676309,0.0706124177815166,-1.8709594245952124,-0.2765192087658021,-0.9271309768500455,1.4707718049131504,1.1501255553801697,0.11551419016237001,0.5094265548659168,-0.4550163555751329,2.50906028948591,1.421818833886561,0.44142586900784864
ENV_08_6c0c3,0.5500128755167215,0.47088539198789114,-0.519521551987123,0.04850301037764751,-0.4630245050735517,-1.7988828806790358,1.4824721613031333,1.178160221652934,-0.3940908100593428,1.3199069493645557,0.7992983266786228,2.0359215002041737,0.4345296517199117,-0.08913447331174572,1.231459572256025,1.609456487937035,-2.3774628372116933,0.29105496516179424,-1.0861906222807969,0.216688626448992
ENV_09_80007,0.07334514541542937,1.0832202176261843,0.25054623574260754,0.3476698847005367,-1.453516783170095,-0.32315039391572187,-1.7466702415754032,-0.040818741579618796,1.036268191554464,0.22638160678917724,0.20830408308720189,0.5216470562174257,-0.5474749522492598,-3.0456859062614714,1.2474555248132486,0.8257916775069657,1.4157971769147129,0.8242406823231628,0.6459832655310663,0.2845479738507514
ENV_10_8f360,-0.060812989055203506,0.07557940206742916,-1.667017522343525,-1.1879650676319728,-0.6249353389468172,-0.844534368870506,0.5877782182468265,-0.2042702555255392,1.6647790225574872,-0.6494229693450133,-0.10055960217147626,-0.7951448811730216,2.312334950719991,0.4716339890393075,0.7657619167188527,0.8230873207357204,-0.24165489301075843,-0.9727359330631444,-0.6761941499866575,1.56234441025135
ENV_11_97928,0.6610280565061948,0.20412507298724042,-0.4719893280027448,0.06868558946975441,-1.0091099081261496,-0.5496448204808869,-0.6633109307044389,-0.09380939661253562,-1.678353351465685,-0.5925044649228769,-0.08075439976285746,-0.8544021313259549,-0.3370072759409579,-0.3222103636162477,0.0006607882876727198,0.7689968530932543,0.7515431212172059,1.7469144610437,-1.0970675643504253,-0.19235373351627605
ENV_12_d933a,0.027343182251662042,0.5027476169458646,0.8406601170668877,-1.0275523340088382,-0.2735128681375746,-0.8582357403170392,-1.5902959965301287,-0.011574250120257049,0.8437126725386254,0.2475881467134811,0.8606068292797303,-0.15385902135782784,0.7473086638547902,0.02861066493494279,0.09944610781703161,-0.3822604678925537,-2.1259931011258137,1.0788647963210751,0.5547507225509968,0.21256841642759236
ENV_13_e223a,0.40640163196512163,-0.3301480758090154,-1.6797681574341616,-0.90326673502059,-1.088307041892436,-0.5510654295624395,-0.9679670242639503,-1.814254606940027,-0.4693446634181128,-1.173704916640477,0.835541791999042,0.8573126630588115,0.3139984706171133,-2.1397246352029806,0.6064703737800263,-1.1394814488823028,0.5787439874568155,-0.3529881013971929,-0.6069466767826445,0.37287035293541115
ENV_14_e4670,0.8673269058519198,-0.5453235127252841,0.010803653279060505,-0.7500156661963502,-0.7363816606290747,-0.9039533809092102,-1.7348382497551866,0.23721935727447935,-1.2945363447143756,-0.8105665301143423,-2.188655943151492,-2.103090688230184,0.41666932824998165,-0.8664507839765893,1.0667590249175984,-1.1670048475347257,-0.03953138740413904,0.11649559988462008,1.0680472142070272,-0.5819626986943778
ENV_15_f1429,0.5252386782746769,0.32102886166366634,0.16016885631828853,-1.5152262654439872,-0.6182180087449987,-1.463158148162128,-1.987445600079522,-0.9267412638217406,0.9768204047282286,-0.015421805766352551,0.5084323020032081,0.20252544656941934,0.39377607652944224,2.0504351532061507,-0.2675686912468035,0.1637941466721232,-0.5739751186433462,0.058613061934581843,-0.6839235977995555,-1.7990920197273317
ENV_16_f8183,0.327974013529329,-0.8564580609905853,-1.2974693540097488,-0.19889701325396694,0.0383758045007736,1.353744275395034,-0.13150022618678367,-0.9241576608689841,0.988354728284578,-1.3707560023065335,0.6201752575600387,0.6679064825647234,0.2084136304202652,1.4737291184743915,0.47752807236252215,0.645717211582929,-0.7716976152797127,1.0612002978469688,0.10137379120248007,-2.1431349908349837
HEA_01_07f11,0.4222555343511283,1.3768782721734572,-0.013868657484479801,-1.165190005085073,1.0442478387241247,-0.3673352205870561,-0.7547734208338327,1.0013323064298019,0.6956247148823731,1.0463414459151514,-0.18988157907484282,-0.8718272728337749,0.10753067196803487,0.782220444719146,-2.002390209463805,-0.4763679151597929,0.34461033661945384,0.298609719730249,-0.9815205087400934,1.069638602921638
HEA_02_0a422,0.4550932962465126,1.6886151113715173,-0.9401876840528657,-2.106576067711251,-0.6819822240173086,-0.9779825513277643,0.07542264044757245,1.268247207297234,0.35878401541430754,-1.2227346842165232,-1.1470532037827779,-0.49440858583560715,-1.3692915675178077,-0.4660033411821448,0.5985316016821915,0.04819879526196684,-0.7729067122390687,0.6026168017851216,0.38915189332287115,0.6360976514828071
HEA_03_12168,0.0040094659462112546,1.201648594648925,-0.09343325865371703,-1.26344092056313,1.61596273965158,1.979397683967728,0.3114625721284513,-0.1660846576023424,-0.4842340656833091,-0.5642126162309553,0.8463183783160971,-0.0791628122758828,-0.14731420485599273,-0.363740021929439,0.36626550539914443,0.47126095649437594,-0.41196935621089076,1.38247471038645,-0.69192671518033,0.49816831421059893
HEA_04_19bb1,0.8317495123580047,1.281224825327806,-0.8188456360513424,-2.0334342347847008,0.47572728048368024,0.37361064369501346,0.9889382739763002,-0.39345124114986474,-0.8533255053551703,1.8882211427648197,1.0624529902858353,-0.6946607315359117,1.1236991672390628,0.3852060068830383,1.9512268109060895,-0.678128727704058,-0.40193664145418256,0.12655895234650427,-0.18210339802336836,0.5384796132225088
HEA_05_65dc0,0.1260778975749196,2.030319870034911,-0.39144641101177724,-0.5526196507870336,2.283661350587709,-0.22303941304976585,0.40513368882654616,-1.6658704031343543,-0.31528143092933325,0.3738775025031668,0.4722162061580427,2.1880195603447308,1.1452926750686292,-0.16871577002422297,0.1923883930528318,-0.4704193334061971,-0.4434175768614789,-0.9721589683704823,-0.9518298278289647,-1.0389415604198666
HEA_06_6bf25,-0.08101914882715043,1.706383403629817,-1.2374204550263819,-1.2006564534979527,0.13170862723448068,0.7635354627099886,2.585239885970409,-1.2036482176730812,0.5693062062009253,-1.303140290602766,-0.0700885393528968,0.4198649249834352,0.6990780946341196,-0.27073433106452127,-1.0869504859326726,0.008357952678655302,-0.26531247224297666,-0.03390143261320438,0.8848396069498473,-1.868717052037377
HEA_07_7822c,-0.08569979947500458,1.5949567341386062,0.2842702316788261,-0.6973548622505433,0.9141712436317527,0.3626624951099299,0.02932188281767434,0.2997584559334625,-1.2548289388535223,-0.5449146858171015,-0.5764253751302716,-0.4365641033948297,0.09759046933908723,1.3423937039274254,-2.545929385686099,0.11611709765275062,0.19082904480870488,-1.8103558825397077,-1.474331434603483,-0.6926815977902216
HEA_08_7c732,-0.032435790723837316,1.9792871373456495,1.4142175101581715,-1.6347428261561237,0.6830783826164148,0.06532222901713933,0.4032086940544651,-0.9067773984650617,-1.6736353421077639,0.5491093311638761,-0.651013933518151,-0.23616801840006335,-0.23073844998283616,1.0232710688413684,-0.250997337476366,0.3210843629846387,0.6264776515975378,-1.1763476441471235,1.689921605574443,1.2372667147525553
HEA_09_8b6f3,0.5019056258132845,1.6797827912154983,-0.2745633059157245,-1.3178906012545224,0.2821994608266356,0.4348503281223625,2.1197157225728778,-0.0048503390805175,-0.11254701369820835,-1.3282484150952025,0.4577139041421384,-1.6412797730571604,-0.648150193941751,-0.7987138034450969,-0.8853029769684532,0.08035485099958535,0.24880553822564203,-0.0422921124706166,1.1337039631475543,0.13167182837106117
HEA_10_95108,0.7880724930135315,0.3940889846464875,0.46238914745066956,-0.4022184762241915,1.5557116699517366,2.0728870348089656,-0.13643793136892257,0.7942734867275509,-0.43726235202473057,1.6721639279179403,0.8651879391823067,-1.1520759296253382,-0.7175716460101575,-0.575697157818372,-0.982771611397993,0.6274520834832952,-0.8195366979872355,0.4832231730616295,0.12057433430108801,0.4247862321860855
HEA_11_a46bf,0.12182533448724599,1.4654128285103403,0.012838442882170573,-0.83996679787169,1.6603180495024812,1.2654407461785357,0.6751632842396941,-1.9295870200942054,-0.7805687843041177,-0.4438241696045409,0.8260379379370706,0.38648222752116207,-1.1985210117792695,-1.0545087709233059,0.32628184179287134,-0.9175950293533903,-0.5632095938130364,0.2357575750788836,-0.45619493117159204,0.5313369715196155
HEA_12_cb742,0.6496636326355337,0.9266379695872732,2.0046743985566,-0.9747272284199225,1.4541077344051851,1.8960140128148695,0.011418517633194972,0.7268293740668476,-0.5662162905428618,-1.4067215147876024,-1.7120884994648726,0.4354816480505209,-1.4931033297987724,-0.383571983270805,0.3792324888435135,-0.5719817537131348,-0.7831484803399932,0.618736672154715,-0.4924803205015595,0.7216667259531908
HEA_13_e6d1e,0.7830451349896069,1.8349009610375664,-0.44149664881628653,-1.260919507525425,1.339649814874554,0.07347676376490635,-0.45511050800234704,-1.1889816291924982,-1.1332744437388769,-0.5993914790553374,0.0007995034608768482,-0.06139831275289715,0.6258177332568478,0.7198909014884154,-1.1266084050808454,1.0993145645818485,0.9445103335923825,1.9705330501649985,-0.6420429905126721,0.12072379314361308
HEA_14_eb0b8,0.1625757240455197,1.4197548270469036,0.36984702325515945,-1.185419815787731,1.0055859379326517,0.9997034071583526,0.3837847395056723,-1.8510213809076534,1.1237709342926614,0.08515866495856976,0.6155311178008687,-0.5030969465600078,1.1045897901507808,0.005539777954122559,0.9467170436153216,0.26213169139291853,-0.16157872968218093,1.6283221900840203,0.8250855161512514,-1.6180460505161092
MAN_01_00138,0.08379038898348498,-0.5987750645447387,1.6767205892495038,-0.06250008213363323,-0.3946499721841447,1.5618428422757882,0.23536268674491526,0.7772980732877178,0.05191731709749448,-0.9535576836226732,1.4593622140065825,1.137725700454295,1.2683343455713565,-1.1612135787721978,-0.5589402234169899,-0.2875702321986686,1.189354954810174,-0.5412973375208395,0.7399218857006411,0.7136256606875527
MAN_02_0bce5,-1.0201315166591918,0.18207881846020105,2.3184111526625735,-0.44450404625021717,-0.26766724017129023,-0.6118031786325221,-1.0080823115053372,1.3424922983071779,0.2662838950244193,-0.2687453301203947,2.365631477475956,2.0336967924435094,-0.19688203727835218,1.3037188535660367,-0.13029726962950156,0.2625432435146618,0.9733693989111574,0.918452033086742,1.3532848412719658,0.04443195293039696
MAN_03_368c1,-2.1635526778285796,-1.229906127622139,1.3043962193745162,0.042196077682253,-0.028896937063827465,0.01542410818821675,0.0804287548072911,-0.486273473711531,0.40349264193942463,-0.62067615215884,-1.0349418162808661,0.12922719319541645,1.4642064740318548,-0.3603739726563795,0.26072158773885196,0.30128167942661327,-0.03671654325156821,1.7316299202408423,-0.06400996493200597,-0.15592191177414785
MAN_04_38948,-1.118751450682622,-0.378514322156558,2.3514066037748993,-0.865618402142486,-0.24678428774963307,-0.24731697026615082,0.4357714279748913,-0.08748012775460892,0.03097307382836892,-0.29917446494854244,-1.283039006943756,0.6994855100239118,-1.651819647204108,-0.14219091025208724,0.98862351292983,2.3432559135659594,1.5279803229883666,-0.5250752331782784,1.5820740018246873,-0.8538112154340447
MAN_05_5144b,-0.1060896942236553,-0.11681717499997381,1.5868185122080782,-0.4576824138487842,-1.7525354328257459,-0.5221984709252367,2.426356353025315,0.921743210471088,0.3194605152316452,-0.6644953618095633,1.8822288461146661,-0.8039162735430871,1.2171998713124423,-0.8015746734261578,-2.030753710594422,1.0980655964789174,-0.33713626513071704,-0.8859679661866036,0.2642904456697116,0.0693156122766166
MAN_06_5a689,-0.9490905637989094,0.9421255432622547,1.99140317870172,-0.5775877675126011,-0.6646301632310925,-1.228719676613608,-0.46931005451423335,-0.020289438804630622,0.42320525317706414,1.647178910414692,-0.23857420018387976,-0.32062899878623763,0.3218959082927237,1.4611757623381,1.4311503004740782,1.6801426367037928,-1.0482154565115798,-0.49880159588728634,1.6547105748145754,-0.07301410676453225
MAN_07_5faab,0.47565322534395393,0.515459492063028,1.3048920415461205,-1.4155886759171452,-0.4800827774015649,-0.8687854981816133,-0.006912539609849445,1.1085680566387432,2.065513023987974,2.387362108489852,0.8164427736227595,-1.1084315096094095,-0.8628704555950288,0.19861412537066764,0.6021624856835309,-1.7570795809466613,0.7351462964670624,0.08326104370502116,0.03208992809874886,-0.00983231055665165
MAN_08_678a7,-0.1386393273371025,-0.7685674965904313,1.6391648474560854,0.19592587463075078,-0.3653098649795081,0.7294763501376167,0.6169964218165844,0.6685398676455255,-0.5471052747507508,-0.49947585431486724,1.7866397378730237,1.420398498619343,0.6084623077975045,-0.241307949774045,-0.850125483003634,0.2580224659262327,2.315810768460711,-0.2505538738232677,0.10132733247686336,0.9887433462114388
MAN_09_678b1,-0.3998156652938336,0.1819528286062986,1.8844992773872342,-0.25678989006891084,-0.566620508312474,0.9716091757100934,0.9252595806317607,0.9256268983299186,0.5687947426889604,-0.4774180360358885,0.3425270577558349,0.722481544999118,2.767096225921662,0.09147478401680074,0.7414762001613014,-0.5942502204581327,2.086518520833824,0.3623420843068946,-0.08131083824782641,0.946590676178657
MAN_10_b0685,0.19764422253710584,-0.3859208527559337,1.4213198497693924,0.4497579274278345,0.40002526810721,1.0449627391778609,-0.4189685599647882,1.0811198085933202,-1.0944977329047145,-2.2430903440362746,-1.4676999159535886,-0.08246066387202525,0.9635856876829934,-0.8791289907337297,-0.20666522994824366,-1.959718271483691,-1.334115736154615,-0.253855504813898,-0.37794595331437575,0.6987682497021984
MAN_11_d7e72,0.39983951625115594,-0.9188431354447092,1.6424070225996623,0.5079737743665501,-0.05395844226500561,0.9406080938787243,0.023131475587236612,1.4912035220384643,-1.8741314977543442,-1.487726768753463,0.40555296379525074,0.39064397991958916,1.4628870804100287,0.08102273955818487,-0.7730878805911606,-2.4629722162630125,-0.9110322765179728,-0.6791799436576713,-0.8551318630313871,-0.4100313062799364
MAN_12_da3b4,-1.7717415708657267,0.1669049418098123,2.2420489175991363,-0.3310259114291841,0.22703350252606544,-0.06608997653289404,-0.6143395742537882,-0.6721241941564589,0.7482993570600028,-1.324807912058241,2.5730027846877963,0.7257695408071726,-0.13766971285871044,0.378183453477126,0.9216292359696608,-1.174737102134401,-0.3774913225077491,-0.41653071152717064,-0.48386706184184536,2.095976455454439
SMA_01_0592f,0.2641146274153252,-0.3487218457982802,-1.1957098195135796,-0.3903898752126837,0.9683416032997428,1.728960948848583,0.07742193016535108,1.8027819124795483,1.7872067877726543,0.9879100259411349,1.1545264359627658,-1.1462884432890381,-1.3156848129115153,0.8517412111104375,1.1405916045382825,-1.152911003115074,1.2626129425813557,-1.0786898970865484,-0.713175179480563,0.14560059391079308
SMA_02_1b70d,0.3745034782348166,-0.8573542081944406,-1.5646539235888424,-0.49070834617064674,0.6473080065147542,1.6441778382127987,0.39739142838163644,1.952729325151158,0.6212955204773667,1.7208420285910901,0.6596876103668401,-0.6223592401522303,0.969703956536416,0.3429011705755761,0.8980703839795402,2.0454960460837524,-0.9303443691270066,0.8728829573657537,-0.5486981231442264,1.3058972389469679
SMA_03_20b1e,0.005489863846732254,-0.48064067131390603,-0.29700577353428376,0.2830775701891331,0.5407203066155276,1.4216943292031177,-0.7028105917221313,0.4496120705368056,0.4232400708129574,0.3113041535136601,-0.014066791644433458,0.04476138768029991,0.3491710765020535,-0.043623020245083716,-0.6467602305913663,1.7175451870458394,-0.8325524938256343,-0.7513730765345431,-0.41220042081407976,0.41148840705655104
SMA_04_28b4e,0.08589264161715289,-1.2205392111000142,0.3745932927505638,-0.4301606375993949,0.007873340039762717,1.6864050891341666,0.9138080720511425,0.34079791279171845,-0.0786518287167814,0.2512902740270586,-1.7674600660735855,1.4561949732128967,-1.8249074006695383,0.09627266658775381,0.8380766160287834,0.14766824343742221,0.6257169255221556,-1.8499737993419778,-0.3746467589856196,-1.8391105418286848
SMA_05_29f8e,0.31537362423940174,-0.24900818296419927,-0.4101314989669603,0.0006515036967227861,0.41878585415496394,1.6303994810239673,-0.8379550969843232,1.2122457392281865,0.1264905031212014,1.1314100950611627,0.47809780035536104,-0.2471572812864753,-0.0758241127587436,-1.1389952490493034,-1.6773800505816618,1.414389002915542,-0.44328770143867546,-0.7823880735996903,0.6253448185266497,-0.16573377183242344
SMA_06_2df5b,-1.4173556246216699,-1.2163883397832322,-0.650650932563836,0.1872263662094059,1.1607624685766587,1.8734323599905103,-0.4184167817858946,-0.7970945519981808,1.8647306246167812,-1.1630011833235183,-0.11008638481853136,-0.36389563001431907,0.02708492430994632,-0.5966233100699907,-0.01583295103524375,0.39363545727231153,-1.4607772795077791,-1.2696486768369302,-0.5571263445645547,1.6656224703635985
SMA_07_57127,-1.6149236165922507,-1.1476054062202221,-1.1172005087620953,-0.3904063131688349,0.37815388825130225,1.757637161202995,-0.010482021409987914,0.7170039355189995,0.3187741228367437,-0.5537009192240037,-1.5212553916019862,0.3967871774720376,-0.6416473367927753,-0.6212906040573687,0.5979540448380506,0.3049404386830957,0.2500732011451578,1.146732171041822,0.3063121049659385,0.7830154023585012
SMA_08_6d7ad,-0.47000625926054157,-1.0444189322638295,-1.533738436467658,-0.632285099789718,-1.004741697380767,1.0100255843995782,-1.9646206738945085,0.1643002185767774,-0.5875591128704714,-0.1095161065971334,-0.41342995762099755,0.8482042257668209,0.39034883034593587,-0.2510686761746643,-0.784255614119721,1.9474316386282755,-0.43160351156789545,-1.3834290494194041,0.5597027085106184,-0.10406474672426397
SMA_09_87975,0.33219904477867607,-0.3652740012063314,0.1470710331514562,-0.7297489817572278,-0.29103722766722523,1.3607136526750743,-1.4113971327359314,1.8299371267386837,-0.21674353746796188,0.7873099011006439,0.8892414474344339,-1.1648637633255103,0.6451030492700514,-1.495361151761794,-1.4968080061598406,-0.9735860547366489,-2.6250926720508194,-1.4050982216354033,0.9561533426414499,-1.2178662018589366
SMA_10_8b8dc,-0.04210487351334704,-0.1962917916740009,-1.2198283999732205,-1.7929500709373667,-1.3244061001827567,1.661752315876199,-1.0740062690792647,1.2155859406101586,0.2117445355233563,-0.1987188446399694,-0.7804916423739341,1.4073340007849984,0.5302860593283951,-1.130494190919986,0.8415977637531661,-0.21679501849507288,0.9948973218384048,-1.05599178958209,1.1520318949157438,-0.39294849670811854
SMA_11_a504b,-1.743365453451531,-1.6720365304897773,-1.3387579833413625,-1.0038807581890152,0.07471330932251725,0.5386568401580111,-0.9453661899997855,0.0992963684173461,0.18082438949948781,-0.7019480590807605,-0.35786956917560864,0.5514756726287553,0.17927155369212538,0.5566738267358048,-0.2729586374364044,-0.6908131969655352,1.107928190363175,-0.9494244350000078,-1.4579041891375502,0.07251976761200336
SMA_12_c6e00,-0.4716766307628036,0.2650100680830563,-0.8114062898066156,-0.4758466977734099,-1.4516015747056192,-0.8320419608440758,0.9634056786156913,2.0850376788892184,0.6254472717206894,-1.067507846938286,-0.047238728928468296,1.0818649657704649,-0.5644378250174983,-0.9555432952719068,-1.0415925185261758,-0.6704215064436116,-0.21008361650000654,0.29317601004216365,-1.2112922118584424,-1.7375281205326774
SMA_13_c9088,-1.337015321678829,-1.087469297599452,-0.5761018747400354,-0.930888366254748,-0.978975549150121,0.004504299176227316,0.4009735442072689,1.102855043479854,1.1892732292451533,-0.9883824814218083,0.026308422124542385,1.1120872026695043,-0.7670842289854088,2.866002131293226,1.0907922249605548,0.7955618264962353,-0.08378631287508888,-1.3810125988568636,0.14182010412064272,-1.4033474550326677
SMA_14_cdb07,-0.7861686665751241,-1.0771773590622393,-0.8459278197429583,-0.35410413402842467,0.00279720509209492,0.16632430151285033,-1.3841331181288457,0.9935378203014056,-0.9853773575667341,-0.12033141788792667,0.012165105387716172,-0.10055001485231067,0.12159717855568561,1.0323563870278027,-1.458182286968225,0.4273790461247644,0.10895464154753295,1.7573318697829186,-0.2459915795070234,-0.42133718309854745
TRA_01_10265,1.00867583727868,-0.19875560406571022,-0.5298292562314518,-1.524949080407878,-1.6773615640679869,0.04928822432776396,0.5850105548844405,-0.5363110105404761,-1.5398889156876048,-0.03858100130490309,-1.2821357941083331,0.36888005584964884,-0.07252106920276957,-0.500766456261343,0.7767068541060425,1.033123255079103,0.9508944817559168,-0.48260748250591745,-0.8474676675417445,1.72072162981015
TRA_02_12fb4,1.6878229181062823,-0.3087665827077559,0.350343635498117,0.25181719488706644,-0.989145569389792,-1.1471032387757512,1.4693013538782644,0.9405206375027293,0.5479585982187619,-1.753003056700183,-0.4123837693377519,0.45939043551137765,-2.7064002989760505,-1.8210229078978128,-0.6842074732418016,0.24597713457441217,0.8052306884699082,-0.1669453765270966,0.586595888762205,0.22726814159100633
TRA_03_21d93,1.2096073696469154,-0.693711783883111,0.2690285526469494,0.31331615498096244,-0.37055642211941825,-0.3059482399722724,-0.11097955481085674,-1.174478793601278,-0.8608957426909691,0.6847293106620637,0.6954160438785008,0.2525577675453902,-1.356507933656936,0.1912708256275878,-0.9289792929916616,0.7319679180570121,-0.7142310341841854,0.9930622444735935,-0.864153966703611,-0.642443796955611
TRA_04_2ad9e,0.8448563811778484,-0.3069902675892369,1.46795491197188,0.0037112394188788768,-0.0879146320614557,-0.1715418885446877,-0.45869176206197354,-2.4924315310857046,2.12126205036666,-0.028352358165042585,-1.2568625607257873,1.0469173583981002,-0.3496009687375092,-0.3143698692414527,-0.0962327854723424,-1.3103872565556487,-1.0020767016893861,1.307302252341018,0.13094446444909405,1.0513627264520067
TRA_05_4f9a6,0.4438353402520707,-1.1967118760188227,1.602565646689853,0.43565138358312155,-0.308246761311139,0.6068226070345714,2.2618099341630895,0.920163313824831,-0.6324032004327161,1.230745368845933,-0.4128439913514105,-0.5606183477981374,0.5500293405400942,-0.623942739773734,0.37023606743274107,0.11318927039986144,0.5706018820664484,1.189775888060681,-2.0296762498663465,-0.6060771768973425
TRA_06_50971,0.9951163833719274,-1.448283023924371,1.7066213047755572,0.007674682444852754,-0.19935721412531474,0.418368622281333,1.1781455681903017,-0.10681947617163524,-1.151157263595333,1.4566791109594694,-0.9658482479360652,0.22602767624579748,-0.28350391598489694,0.22543841808213222,1.6199487638544934,1.5395484489053701,-1.0289292050625063,-0.369540441009749,-0.13305342852770508,1.1979860436215513
TRA_07_669a5,0.9441895001967695,-0.4779715984134442,0.4481230081949633,0.07079364025434265,-0.05063855661202242,0.768223920960796,0.46968016756962677,-0.7883988609502262,1.7904027506874107,0.7967265974682629,0.2389136687018132,-0.8205316063994609,-1.4618327221629415,0.438393598078949,-1.1024359852467274,-0.58547578052142,1.1793174153478092,1.2252940025918018,0.7017002200596629,-1.667637175644005
TRA_08_6d02c,1.3777839239725675,-1.12808123748793,0.36947084144551445,-0.11280238904596102,-0.2518166927251034,0.7677552495475086,0.35665505381872536,-1.3078763873549726,0.5752287434195525,0.41630989337438506,-0.6147870118998976,0.37090180750102897,-1.4147334513721848,1.2764667311991589,-0.47066887683292896,1.2570032585820285,-0.19447122250605867,0.7411980900175791,-0.36233031603584614,-0.8180989875429769
TRA_09_74397,1.4797246923501353,-1.3928796231413747,1.5152445342829415,0.9210404048923878,0.020209000383456525,0.9834347416287454,0.3190838654581967,-0.2651117269608199,0.11218478459853655,-1.1440673373945007,-2.3439880512173263,0.24476912639911844,0.8053827244404658,1.0116082481814166,1.3771228002422742,-0.8611744296266334,-0.4911782641037467,-0.27541155039729465,0.504134605785642,-0.682325054706471
TRA_10_785d6,1.4115291407253465,-1.1713723250757593,0.7390410813397607,0.5384559988972217,-0.30356483990720323,-0.22062724021155114,0.0008506455573462195,-1.0552497496444728,-0.04475347956213447,0.3797222437529912,-0.9284996320049062,-0.0019884874113438402,-1.0581390707730098,0.6198091415236242,0.317831152193816,0.7314622186130197,-0.5653427342471858,-0.7862711856793183,1.1974445281252362,0.134525576948829
TRA_11_7d8bf,1.0386628416729213,-0.8138086533925952,0.2174861273113608,0.42236588383988416,-0.8359819773297957,0.16345140764224042,0.8757692093943795,-0.32278699448799525,0.03027071533442063,-0.5747289909930744,0.3975770765299766,-0.3241387437583154,0.5820415004007691,0.15967985083280456,-1.0360831029916588,0.8290955015138958,-0.3434463284486893,-0.8339876035450258,-0.7051463029739211,-0.6339764275514718
TRA_12_9234f,1.1191693202988278,-0.857054869681368,0.6238662752779474,0.638241655367871,0.0076252393623694355,0.7073238976931048,0.0684544426320352,-0.5525705723006435,-0.3421772143910189,1.1872477953447174,0.7926689488469609,-0.6887108357070468,-0.11431814909900409,-0.13438973355697129,-1.6790148495619446,-0.7576869348304368,-0.7819590721408826,0.4188860994626962,0.8940329580828128,-0.7138295975341532
TRA_13_99007,1.8197790747144613,-0.8871546040841186,-0.10338210244147042,-0.99860641621837,-1.911168302291137,-0.6311632177821858,-0.8790457942474639,-1.2089882501676306,-0.8027599519931495,1.0796139691755313,0.7710996365890306,-0.24392928701741914,0.469472547981121,-0.846304814632806,0.6961104768650436,-0.9891986546743319,-2.1338880731652643,0.015112046366365156,0.9598688358022125,-1.1175956315172495
TRA_14_9c743,1.784296097447882,-1.4293485960616887,-0.04558050584965948,0.07228115706380363,-0.39981577395750845,-0.5218507006638337,-0.5544069628463996,-1.9039071036991604,-0.04818049108799495,0.24314688139793614,0.48222830415801055,0.288897909161643,-0.5984693283844105,0.8355148050120834,-1.904420434523063,0.6516376013955226,1.2640271339128681,0.176819283564964,-0.40586525504743914,1.3662095763581694
TRA_15_a15d9,1.8854019477424337,-1.2819007742346615,-0.5731271638489018,0.8069027135992435,-0.21719668822249671,-0.9129076520967415,0.45168157913723594,-1.7553622912028455,-0.26906389976550976,-0.6641460521428707,0.7126710653364631,0.47602188916985066,1.0027249057931855,1.014512123674731,-0.46664570732280286,0.5174986004879771,0.7167653892477144,0.29405548229224515,-1.114370458610162,1.3710388006037524
TRA_16_aad47,1.4111575476078362,-1.842942540143176,1.0216864240003507,0.5928815750250628,-0.19730798470198385,0.018320427935432825,-0.1166455289645423,-1.0174049093466921,-0.04403436093297859,-0.21861042823436308,1.7810376587744094,1.1747554286205832,-0.9959792601765665,1.3179388893399588,-0.7909132265356055,-1.559317994395837,-0.1456863541128429,-0.017055901667341066,0.7269577320266909,-0.14063885909887486
TRA_17_b751a,1.7595206973938309,-1.851708025014704,-0.7072129426077437,0.21304612647311694,-0.3521245145950607,-0.239668614560228,0.690526732009127,-0.32460515493301184,-0.6629439472690685,1.7619907793586327,0.8520538136430563,-0.8742908157200429,0.17179214812192461,1.1392123017885598,-0.8595659052823227,-1.0997314178518878,1.6436614941518346,-0.6261538863233753,-0.5829251521491071,-0.5113796916847749
